/*
SQLyog Ultimate v10.00 Beta1
MySQL - 5.5.24-log : Database - gtfw
*********************************************************************
*/

/*!40101 SET NAMES utf8 */;

/*!40101 SET SQL_MODE=''*/;

/*!40014 SET @OLD_UNIQUE_CHECKS=@@UNIQUE_CHECKS, UNIQUE_CHECKS=0 */;
/*!40014 SET @OLD_FOREIGN_KEY_CHECKS=@@FOREIGN_KEY_CHECKS, FOREIGN_KEY_CHECKS=0 */;
/*!40101 SET @OLD_SQL_MODE=@@SQL_MODE, SQL_MODE='NO_AUTO_VALUE_ON_ZERO' */;
/*!40111 SET @OLD_SQL_NOTES=@@SQL_NOTES, SQL_NOTES=0 */;
/*Table structure for table `gtfw_aksi` */

DROP TABLE IF EXISTS `gtfw_aksi`;

CREATE TABLE `gtfw_aksi` (
  `aksiId` smallint(6) NOT NULL AUTO_INCREMENT,
  `aksiKode` varchar(20) DEFAULT NULL,
  `aksiLabel` varchar(50) DEFAULT NULL,
  PRIMARY KEY (`aksiId`)
) ENGINE=InnoDB AUTO_INCREMENT=8 DEFAULT CHARSET=latin1;

/*Data for the table `gtfw_aksi` */

insert  into `gtfw_aksi`(`aksiId`,`aksiKode`,`aksiLabel`) values (1,'VIEW','View'),(2,'ADD','Tambah'),(3,'EDIT','Ubah'),(4,'PRINT','Cetak'),(5,'DETIL','Detil'),(6,'DELETE','Delete'),(7,'DOWNLOAD','Unduh');

/*Table structure for table `gtfw_application` */

DROP TABLE IF EXISTS `gtfw_application`;

CREATE TABLE `gtfw_application` (
  `ApplicationId` bigint(20) NOT NULL,
  `ApplicationName` varchar(255) NOT NULL DEFAULT '',
  `ApplicationAddress` varchar(20) NOT NULL DEFAULT '127.0.0.1',
  `Description` text NOT NULL,
  `ApplicationOwner` enum('gt','nonGt') NOT NULL DEFAULT 'gt',
  `ApplicationStatusAktif` enum('Y','T') NOT NULL DEFAULT 'Y',
  PRIMARY KEY (`ApplicationId`),
  UNIQUE KEY `uk_ApplicationName` (`ApplicationName`),
  UNIQUE KEY `token` (`ApplicationId`,`ApplicationAddress`)
) ENGINE=InnoDB DEFAULT CHARSET=latin1;

/*Data for the table `gtfw_application` */

insert  into `gtfw_application`(`ApplicationId`,`ApplicationName`,`ApplicationAddress`,`Description`,`ApplicationOwner`,`ApplicationStatusAktif`) values (100,'gtAdmisi','127.0.0.1','','gt','Y'),(200,'gtAkademik','127.0.0.1','','gt','Y'),(201,'gtPortalAkademik','127.0.0.1','','gt','Y'),(300,'gtSdm','127.0.0.1','','gt','Y'),(301,'gtPortalSDM','127.0.0.1','','gt','Y'),(400,'gtAlumniKarir','127.0.0.1','','gt','Y'),(401,'gtPortalAlumni','127.0.0.1','','gt','Y'),(402,'gtPortalKarir','127.0.0.1','','gt','Y'),(500,'gtFinansi','127.0.0.1','','gt','Y'),(600,'gtAset','127.0.0.1','','gt','Y'),(1200,'mAcademica','192.168.42.54','','gt','Y');

/*Table structure for table `gtfw_config` */

DROP TABLE IF EXISTS `gtfw_config`;

CREATE TABLE `gtfw_config` (
  `configKode` varchar(20) NOT NULL,
  `configName` varchar(50) NOT NULL,
  `configValue` varchar(255) DEFAULT NULL,
  `codeUserId` bigint(20) NOT NULL,
  PRIMARY KEY (`configKode`)
) ENGINE=MEMORY DEFAULT CHARSET=latin1;

/*Data for the table `gtfw_config` */

/*Table structure for table `gtfw_group` */

DROP TABLE IF EXISTS `gtfw_group`;

CREATE TABLE `gtfw_group` (
  `GroupId` bigint(20) NOT NULL AUTO_INCREMENT,
  `GroupName` varchar(255) NOT NULL DEFAULT '',
  `Description` text NOT NULL,
  `UnitappId` bigint(20) DEFAULT NULL,
  PRIMARY KEY (`GroupId`),
  UNIQUE KEY `uk_gtfw_group` (`GroupName`,`UnitappId`),
  KEY `FK_gtfw_group_app` (`UnitappId`),
  CONSTRAINT `gtfw_group_ibfk_1` FOREIGN KEY (`UnitappId`) REFERENCES `gtfw_unit_application` (`unitappId`) ON DELETE CASCADE ON UPDATE CASCADE
) ENGINE=InnoDB AUTO_INCREMENT=64 DEFAULT CHARSET=latin1;

/*Data for the table `gtfw_group` */

insert  into `gtfw_group`(`GroupId`,`GroupName`,`Description`,`UnitappId`) values (1,'nobody','nobody',1),(63,'Administrator Aplikasi','Group Administrator',5);

/*Table structure for table `gtfw_group_menu` */

DROP TABLE IF EXISTS `gtfw_group_menu`;

CREATE TABLE `gtfw_group_menu` (
  `MenuId` bigint(20) unsigned NOT NULL AUTO_INCREMENT,
  `MenuName` varchar(100) NOT NULL DEFAULT '',
  `GroupId` bigint(20) NOT NULL DEFAULT '0',
  `ParentMenuId` bigint(20) unsigned DEFAULT NULL,
  `MenuOrder` tinyint(4) DEFAULT '0',
  `MenuMenuId` int(6) DEFAULT NULL,
  PRIMARY KEY (`MenuId`),
  UNIQUE KEY `uk_gtfw_group_menu` (`MenuName`,`GroupId`,`ParentMenuId`),
  KEY `fk_gtfw_group_menu_GroupId` (`GroupId`),
  KEY `FK_gtfw_group_menu_menu` (`MenuMenuId`),
  CONSTRAINT `fk_gtfw_group_menu_GroupId` FOREIGN KEY (`GroupId`) REFERENCES `gtfw_group` (`GroupId`) ON DELETE CASCADE ON UPDATE CASCADE,
  CONSTRAINT `gtfw_group_menu_ibfk_1` FOREIGN KEY (`MenuMenuId`) REFERENCES `gtfw_menu` (`MenuId`) ON DELETE CASCADE ON UPDATE CASCADE,
  CONSTRAINT `gtfw_group_menu_ibfk_2` FOREIGN KEY (`MenuMenuId`) REFERENCES `gtfw_menu` (`MenuId`) ON DELETE CASCADE ON UPDATE CASCADE
) ENGINE=InnoDB AUTO_INCREMENT=14245 DEFAULT CHARSET=latin1;

/*Data for the table `gtfw_group_menu` */

insert  into `gtfw_group_menu`(`MenuId`,`MenuName`,`GroupId`,`ParentMenuId`,`MenuOrder`,`MenuMenuId`) values (14228,'Manajemen GTFW',63,0,0,211),(14229,'Group',63,14228,0,212),(14230,'User',63,14228,0,213),(14231,'Modul',63,14228,0,214),(14232,'Test',63,14228,0,215),(14233,'Menu',63,14228,0,216);

/*Table structure for table `gtfw_group_module` */

DROP TABLE IF EXISTS `gtfw_group_module`;

CREATE TABLE `gtfw_group_module` (
  `GroupId` bigint(20) NOT NULL DEFAULT '0',
  `ModuleId` bigint(20) unsigned NOT NULL DEFAULT '0',
  PRIMARY KEY (`GroupId`,`ModuleId`),
  KEY `fk_gtfw_group_module_ModuleId` (`ModuleId`),
  CONSTRAINT `fk_gtfw_group_module_GroupId` FOREIGN KEY (`GroupId`) REFERENCES `gtfw_group` (`GroupId`) ON DELETE CASCADE ON UPDATE CASCADE,
  CONSTRAINT `fk_gtfw_group_module_ModuleId` FOREIGN KEY (`ModuleId`) REFERENCES `gtfw_module` (`ModuleId`) ON DELETE CASCADE ON UPDATE CASCADE
) ENGINE=InnoDB DEFAULT CHARSET=latin1;

/*Data for the table `gtfw_group_module` */

insert  into `gtfw_group_module`(`GroupId`,`ModuleId`) values (63,757),(63,1132),(63,1133),(63,1771),(63,1772),(63,1773),(63,1774),(63,1775),(63,1776),(63,1777),(63,1778),(63,1779),(63,1780),(63,1781),(63,1782),(63,1783),(63,1784),(63,1785),(63,1786),(63,1787),(63,1788),(63,1789),(63,1790),(63,1792),(63,1793),(63,1794),(63,1795),(63,1796),(63,1797),(63,1798),(63,1799),(63,1800),(63,1801),(63,1802),(63,1803),(63,1804),(63,1805),(63,1806),(63,1807),(63,1808),(63,1809);

/*Table structure for table `gtfw_log` */

DROP TABLE IF EXISTS `gtfw_log`;

CREATE TABLE `gtfw_log` (
  `gtfwLogId` bigint(20) unsigned NOT NULL AUTO_INCREMENT,
  `gtfwLogUserName` varchar(100) NOT NULL,
  `gtfwLogIp` varchar(50) NOT NULL,
  `gtfwLogLog` text NOT NULL,
  `gtfwLogDate` date NOT NULL,
  `gtfwLogTime` time NOT NULL,
  PRIMARY KEY (`gtfwLogId`)
) ENGINE=MyISAM AUTO_INCREMENT=115 DEFAULT CHARSET=latin1 CHECKSUM=1 DELAY_KEY_WRITE=1 ROW_FORMAT=DYNAMIC;

/*Data for the table `gtfw_log` */

insert  into `gtfw_log`(`gtfwLogId`,`gtfwLogUserName`,`gtfwLogIp`,`gtfwLogLog`,`gtfwLogDate`,`gtfwLogTime`) values (112,'admin','127.0.0.1','Proses Login Sukses','2015-03-05','14:44:29'),(111,'admin','127.0.0.1','Proses Login Sukses','2015-03-05','14:42:21'),(110,'admin','127.0.0.1','Proses Login Sukses','2015-02-23','10:17:06'),(109,'admin','127.0.0.1','Proses Login Sukses','2015-02-20','14:14:37'),(108,'admin','127.0.0.1','Proses Login Sukses','2015-02-20','11:38:10'),(107,'admin','127.0.0.1','Proses Login Sukses','2015-02-20','11:37:36'),(106,'admin','127.0.0.1','Proses Login Sukses','2015-02-20','11:35:25'),(105,'admin','127.0.0.1','Proses Login Sukses','2015-02-20','11:31:23'),(104,'admin','127.0.0.1','Proses Login Sukses','2015-02-20','11:30:18'),(103,'admin','127.0.0.1','Proses Login Sukses','2015-02-20','11:27:47'),(102,'admin','127.0.0.1','Proses Login Sukses','2015-02-20','11:22:31'),(101,'admin','127.0.0.1','Proses Login Sukses','2015-02-20','11:10:20'),(100,'admin','127.0.0.1','Proses Login Sukses','2015-02-20','11:08:17'),(99,'NullSecurity Object','127.0.0.1','Proses Login Sukses','2015-02-20','11:05:46'),(98,'admin','127.0.0.1','Proses Login Sukses','2015-02-20','11:03:50'),(97,'admin','127.0.0.1','Proses Login Sukses','2015-02-20','11:03:43'),(96,'admin','127.0.0.1','Proses Login Sukses','2015-02-20','11:02:42'),(95,'admin','127.0.0.1','Proses Login Sukses','2015-02-20','10:33:56'),(94,'admin','127.0.0.1','Proses Login Sukses','2015-02-20','10:31:25'),(93,'admin','127.0.0.1','Proses Login Gagal','2015-02-20','10:31:21'),(92,'admin','127.0.0.1','Proses Login Sukses','2015-02-20','10:30:34'),(91,'admin','127.0.0.1','Proses Login Sukses','2015-02-20','10:29:19'),(90,'admin','127.0.0.1','Proses Login Sukses','2015-02-20','10:27:09'),(89,'admin','192.168.40.7','Proses Login Sukses','2015-02-18','15:40:43'),(88,'admin','192.168.40.7','Proses Login Sukses','2015-02-18','15:40:11'),(87,'admin','192.168.40.7','Proses Login Sukses','2015-02-18','15:39:34'),(31,'admin','127.0.0.1','Proses Login Sukses','2014-04-15','10:07:54'),(32,'admin','127.0.0.1','Proses Login Sukses','2014-04-15','10:08:48'),(33,'admin','127.0.0.1','Proses Login Sukses','2014-04-23','08:55:20'),(34,'admin','127.0.0.1','Proses Login Sukses','2014-04-23','09:06:48'),(35,'admin','127.0.0.1','Proses Login Gagal','2014-04-23','09:07:00'),(36,'admin','127.0.0.1','Proses Login Gagal','2014-04-23','09:10:03'),(37,'admin','127.0.0.1','Proses Login Sukses','2014-04-23','09:10:36'),(38,'admin','127.0.0.1','Proses Login Sukses','2014-05-02','09:15:56'),(39,'admin','127.0.0.1','Proses Login Sukses','2014-05-16','08:42:34'),(40,'fjdak','127.0.0.1','Proses Login Gagal','2014-05-16','08:42:57'),(41,'dfkja','127.0.0.1','Proses Login Gagal','2014-05-16','08:48:00'),(42,'admin','127.0.0.1','Proses Login Sukses','2014-05-16','08:48:04'),(43,'fjdkaj','127.0.0.1','Proses Login Gagal','2014-05-16','08:48:09'),(44,'admin','127.0.0.1','Proses Login Sukses','2014-05-16','08:48:16'),(45,'admin','127.0.0.1','Proses Login Sukses','2014-05-16','09:03:07'),(46,'admin','127.0.0.1','Proses Login Sukses','2014-05-16','15:31:05'),(47,'admin','127.0.0.1','Proses Login Sukses','2014-05-20','08:57:59'),(48,'admin','192.168.42.247','Proses Login Sukses','2014-05-20','09:24:51'),(49,'admin','192.168.43.15','Proses Login Sukses','2014-05-20','09:24:52'),(50,'admin','192.168.43.15','Proses Login Sukses','2014-05-20','09:25:39'),(51,'admin','127.0.0.1','Proses Login Sukses','2014-05-20','13:06:02'),(52,'admin','127.0.0.1','Proses Login Sukses','2014-05-23','10:42:51'),(53,'admin','127.0.0.1','Proses Login Sukses','2014-05-23','16:24:12'),(54,'admin','127.0.0.1','Proses Login Sukses','2014-05-26','08:45:17'),(55,'admin','127.0.0.1','Proses Login Sukses','2014-05-28','08:56:03'),(56,'admin','127.0.0.1','Proses Login Sukses','2014-05-28','11:33:55'),(57,'admin','127.0.0.1','Proses Login Sukses','2014-05-28','14:58:20'),(58,'admin','127.0.0.1','Proses Login Sukses','2014-05-30','08:29:06'),(59,'admin','127.0.0.1','Proses Login Sukses','2014-06-10','13:01:14'),(60,'admin','127.0.0.1','Proses Login Sukses','2014-06-16','09:29:18'),(61,'admin','127.0.0.1','Proses Login Sukses','2014-06-16','09:37:20'),(62,'admin','127.0.0.1','Proses Login Sukses','2014-06-16','14:19:44'),(63,'admin','127.0.0.1','Proses Login Sukses','2014-06-16','16:22:01'),(64,'admin','127.0.0.1','Proses Login Sukses','2014-06-17','09:51:40'),(65,'admin','127.0.0.1','Proses Login Sukses','2014-06-17','13:15:50'),(66,'admin','127.0.0.1','Proses Login Sukses','2014-06-18','10:42:14'),(67,'admin','127.0.0.1','Proses Login Sukses','2014-06-20','09:18:54'),(68,'admin','127.0.0.1','Proses Login Sukses','2014-06-23','10:55:01'),(69,'admin','127.0.0.1','Proses Login Sukses','2014-06-24','09:05:47'),(70,'admin','127.0.0.1','Proses Login Sukses','2014-11-03','13:55:03'),(71,'admin','127.0.0.1','Proses Login Sukses','2014-11-04','08:59:29'),(72,'admin','127.0.0.1','Proses Login Sukses','2014-11-05','10:19:00'),(73,'admin','127.0.0.1','Proses Login Sukses','2014-11-05','13:17:12'),(74,'admin','127.0.0.1','Proses Login Sukses','2014-11-05','13:20:50'),(75,'admin','127.0.0.1','Proses Login Sukses','2014-11-05','13:23:05'),(76,'admin','127.0.0.1','Proses Login Sukses','2014-11-05','14:21:35'),(77,'admin','127.0.0.1','Proses Login Sukses','2014-11-05','14:27:31'),(78,'ADMIN','127.0.0.1','Proses Login Gagal','2014-11-05','15:42:49'),(79,'admin','127.0.0.1','Proses Login Sukses','2014-11-05','15:42:53'),(80,'admin','127.0.0.1','Proses Login Sukses','2014-11-17','10:44:56'),(81,'admin','127.0.0.1','Proses Login Gagal','2015-01-06','09:37:45'),(82,'admin','127.0.0.1','Proses Login Gagal','2015-01-06','10:49:20'),(83,'admin','127.0.0.1','Proses Login Gagal','2015-01-06','10:50:40'),(84,'admin','127.0.0.1','Proses Login Sukses','2015-01-06','10:51:24'),(85,'admin','127.0.0.1','Proses Login Sukses','2015-02-11','16:02:19'),(86,'admin','127.0.0.1','Proses Login Sukses','2015-02-18','15:32:41'),(113,'admin','127.0.0.1','Proses Login Sukses','2015-03-12','08:09:18'),(114,'admin','127.0.0.1','Proses Login Sukses','2015-03-13','10:24:07');

/*Table structure for table `gtfw_menu` */

DROP TABLE IF EXISTS `gtfw_menu`;

CREATE TABLE `gtfw_menu` (
  `MenuId` int(6) NOT NULL AUTO_INCREMENT,
  `MenuParentId` int(6) DEFAULT NULL,
  `MenuName` varchar(255) DEFAULT NULL,
  `MenuDefaultModuleId` bigint(20) unsigned DEFAULT NULL,
  `IsShow` enum('Yes','No') DEFAULT NULL,
  `IconPath` varchar(255) DEFAULT NULL,
  `MenuOrder` int(11) DEFAULT '0' COMMENT 'Urutan menu',
  `ApplicationId` bigint(11) DEFAULT NULL,
  PRIMARY KEY (`MenuId`),
  KEY `DmMenuParentId` (`MenuParentId`),
  KEY `DmMenuDefaultModuleId` (`MenuDefaultModuleId`),
  KEY `ApplicationId` (`ApplicationId`),
  CONSTRAINT `gtfw_menu_ibfk_1` FOREIGN KEY (`MenuDefaultModuleId`) REFERENCES `gtfw_module` (`ModuleId`) ON DELETE SET NULL ON UPDATE CASCADE
) ENGINE=InnoDB AUTO_INCREMENT=245 DEFAULT CHARSET=latin1;

/*Data for the table `gtfw_menu` */

insert  into `gtfw_menu`(`MenuId`,`MenuParentId`,`MenuName`,`MenuDefaultModuleId`,`IsShow`,`IconPath`,`MenuOrder`,`ApplicationId`) values (211,0,'Manajemen GTFW',757,'Yes','manajemen_gtfw.gif',0,200),(212,211,'Group',1777,'Yes','manajemen_group.gif',1,200),(213,211,'User',1790,'Yes','manajemen_user.gif',2,200),(214,211,'Modul',1132,'Yes','manajemen_modul.gif',3,200),(215,211,'Test',1792,'Yes','',0,200),(216,211,'Menu',1793,'Yes','manajemen_modul.gif',0,200);

/*Table structure for table `gtfw_module` */

DROP TABLE IF EXISTS `gtfw_module`;

CREATE TABLE `gtfw_module` (
  `ModuleId` bigint(20) unsigned NOT NULL AUTO_INCREMENT,
  `Module` varchar(100) NOT NULL DEFAULT '',
  `LabelModule` varchar(100) NOT NULL DEFAULT '',
  `SubModule` varchar(100) NOT NULL DEFAULT '',
  `Action` varchar(100) DEFAULT 'view',
  `Type` varchar(100) DEFAULT 'html',
  `Description` text,
  `Access` enum('All','Exclusive') NOT NULL DEFAULT 'Exclusive',
  `Show` enum('Yes','No') DEFAULT 'No',
  `IconPath` varchar(255) DEFAULT NULL,
  `MenuId` int(6) DEFAULT NULL,
  `ApplicationId` bigint(20) DEFAULT NULL,
  `ModulePath` varchar(255) DEFAULT NULL,
  `AksiId` smallint(6) DEFAULT NULL,
  `LabelAksi` varchar(50) DEFAULT NULL,
  `Hint` varchar(100) DEFAULT NULL,
  `NeedSsl` enum('Yes','No') DEFAULT NULL,
  PRIMARY KEY (`ModuleId`),
  KEY `FK_gtfw_module_application` (`ApplicationId`),
  KEY `FK_gtfw_module_menu` (`MenuId`),
  KEY `FK_gtfw_module_aksi` (`AksiId`),
  CONSTRAINT `FK_gtfw_module_aksi` FOREIGN KEY (`AksiId`) REFERENCES `gtfw_aksi` (`aksiId`) ON UPDATE CASCADE,
  CONSTRAINT `FK_gtfw_module_application` FOREIGN KEY (`ApplicationId`) REFERENCES `gtfw_application` (`ApplicationId`) ON DELETE SET NULL ON UPDATE CASCADE,
  CONSTRAINT `gtfw_module_ibfk_1` FOREIGN KEY (`MenuId`) REFERENCES `gtfw_menu` (`MenuId`) ON DELETE SET NULL ON UPDATE CASCADE
) ENGINE=InnoDB AUTO_INCREMENT=1838 DEFAULT CHARSET=latin1;

/*Data for the table `gtfw_module` */

insert  into `gtfw_module`(`ModuleId`,`Module`,`LabelModule`,`SubModule`,`Action`,`Type`,`Description`,`Access`,`Show`,`IconPath`,`MenuId`,`ApplicationId`,`ModulePath`,`AksiId`,`LabelAksi`,`Hint`,`NeedSsl`) values (747,'combobox','[100] ','combobox','view','html',NULL,'All','No',NULL,NULL,200,NULL,NULL,NULL,NULL,NULL),(748,'confirm','[100] Confirm Component','confirmDelete','do','html',NULL,'All','No',NULL,NULL,200,NULL,NULL,NULL,NULL,NULL),(757,'home','[100] view home','home','view','html',NULL,'All','No',NULL,NULL,200,NULL,NULL,NULL,NULL,NULL),(759,'login_default','[100] do login','login','do','html',NULL,'All','No',NULL,NULL,200,NULL,NULL,NULL,NULL,NULL),(760,'login_default','[100] do logout','logout','do','html',NULL,'All','No',NULL,NULL,200,NULL,NULL,NULL,NULL,NULL),(761,'login_default','[100] do logout','logout','do','json',NULL,'All','No',NULL,NULL,200,NULL,NULL,NULL,NULL,NULL),(762,'login_default','[100] view login','login','view','html',NULL,'All','No',NULL,NULL,200,NULL,NULL,NULL,NULL,NULL),(763,'menu','[100] view menu','menu','view','html',NULL,'All','No',NULL,NULL,200,NULL,NULL,NULL,NULL,NULL),(765,'paging','[100] paging','paging','view','html','','All','No','',NULL,200,NULL,NULL,NULL,NULL,NULL),(766,'profile','[100] do upadate profile','updateProfile','do','html',NULL,'All','No',NULL,NULL,200,NULL,NULL,NULL,NULL,NULL),(767,'profile','[100] do update password','updatePassword','do','html',NULL,'All','No',NULL,NULL,200,NULL,NULL,NULL,NULL,NULL),(768,'profile','[100] do update profile','updateProfile','do','json',NULL,'All','No',NULL,NULL,200,NULL,NULL,NULL,NULL,NULL),(769,'profile','[100] do update password','updatePassword','do','json',NULL,'All','No',NULL,NULL,200,NULL,NULL,NULL,NULL,NULL),(770,'profile','[100] view profile','profile','view','html',NULL,'All','No',NULL,NULL,200,NULL,NULL,NULL,NULL,NULL),(771,'profile','[100] view input profile','inputProfile','view','html',NULL,'All','No',NULL,NULL,200,NULL,NULL,NULL,NULL,NULL),(772,'profile','[100] view update profile','updatePassword','view','html',NULL,'All','No',NULL,NULL,200,NULL,NULL,NULL,NULL,NULL),(773,'tanggal','[100] ','tanggal','view','html',NULL,'All','No',NULL,NULL,200,NULL,NULL,NULL,NULL,NULL),(900,'none','[300] none','none','none','html','1','All','No','',NULL,300,NULL,NULL,NULL,NULL,NULL),(901,'login_default','[300] view login','login','view','html','2','All','No','',NULL,300,NULL,NULL,NULL,NULL,NULL),(902,'login_default','[300] do login','login','do','html','3','All','No','',NULL,300,NULL,NULL,NULL,NULL,NULL),(903,'login_default','[300] do logout','logout','do','html','4','All','No','',NULL,300,NULL,NULL,NULL,NULL,NULL),(904,'home','[300] view home','home','view','html','5','All','No','',NULL,300,NULL,NULL,NULL,NULL,NULL),(906,'menu','[300] view menu','menu','view','html','7','All','No','',NULL,300,NULL,NULL,NULL,NULL,NULL),(907,'paging','[300] paging','paging','view','html','8','All','No','',NULL,300,NULL,NULL,NULL,NULL,NULL),(908,'user','[300] view user','user','view','html','9','Exclusive','No','',NULL,300,NULL,NULL,NULL,NULL,NULL),(909,'user','[300] view input user','inputUser','view','html','10','Exclusive','No','',NULL,300,NULL,NULL,NULL,NULL,NULL),(910,'user','[300] add user','addUser','do','html','11','Exclusive','No','',NULL,300,NULL,NULL,NULL,NULL,NULL),(911,'user','[300] delete user','deleteUser','do','html','12','Exclusive','No','',NULL,300,NULL,NULL,NULL,NULL,NULL),(912,'user','[300] update user','updateUser','do','html','13','Exclusive','No','',NULL,300,NULL,NULL,NULL,NULL,NULL),(913,'group','[300] view group','group','view','html','14','Exclusive','No','',NULL,300,NULL,NULL,NULL,NULL,NULL),(914,'group','[300] view input group','inputGroup','view','html','15','Exclusive','No','',NULL,300,NULL,NULL,NULL,NULL,NULL),(915,'group','[300] add group','addGroup','do','html','16','Exclusive','No','',NULL,300,NULL,NULL,NULL,NULL,NULL),(916,'group','[300] delete group','deleteGroup','do','html','17','Exclusive','No','',NULL,300,NULL,NULL,NULL,NULL,NULL),(917,'group','[300] update group','updateGroup','do','html','18','Exclusive','No','',NULL,300,NULL,NULL,NULL,NULL,NULL),(918,'user','[300] add user','addUser','do','json','19','Exclusive','No','',NULL,300,NULL,NULL,NULL,NULL,NULL),(919,'user','[300] update user','updateUser','do','json','20','Exclusive','No','',NULL,300,NULL,NULL,NULL,NULL,NULL),(920,'user','[300] delete user','deleteUser','do','json','21','Exclusive','No','',NULL,300,NULL,NULL,NULL,NULL,NULL),(921,'group','[300] update group','updateGroup','do','json','22','Exclusive','No','',NULL,300,NULL,NULL,NULL,NULL,NULL),(922,'group','[300] delete group','deleteGroup','do','json','23','Exclusive','No','',NULL,300,NULL,NULL,NULL,NULL,NULL),(923,'group','[300] add group','addGroup','do','json','24','Exclusive','No','',NULL,300,NULL,NULL,NULL,NULL,NULL),(924,'user','[300] reset password','ResetPassword','view','html','30','Exclusive','No','',NULL,300,NULL,NULL,NULL,NULL,NULL),(925,'combobox','[300] ','combobox','view','html','31','All','No',NULL,NULL,300,NULL,NULL,NULL,NULL,NULL),(926,'confirm','[300] Confirm Component','confirmDelete','do','html','90','All','No',NULL,NULL,300,NULL,NULL,NULL,NULL,NULL),(927,'user','[300] update password','UpdatePassword','do','json','245','Exclusive','No','',NULL,300,NULL,NULL,NULL,NULL,NULL),(928,'user','[300] update password','UpdatePassword','do','html','246','Exclusive','No','',NULL,300,NULL,NULL,NULL,NULL,NULL),(929,'user','[300] change password','ChangePassword','view','html','247','Exclusive','No','',NULL,300,NULL,NULL,NULL,NULL,NULL),(930,'login_default','[300] do logout','logout','do','json','483','All','No',NULL,NULL,300,NULL,NULL,NULL,NULL,NULL),(931,'user','[300] combo group','comboGroup','view','html','564','All','No',NULL,NULL,300,NULL,NULL,NULL,NULL,NULL),(932,'profile','[300] view profile','profile','view','html','654','All','No',NULL,NULL,300,NULL,NULL,NULL,NULL,NULL),(933,'profile','[300] view input profile','inputProfile','view','html','655','All','No',NULL,NULL,300,NULL,NULL,NULL,NULL,NULL),(934,'profile','[300] view update profile','updatePassword','view','html','656','All','No',NULL,NULL,300,NULL,NULL,NULL,NULL,NULL),(935,'profile','[300] do upadate profile','updateProfile','do','html','657','All','No',NULL,NULL,300,NULL,NULL,NULL,NULL,NULL),(936,'profile','[300] do update profile','updateProfile','do','json','658','All','No',NULL,NULL,300,NULL,NULL,NULL,NULL,NULL),(937,'profile','[300] do update password','updatePassword','do','html','659','All','No',NULL,NULL,300,NULL,NULL,NULL,NULL,NULL),(938,'profile','[300] do update password','updatePassword','do','json','660','All','No',NULL,NULL,300,NULL,NULL,NULL,NULL,NULL),(939,'tanggal','[300] ','tanggal','view','html','691','All','No',NULL,NULL,300,NULL,NULL,NULL,NULL,NULL),(1132,'gtfw_module','','gtfwModule','view','html',NULL,'Exclusive','No',NULL,214,200,NULL,1,'View',NULL,NULL),(1133,'gtfw_module','','GtfwSubModule','view','html',NULL,'Exclusive','No',NULL,214,200,NULL,1,'View',NULL,NULL),(1258,'navigation','[200] view navigation','navigation','view','html',NULL,'All','No',NULL,NULL,200,NULL,NULL,NULL,NULL,NULL),(1259,'header','[200] view header','header','view','html',NULL,'All','No',NULL,NULL,200,NULL,NULL,NULL,NULL,NULL),(1771,'gtfw_group','[200] Do AddGroup html','AddGroup','Do','html',NULL,'Exclusive','No',NULL,212,200,NULL,2,'Tambah',NULL,NULL),(1772,'gtfw_group','[200] Do AddGroup json','AddGroup','Do','json',NULL,'Exclusive','No',NULL,212,200,NULL,2,'Tambah',NULL,NULL),(1773,'gtfw_group','[200] Do DeleteGroup html','DeleteGroup','Do','html',NULL,'Exclusive','No',NULL,212,200,NULL,6,'Delete',NULL,NULL),(1774,'gtfw_group','[200] Do DeleteGroup json','DeleteGroup','Do','json',NULL,'Exclusive','No',NULL,212,200,NULL,6,'Delete',NULL,NULL),(1775,'gtfw_group','[200] Do UpdateGroup html','UpdateGroup','Do','html',NULL,'Exclusive','No',NULL,212,200,NULL,3,'Ubah',NULL,NULL),(1776,'gtfw_group','[200] Do UpdateGroup json','UpdateGroup','Do','json',NULL,'Exclusive','No',NULL,212,200,NULL,3,'Ubah',NULL,NULL),(1777,'gtfw_group','[200] View Group html','Group','View','html',NULL,'Exclusive','No',NULL,212,200,NULL,1,'View',NULL,NULL),(1778,'gtfw_group','[200] View InputGroup html','InputGroup','View','html',NULL,'Exclusive','No',NULL,212,200,NULL,2,'Tambah',NULL,NULL),(1779,'gtfw_user','[200] Do AddUser html','AddUser','Do','html',NULL,'Exclusive','No',NULL,213,200,NULL,2,'Tambah',NULL,NULL),(1780,'gtfw_user','[200] Do AddUser json','AddUser','Do','json',NULL,'Exclusive','No',NULL,213,200,NULL,2,'Tambah',NULL,NULL),(1781,'gtfw_user','[200] Do DeleteUser html','DeleteUser','Do','html',NULL,'Exclusive','No',NULL,213,200,NULL,6,'Delete',NULL,NULL),(1782,'gtfw_user','[200] Do DeleteUser json','DeleteUser','Do','json',NULL,'Exclusive','No',NULL,213,200,NULL,6,'Delete',NULL,NULL),(1783,'gtfw_user','[200] Do UpdatePassword html','UpdatePassword','Do','html',NULL,'Exclusive','No',NULL,213,200,NULL,3,'Ubah',NULL,NULL),(1784,'gtfw_user','[200] Do UpdatePassword json','UpdatePassword','Do','json',NULL,'Exclusive','No',NULL,213,200,NULL,3,'Ubah',NULL,NULL),(1785,'gtfw_user','[200] Do UpdateUser html','UpdateUser','Do','html',NULL,'Exclusive','No',NULL,213,200,NULL,3,'Ubah',NULL,NULL),(1786,'gtfw_user','[200] Do UpdateUser json','UpdateUser','Do','json',NULL,'Exclusive','No',NULL,213,200,NULL,3,'Ubah',NULL,NULL),(1787,'gtfw_user','[200] View ChangePassword html','ChangePassword','View','html',NULL,'Exclusive','No',NULL,213,200,NULL,3,'Ubah',NULL,NULL),(1788,'gtfw_user','[200] View ComboGroup html','ComboGroup','View','html',NULL,'All','No',NULL,213,200,NULL,1,'View',NULL,NULL),(1789,'gtfw_user','[200] View InputUser html','InputUser','View','html',NULL,'Exclusive','No',NULL,213,200,NULL,2,'Tambah',NULL,NULL),(1790,'gtfw_user','[200] View User html','User','View','html',NULL,'Exclusive','No',NULL,213,200,NULL,1,'View',NULL,NULL),(1791,'menu','view menu','menu','view','json',NULL,'All','No',NULL,NULL,200,NULL,NULL,NULL,NULL,NULL),(1792,'test','[200] View Test html','Test','View','html',NULL,'Exclusive','No',NULL,215,200,NULL,NULL,NULL,NULL,NULL),(1793,'gtfw_menu','[200] View Menu html','Menu','View','html',NULL,'Exclusive','No',NULL,216,200,NULL,NULL,NULL,NULL,NULL),(1794,'gtfw_menu','[200] View Add html','Add','View','html',NULL,'Exclusive','No',NULL,216,200,NULL,NULL,NULL,NULL,NULL),(1795,'gtfw_menu','[200] View Detail html','Detail','View','html',NULL,'Exclusive','No',NULL,216,200,NULL,NULL,NULL,NULL,NULL),(1796,'gtfw_menu','[200] View Update html','Update','View','html',NULL,'Exclusive','No',NULL,216,200,NULL,NULL,NULL,NULL,NULL),(1797,'gtfw_menu','[200] Do Add html','Add','Do','html',NULL,'Exclusive','No',NULL,216,200,NULL,NULL,NULL,NULL,NULL),(1798,'gtfw_menu','[200] Do Update html','Update','Do','html',NULL,'Exclusive','No',NULL,216,200,NULL,NULL,NULL,NULL,NULL),(1799,'gtfw_menu','[200] Do Add json','Add','Do','json',NULL,'Exclusive','No',NULL,216,200,NULL,NULL,NULL,NULL,NULL),(1800,'test','[200] View Excel xls','Excel','View','xls',NULL,'Exclusive','No',NULL,215,200,NULL,NULL,NULL,NULL,NULL),(1801,'test','[200] View Pdfx pdfx','Pdfx','View','pdfx',NULL,'Exclusive','No',NULL,215,200,NULL,NULL,NULL,NULL,NULL),(1802,'test','[200] View Tinymce html','Tinymce','View','html',NULL,'Exclusive','No',NULL,215,200,NULL,NULL,NULL,NULL,NULL),(1803,'test','[200] View ExcelNew xlsx','ExcelNew','View','xlsx',NULL,'Exclusive','No',NULL,215,200,NULL,NULL,NULL,NULL,NULL),(1804,'test','[200] View PdfxTwo pdfx','Pdfx2','View','pdfx',NULL,'All','No',NULL,215,200,NULL,NULL,NULL,NULL,NULL),(1805,'test','[200] View PdfxThree pdfx','Pdfx3','View','pdfx',NULL,'All','No',NULL,215,200,NULL,NULL,NULL,NULL,NULL),(1806,'test','[200] View PdfxFour pdfx','Pdfx4','View','pdfx',NULL,'All','No',NULL,215,200,NULL,NULL,NULL,NULL,NULL),(1807,'test','[200] View PdfxFive pdfx','Pdfx5','View','pdfx',NULL,'All','No',NULL,215,200,NULL,NULL,NULL,NULL,NULL),(1808,'test','[200] View Pdfx65 pdfx','Pdfx65','View','pdfx',NULL,'All','No',NULL,215,200,NULL,NULL,NULL,NULL,NULL),(1809,'test','[200] View Pdfx33 pdfx','Pdfx33','View','pdfx',NULL,'All','No',NULL,215,200,NULL,NULL,NULL,NULL,NULL);

/*Table structure for table `gtfw_module_aksi` */

DROP TABLE IF EXISTS `gtfw_module_aksi`;

CREATE TABLE `gtfw_module_aksi` (
  `moduleaksiModuleId` bigint(20) unsigned DEFAULT NULL,
  `moduleaksiAksiId` smallint(6) DEFAULT NULL,
  KEY `FK_gtfw_module_aksi_aksi` (`moduleaksiAksiId`),
  KEY `FK_gtfw_module_aksi_module` (`moduleaksiModuleId`),
  CONSTRAINT `gtfw_module_aksi_ibfk_1` FOREIGN KEY (`moduleaksiAksiId`) REFERENCES `gtfw_aksi` (`aksiId`) ON DELETE CASCADE ON UPDATE CASCADE,
  CONSTRAINT `gtfw_module_aksi_ibfk_2` FOREIGN KEY (`moduleaksiModuleId`) REFERENCES `gtfw_module` (`ModuleId`) ON DELETE SET NULL ON UPDATE CASCADE
) ENGINE=InnoDB DEFAULT CHARSET=latin1;

/*Data for the table `gtfw_module_aksi` */

/*Table structure for table `gtfw_session_table` */

DROP TABLE IF EXISTS `gtfw_session_table`;

CREATE TABLE `gtfw_session_table` (
  `SessionId` varchar(64) NOT NULL,
  `SessionData` longtext NOT NULL,
  `SessionCTime` timestamp NULL DEFAULT CURRENT_TIMESTAMP,
  PRIMARY KEY (`SessionId`)
) ENGINE=MyISAM DEFAULT CHARSET=latin1;

/*Data for the table `gtfw_session_table` */

insert  into `gtfw_session_table`(`SessionId`,`SessionData`,`SessionCTime`) values ('g1fhlighh920iqhg6u8b68mn15','dGFibGVfZ3Rmd19jb25maWdfYXZhaWxhYmxlfGE6MTp7aTowO2E6MTp7czozNToiVGFibGVzX2luX2d0ZndfcHVibGljIChndGZ3X2NvbmZpZykiO3M6MTE6Imd0ZndfY29uZmlnIjt9fWNoZWNrX2d0ZndfbWVudV90YWJsZXxhOjE6e2k6MDthOjE6e3M6MzM6IlRhYmxlc19pbl9ndGZ3X3B1YmxpYyAoZ3Rmd19tZW51KSI7czo5OiJndGZ3X21lbnUiO319bWVzc2VuZ2VyX3F1ZXVlfHM6MTQ0OiJPOjEyOiJNZXNzYWdlUXVldWUiOjM6e3M6MzE6IgBNZXNzYWdlUXVldWUAbUN1cnJlbnRSZXF1ZXN0SWQiO2k6MTtzOjI4OiIATWVzc2FnZVF1ZXVlAG1OZXh0UmVxdWVzdElkIjtpOjI7czoyMzoiAE1lc3NhZ2VRdWV1ZQBtTWVzc2FnZXMiO2E6MDp7fX0iO3N0YXJ0X2tleXxpOjE0NTk0NDU4ODg7bXVsdF9rZXl8aTo4OTQwOTQzNzk7YWRkX2tleXxpOjE3NTk3MjQ1OTY7aXNfbG9nZ2VkX2lufGI6MDt1c2VybmFtZXxzOjY6Im5vYm9keSI7YWNjZXNzX21vZHVsZXxhOjI6e3M6NjoibW9kdWxlIjtzOjM5OiJ7ImxvZ2luX2RlZmF1bHRsb2dpbnZpZXdodG1sMjAwIjoiNzYyIn0iO3M6NDoidXNlciI7czo4OiIibm9ib2R5IiI7fXNhbHR8aToxNjkyMzc3Nzg7bG9naW5fc2FsdHxpOjE2OTIzNzc3ODtkZXNjcmliZV9ndGZ3X21vZHVsZXxzOjE1NzQ6Ilt7IkZpZWxkIjoiTW9kdWxlSWQiLCJUeXBlIjoiYmlnaW50KDIwKSB1bnNpZ25lZCIsIk51bGwiOiJOTyIsIktleSI6IlBSSSIsIkRlZmF1bHQiOm51bGwsIkV4dHJhIjoiYXV0b19pbmNyZW1lbnQifSx7IkZpZWxkIjoiTW9kdWxlIiwiVHlwZSI6InZhcmNoYXIoMTAwKSIsIk51bGwiOiJOTyIsIktleSI6IiIsIkRlZmF1bHQiOiIiLCJFeHRyYSI6IiJ9LHsiRmllbGQiOiJMYWJlbE1vZHVsZSIsIlR5cGUiOiJ2YXJjaGFyKDEwMCkiLCJOdWxsIjoiTk8iLCJLZXkiOiIiLCJEZWZhdWx0IjoiIiwiRXh0cmEiOiIifSx7IkZpZWxkIjoiU3ViTW9kdWxlIiwiVHlwZSI6InZhcmNoYXIoMTAwKSIsIk51bGwiOiJOTyIsIktleSI6IiIsIkRlZmF1bHQiOiIiLCJFeHRyYSI6IiJ9LHsiRmllbGQiOiJBY3Rpb24iLCJUeXBlIjoidmFyY2hhcigxMDApIiwiTnVsbCI6IllFUyIsIktleSI6IiIsIkRlZmF1bHQiOiJ2aWV3IiwiRXh0cmEiOiIifSx7IkZpZWxkIjoiVHlwZSIsIlR5cGUiOiJ2YXJjaGFyKDEwMCkiLCJOdWxsIjoiWUVTIiwiS2V5IjoiIiwiRGVmYXVsdCI6Imh0bWwiLCJFeHRyYSI6IiJ9LHsiRmllbGQiOiJEZXNjcmlwdGlvbiIsIlR5cGUiOiJ0ZXh0IiwiTnVsbCI6IllFUyIsIktleSI6IiIsIkRlZmF1bHQiOm51bGwsIkV4dHJhIjoiIn0seyJGaWVsZCI6IkFjY2VzcyIsIlR5cGUiOiJlbnVtKCdBbGwnLCdFeGNsdXNpdmUnKSIsIk51bGwiOiJOTyIsIktleSI6IiIsIkRlZmF1bHQiOiJFeGNsdXNpdmUiLCJFeHRyYSI6IiJ9LHsiRmllbGQiOiJTaG93IiwiVHlwZSI6ImVudW0oJ1llcycsJ05vJykiLCJOdWxsIjoiWUVTIiwiS2V5IjoiIiwiRGVmYXVsdCI6Ik5vIiwiRXh0cmEiOiIifSx7IkZpZWxkIjoiSWNvblBhdGgiLCJUeXBlIjoidmFyY2hhcigyNTUpIiwiTnVsbCI6IllFUyIsIktleSI6IiIsIkRlZmF1bHQiOm51bGwsIkV4dHJhIjoiIn0seyJGaWVsZCI6Ik1lbnVJZCIsIlR5cGUiOiJpbnQoNikiLCJOdWxsIjoiWUVTIiwiS2V5IjoiTVVMIiwiRGVmYXVsdCI6bnVsbCwiRXh0cmEiOiIifSx7IkZpZWxkIjoiQXBwbGljYXRpb25JZCIsIlR5cGUiOiJiaWdpbnQoMjApIiwiTnVsbCI6IllFUyIsIktleSI6Ik1VTCIsIkRlZmF1bHQiOm51bGwsIkV4dHJhIjoiIn0seyJGaWVsZCI6Ik1vZHVsZVBhdGgiLCJUeXBlIjoidmFyY2hhcigyNTUpIiwiTnVsbCI6IllFUyIsIktleSI6IiIsIkRlZmF1bHQiOm51bGwsIkV4dHJhIjoiIn0seyJGaWVsZCI6IkFrc2lJZCIsIlR5cGUiOiJzbWFsbGludCg2KSIsIk51bGwiOiJZRVMiLCJLZXkiOiJNVUwiLCJEZWZhdWx0IjpudWxsLCJFeHRyYSI6IiJ9LHsiRmllbGQiOiJMYWJlbEFrc2kiLCJUeXBlIjoidmFyY2hhcig1MCkiLCJOdWxsIjoiWUVTIiwiS2V5IjoiIiwiRGVmYXVsdCI6bnVsbCwiRXh0cmEiOiIifSx7IkZpZWxkIjoiSGludCIsIlR5cGUiOiJ2YXJjaGFyKDEwMCkiLCJOdWxsIjoiWUVTIiwiS2V5IjoiIiwiRGVmYXVsdCI6bnVsbCwiRXh0cmEiOiIifSx7IkZpZWxkIjoiTmVlZFNzbCIsIlR5cGUiOiJlbnVtKCdZZXMnLCdObycpIiwiTnVsbCI6IllFUyIsIktleSI6IiIsIkRlZmF1bHQiOm51bGwsIkV4dHJhIjoiIn1dIjs=','2014-03-28 16:02:57'),('u61bd30r05pk21voobnkb5sfn1','aXNfbG9nZ2VkX2lufGI6MDt1c2VybmFtZXxzOjY6Im5vYm9keSI7YWNjZXNzX21vZHVsZXxhOjI6e3M6NjoibW9kdWxlIjtzOjM5OiJ7ImxvZ2luX2RlZmF1bHRsb2dpbnZpZXdodG1sMjAwIjoiNzYyIn0iO3M6NDoidXNlciI7czo4OiIibm9ib2R5IiI7fXNhbHR8aToxNTM5NTY4NTQzO2xvZ2luX3NhbHR8aToxNTM5NTY4NTQzO2Rlc2NyaWJlX2d0ZndfbW9kdWxlfHM6MTU3NDoiW3siRmllbGQiOiJNb2R1bGVJZCIsIlR5cGUiOiJiaWdpbnQoMjApIHVuc2lnbmVkIiwiTnVsbCI6Ik5PIiwiS2V5IjoiUFJJIiwiRGVmYXVsdCI6bnVsbCwiRXh0cmEiOiJhdXRvX2luY3JlbWVudCJ9LHsiRmllbGQiOiJNb2R1bGUiLCJUeXBlIjoidmFyY2hhcigxMDApIiwiTnVsbCI6Ik5PIiwiS2V5IjoiIiwiRGVmYXVsdCI6IiIsIkV4dHJhIjoiIn0seyJGaWVsZCI6IkxhYmVsTW9kdWxlIiwiVHlwZSI6InZhcmNoYXIoMTAwKSIsIk51bGwiOiJOTyIsIktleSI6IiIsIkRlZmF1bHQiOiIiLCJFeHRyYSI6IiJ9LHsiRmllbGQiOiJTdWJNb2R1bGUiLCJUeXBlIjoidmFyY2hhcigxMDApIiwiTnVsbCI6Ik5PIiwiS2V5IjoiIiwiRGVmYXVsdCI6IiIsIkV4dHJhIjoiIn0seyJGaWVsZCI6IkFjdGlvbiIsIlR5cGUiOiJ2YXJjaGFyKDEwMCkiLCJOdWxsIjoiWUVTIiwiS2V5IjoiIiwiRGVmYXVsdCI6InZpZXciLCJFeHRyYSI6IiJ9LHsiRmllbGQiOiJUeXBlIiwiVHlwZSI6InZhcmNoYXIoMTAwKSIsIk51bGwiOiJZRVMiLCJLZXkiOiIiLCJEZWZhdWx0IjoiaHRtbCIsIkV4dHJhIjoiIn0seyJGaWVsZCI6IkRlc2NyaXB0aW9uIiwiVHlwZSI6InRleHQiLCJOdWxsIjoiWUVTIiwiS2V5IjoiIiwiRGVmYXVsdCI6bnVsbCwiRXh0cmEiOiIifSx7IkZpZWxkIjoiQWNjZXNzIiwiVHlwZSI6ImVudW0oJ0FsbCcsJ0V4Y2x1c2l2ZScpIiwiTnVsbCI6Ik5PIiwiS2V5IjoiIiwiRGVmYXVsdCI6IkV4Y2x1c2l2ZSIsIkV4dHJhIjoiIn0seyJGaWVsZCI6IlNob3ciLCJUeXBlIjoiZW51bSgnWWVzJywnTm8nKSIsIk51bGwiOiJZRVMiLCJLZXkiOiIiLCJEZWZhdWx0IjoiTm8iLCJFeHRyYSI6IiJ9LHsiRmllbGQiOiJJY29uUGF0aCIsIlR5cGUiOiJ2YXJjaGFyKDI1NSkiLCJOdWxsIjoiWUVTIiwiS2V5IjoiIiwiRGVmYXVsdCI6bnVsbCwiRXh0cmEiOiIifSx7IkZpZWxkIjoiTWVudUlkIiwiVHlwZSI6ImludCg2KSIsIk51bGwiOiJZRVMiLCJLZXkiOiJNVUwiLCJEZWZhdWx0IjpudWxsLCJFeHRyYSI6IiJ9LHsiRmllbGQiOiJBcHBsaWNhdGlvbklkIiwiVHlwZSI6ImJpZ2ludCgyMCkiLCJOdWxsIjoiWUVTIiwiS2V5IjoiTVVMIiwiRGVmYXVsdCI6bnVsbCwiRXh0cmEiOiIifSx7IkZpZWxkIjoiTW9kdWxlUGF0aCIsIlR5cGUiOiJ2YXJjaGFyKDI1NSkiLCJOdWxsIjoiWUVTIiwiS2V5IjoiIiwiRGVmYXVsdCI6bnVsbCwiRXh0cmEiOiIifSx7IkZpZWxkIjoiQWtzaUlkIiwiVHlwZSI6InNtYWxsaW50KDYpIiwiTnVsbCI6IllFUyIsIktleSI6Ik1VTCIsIkRlZmF1bHQiOm51bGwsIkV4dHJhIjoiIn0seyJGaWVsZCI6IkxhYmVsQWtzaSIsIlR5cGUiOiJ2YXJjaGFyKDUwKSIsIk51bGwiOiJZRVMiLCJLZXkiOiIiLCJEZWZhdWx0IjpudWxsLCJFeHRyYSI6IiJ9LHsiRmllbGQiOiJIaW50IiwiVHlwZSI6InZhcmNoYXIoMTAwKSIsIk51bGwiOiJZRVMiLCJLZXkiOiIiLCJEZWZhdWx0IjpudWxsLCJFeHRyYSI6IiJ9LHsiRmllbGQiOiJOZWVkU3NsIiwiVHlwZSI6ImVudW0oJ1llcycsJ05vJykiLCJOdWxsIjoiWUVTIiwiS2V5IjoiIiwiRGVmYXVsdCI6bnVsbCwiRXh0cmEiOiIifV0iO21lc3Nlbmdlcl9xdWV1ZXxzOjE0NDoiTzoxMjoiTWVzc2FnZVF1ZXVlIjozOntzOjMxOiIATWVzc2FnZVF1ZXVlAG1DdXJyZW50UmVxdWVzdElkIjtpOjE7czoyODoiAE1lc3NhZ2VRdWV1ZQBtTmV4dFJlcXVlc3RJZCI7aToyO3M6MjM6IgBNZXNzYWdlUXVldWUAbU1lc3NhZ2VzIjthOjA6e319Ijs=','2014-03-28 16:06:41'),('02g9tl7v7i35sr3u7tlh1qjga6','aXNfbG9nZ2VkX2lufGI6MDt1c2VybmFtZXxzOjU6ImFkbWluIjthY2Nlc3NfbW9kdWxlfGE6Mjp7czo2OiJtb2R1bGUiO3M6Mzc6InsibG9naW5fZGVmYXVsdGxvZ2luZG9odG1sMjAwIjoiNzU5In0iO3M6NDoidXNlciI7czo4OiIibm9ib2R5IiI7fXNhbHR8aTo3NjU5NzUwODI7YWt0aXZlX3VzZXJfZ3JvdXBfaWR8czoyOiI2MyI7bWVzc2VuZ2VyX3F1ZXVlfHM6MTQ0OiJPOjEyOiJNZXNzYWdlUXVldWUiOjM6e3M6MzE6IgBNZXNzYWdlUXVldWUAbUN1cnJlbnRSZXF1ZXN0SWQiO2k6MTtzOjI4OiIATWVzc2FnZVF1ZXVlAG1OZXh0UmVxdWVzdElkIjtpOjI7czoyMzoiAE1lc3NhZ2VRdWV1ZQBtTWVzc2FnZXMiO2E6MDp7fX0iOw==','2014-03-28 16:06:45'),('7hs79o8jm0a43labdbg46o2cp7','aXNfbG9nZ2VkX2lufGI6MDt1c2VybmFtZXxzOjY6Im5vYm9keSI7YWNjZXNzX21vZHVsZXxhOjI6e3M6NjoibW9kdWxlIjtzOjM5OiJ7ImxvZ2luX2RlZmF1bHRsb2dpbnZpZXdodG1sMjAwIjoiNzYyIn0iO3M6NDoidXNlciI7czo4OiIibm9ib2R5IiI7fXNhbHR8aToxODgwNTM1MzkxO2xvZ2luX3NhbHR8aToxODgwNTM1MzkxO2Rlc2NyaWJlX2d0ZndfbW9kdWxlfHM6MTU3NDoiW3siRmllbGQiOiJNb2R1bGVJZCIsIlR5cGUiOiJiaWdpbnQoMjApIHVuc2lnbmVkIiwiTnVsbCI6Ik5PIiwiS2V5IjoiUFJJIiwiRGVmYXVsdCI6bnVsbCwiRXh0cmEiOiJhdXRvX2luY3JlbWVudCJ9LHsiRmllbGQiOiJNb2R1bGUiLCJUeXBlIjoidmFyY2hhcigxMDApIiwiTnVsbCI6Ik5PIiwiS2V5IjoiIiwiRGVmYXVsdCI6IiIsIkV4dHJhIjoiIn0seyJGaWVsZCI6IkxhYmVsTW9kdWxlIiwiVHlwZSI6InZhcmNoYXIoMTAwKSIsIk51bGwiOiJOTyIsIktleSI6IiIsIkRlZmF1bHQiOiIiLCJFeHRyYSI6IiJ9LHsiRmllbGQiOiJTdWJNb2R1bGUiLCJUeXBlIjoidmFyY2hhcigxMDApIiwiTnVsbCI6Ik5PIiwiS2V5IjoiIiwiRGVmYXVsdCI6IiIsIkV4dHJhIjoiIn0seyJGaWVsZCI6IkFjdGlvbiIsIlR5cGUiOiJ2YXJjaGFyKDEwMCkiLCJOdWxsIjoiWUVTIiwiS2V5IjoiIiwiRGVmYXVsdCI6InZpZXciLCJFeHRyYSI6IiJ9LHsiRmllbGQiOiJUeXBlIiwiVHlwZSI6InZhcmNoYXIoMTAwKSIsIk51bGwiOiJZRVMiLCJLZXkiOiIiLCJEZWZhdWx0IjoiaHRtbCIsIkV4dHJhIjoiIn0seyJGaWVsZCI6IkRlc2NyaXB0aW9uIiwiVHlwZSI6InRleHQiLCJOdWxsIjoiWUVTIiwiS2V5IjoiIiwiRGVmYXVsdCI6bnVsbCwiRXh0cmEiOiIifSx7IkZpZWxkIjoiQWNjZXNzIiwiVHlwZSI6ImVudW0oJ0FsbCcsJ0V4Y2x1c2l2ZScpIiwiTnVsbCI6Ik5PIiwiS2V5IjoiIiwiRGVmYXVsdCI6IkV4Y2x1c2l2ZSIsIkV4dHJhIjoiIn0seyJGaWVsZCI6IlNob3ciLCJUeXBlIjoiZW51bSgnWWVzJywnTm8nKSIsIk51bGwiOiJZRVMiLCJLZXkiOiIiLCJEZWZhdWx0IjoiTm8iLCJFeHRyYSI6IiJ9LHsiRmllbGQiOiJJY29uUGF0aCIsIlR5cGUiOiJ2YXJjaGFyKDI1NSkiLCJOdWxsIjoiWUVTIiwiS2V5IjoiIiwiRGVmYXVsdCI6bnVsbCwiRXh0cmEiOiIifSx7IkZpZWxkIjoiTWVudUlkIiwiVHlwZSI6ImludCg2KSIsIk51bGwiOiJZRVMiLCJLZXkiOiJNVUwiLCJEZWZhdWx0IjpudWxsLCJFeHRyYSI6IiJ9LHsiRmllbGQiOiJBcHBsaWNhdGlvbklkIiwiVHlwZSI6ImJpZ2ludCgyMCkiLCJOdWxsIjoiWUVTIiwiS2V5IjoiTVVMIiwiRGVmYXVsdCI6bnVsbCwiRXh0cmEiOiIifSx7IkZpZWxkIjoiTW9kdWxlUGF0aCIsIlR5cGUiOiJ2YXJjaGFyKDI1NSkiLCJOdWxsIjoiWUVTIiwiS2V5IjoiIiwiRGVmYXVsdCI6bnVsbCwiRXh0cmEiOiIifSx7IkZpZWxkIjoiQWtzaUlkIiwiVHlwZSI6InNtYWxsaW50KDYpIiwiTnVsbCI6IllFUyIsIktleSI6Ik1VTCIsIkRlZmF1bHQiOm51bGwsIkV4dHJhIjoiIn0seyJGaWVsZCI6IkxhYmVsQWtzaSIsIlR5cGUiOiJ2YXJjaGFyKDUwKSIsIk51bGwiOiJZRVMiLCJLZXkiOiIiLCJEZWZhdWx0IjpudWxsLCJFeHRyYSI6IiJ9LHsiRmllbGQiOiJIaW50IiwiVHlwZSI6InZhcmNoYXIoMTAwKSIsIk51bGwiOiJZRVMiLCJLZXkiOiIiLCJEZWZhdWx0IjpudWxsLCJFeHRyYSI6IiJ9LHsiRmllbGQiOiJOZWVkU3NsIiwiVHlwZSI6ImVudW0oJ1llcycsJ05vJykiLCJOdWxsIjoiWUVTIiwiS2V5IjoiIiwiRGVmYXVsdCI6bnVsbCwiRXh0cmEiOiIifV0iO21lc3Nlbmdlcl9xdWV1ZXxzOjE0NDoiTzoxMjoiTWVzc2FnZVF1ZXVlIjozOntzOjMxOiIATWVzc2FnZVF1ZXVlAG1DdXJyZW50UmVxdWVzdElkIjtpOjE7czoyODoiAE1lc3NhZ2VRdWV1ZQBtTmV4dFJlcXVlc3RJZCI7aToyO3M6MjM6IgBNZXNzYWdlUXVldWUAbU1lc3NhZ2VzIjthOjA6e319Ijs=','2014-03-28 16:06:45'),('ru4rpnavjfo1e8bup8c45e46t7','aXNfbG9nZ2VkX2lufGI6MDt1c2VybmFtZXxzOjY6Im5vYm9keSI7YWNjZXNzX21vZHVsZXxhOjI6e3M6NjoibW9kdWxlIjtzOjM5OiJ7ImxvZ2luX2RlZmF1bHRsb2dpbnZpZXdodG1sMjAwIjoiNzYyIn0iO3M6NDoidXNlciI7czo4OiIibm9ib2R5IiI7fXNhbHR8aToxODUwMzE0MDAyO2xvZ2luX3NhbHR8aToxODUwMzE0MDAyO2Rlc2NyaWJlX2d0ZndfbW9kdWxlfHM6MTU3NDoiW3siRmllbGQiOiJNb2R1bGVJZCIsIlR5cGUiOiJiaWdpbnQoMjApIHVuc2lnbmVkIiwiTnVsbCI6Ik5PIiwiS2V5IjoiUFJJIiwiRGVmYXVsdCI6bnVsbCwiRXh0cmEiOiJhdXRvX2luY3JlbWVudCJ9LHsiRmllbGQiOiJNb2R1bGUiLCJUeXBlIjoidmFyY2hhcigxMDApIiwiTnVsbCI6Ik5PIiwiS2V5IjoiIiwiRGVmYXVsdCI6IiIsIkV4dHJhIjoiIn0seyJGaWVsZCI6IkxhYmVsTW9kdWxlIiwiVHlwZSI6InZhcmNoYXIoMTAwKSIsIk51bGwiOiJOTyIsIktleSI6IiIsIkRlZmF1bHQiOiIiLCJFeHRyYSI6IiJ9LHsiRmllbGQiOiJTdWJNb2R1bGUiLCJUeXBlIjoidmFyY2hhcigxMDApIiwiTnVsbCI6Ik5PIiwiS2V5IjoiIiwiRGVmYXVsdCI6IiIsIkV4dHJhIjoiIn0seyJGaWVsZCI6IkFjdGlvbiIsIlR5cGUiOiJ2YXJjaGFyKDEwMCkiLCJOdWxsIjoiWUVTIiwiS2V5IjoiIiwiRGVmYXVsdCI6InZpZXciLCJFeHRyYSI6IiJ9LHsiRmllbGQiOiJUeXBlIiwiVHlwZSI6InZhcmNoYXIoMTAwKSIsIk51bGwiOiJZRVMiLCJLZXkiOiIiLCJEZWZhdWx0IjoiaHRtbCIsIkV4dHJhIjoiIn0seyJGaWVsZCI6IkRlc2NyaXB0aW9uIiwiVHlwZSI6InRleHQiLCJOdWxsIjoiWUVTIiwiS2V5IjoiIiwiRGVmYXVsdCI6bnVsbCwiRXh0cmEiOiIifSx7IkZpZWxkIjoiQWNjZXNzIiwiVHlwZSI6ImVudW0oJ0FsbCcsJ0V4Y2x1c2l2ZScpIiwiTnVsbCI6Ik5PIiwiS2V5IjoiIiwiRGVmYXVsdCI6IkV4Y2x1c2l2ZSIsIkV4dHJhIjoiIn0seyJGaWVsZCI6IlNob3ciLCJUeXBlIjoiZW51bSgnWWVzJywnTm8nKSIsIk51bGwiOiJZRVMiLCJLZXkiOiIiLCJEZWZhdWx0IjoiTm8iLCJFeHRyYSI6IiJ9LHsiRmllbGQiOiJJY29uUGF0aCIsIlR5cGUiOiJ2YXJjaGFyKDI1NSkiLCJOdWxsIjoiWUVTIiwiS2V5IjoiIiwiRGVmYXVsdCI6bnVsbCwiRXh0cmEiOiIifSx7IkZpZWxkIjoiTWVudUlkIiwiVHlwZSI6ImludCg2KSIsIk51bGwiOiJZRVMiLCJLZXkiOiJNVUwiLCJEZWZhdWx0IjpudWxsLCJFeHRyYSI6IiJ9LHsiRmllbGQiOiJBcHBsaWNhdGlvbklkIiwiVHlwZSI6ImJpZ2ludCgyMCkiLCJOdWxsIjoiWUVTIiwiS2V5IjoiTVVMIiwiRGVmYXVsdCI6bnVsbCwiRXh0cmEiOiIifSx7IkZpZWxkIjoiTW9kdWxlUGF0aCIsIlR5cGUiOiJ2YXJjaGFyKDI1NSkiLCJOdWxsIjoiWUVTIiwiS2V5IjoiIiwiRGVmYXVsdCI6bnVsbCwiRXh0cmEiOiIifSx7IkZpZWxkIjoiQWtzaUlkIiwiVHlwZSI6InNtYWxsaW50KDYpIiwiTnVsbCI6IllFUyIsIktleSI6Ik1VTCIsIkRlZmF1bHQiOm51bGwsIkV4dHJhIjoiIn0seyJGaWVsZCI6IkxhYmVsQWtzaSIsIlR5cGUiOiJ2YXJjaGFyKDUwKSIsIk51bGwiOiJZRVMiLCJLZXkiOiIiLCJEZWZhdWx0IjpudWxsLCJFeHRyYSI6IiJ9LHsiRmllbGQiOiJIaW50IiwiVHlwZSI6InZhcmNoYXIoMTAwKSIsIk51bGwiOiJZRVMiLCJLZXkiOiIiLCJEZWZhdWx0IjpudWxsLCJFeHRyYSI6IiJ9LHsiRmllbGQiOiJOZWVkU3NsIiwiVHlwZSI6ImVudW0oJ1llcycsJ05vJykiLCJOdWxsIjoiWUVTIiwiS2V5IjoiIiwiRGVmYXVsdCI6bnVsbCwiRXh0cmEiOiIifV0iO21lc3Nlbmdlcl9xdWV1ZXxzOjE0NDoiTzoxMjoiTWVzc2FnZVF1ZXVlIjozOntzOjMxOiIATWVzc2FnZVF1ZXVlAG1DdXJyZW50UmVxdWVzdElkIjtpOjE7czoyODoiAE1lc3NhZ2VRdWV1ZQBtTmV4dFJlcXVlc3RJZCI7aToyO3M6MjM6IgBNZXNzYWdlUXVldWUAbU1lc3NhZ2VzIjthOjA6e319Ijs=','2014-03-28 16:09:22'),('e7dc9be76v1bvg7rgfth1jifp2','aXNfbG9nZ2VkX2lufGI6MDt1c2VybmFtZXxzOjU6ImFkbWluIjthY2Nlc3NfbW9kdWxlfGE6Mjp7czo2OiJtb2R1bGUiO3M6Mzc6InsibG9naW5fZGVmYXVsdGxvZ2luZG9odG1sMjAwIjoiNzU5In0iO3M6NDoidXNlciI7czo4OiIibm9ib2R5IiI7fXNhbHR8aToxMTU5MzYyNjQ3O2FrdGl2ZV91c2VyX2dyb3VwX2lkfHM6MjoiNjMiO21lc3Nlbmdlcl9xdWV1ZXxzOjE0NDoiTzoxMjoiTWVzc2FnZVF1ZXVlIjozOntzOjMxOiIATWVzc2FnZVF1ZXVlAG1DdXJyZW50UmVxdWVzdElkIjtpOjE7czoyODoiAE1lc3NhZ2VRdWV1ZQBtTmV4dFJlcXVlc3RJZCI7aToyO3M6MjM6IgBNZXNzYWdlUXVldWUAbU1lc3NhZ2VzIjthOjA6e319Ijs=','2014-03-28 16:09:36'),('p4hcjn02ecevrm3u8v3e0a7ch4','aXNfbG9nZ2VkX2lufGI6MDt1c2VybmFtZXxzOjY6Im5vYm9keSI7YWNjZXNzX21vZHVsZXxhOjI6e3M6NjoibW9kdWxlIjtzOjM5OiJ7ImxvZ2luX2RlZmF1bHRsb2dpbnZpZXdodG1sMjAwIjoiNzYyIn0iO3M6NDoidXNlciI7czo4OiIibm9ib2R5IiI7fXNhbHR8aToxOTI1NTc3MzY4O2xvZ2luX3NhbHR8aToxOTI1NTc3MzY4O2Rlc2NyaWJlX2d0ZndfbW9kdWxlfHM6MTU3NDoiW3siRmllbGQiOiJNb2R1bGVJZCIsIlR5cGUiOiJiaWdpbnQoMjApIHVuc2lnbmVkIiwiTnVsbCI6Ik5PIiwiS2V5IjoiUFJJIiwiRGVmYXVsdCI6bnVsbCwiRXh0cmEiOiJhdXRvX2luY3JlbWVudCJ9LHsiRmllbGQiOiJNb2R1bGUiLCJUeXBlIjoidmFyY2hhcigxMDApIiwiTnVsbCI6Ik5PIiwiS2V5IjoiIiwiRGVmYXVsdCI6IiIsIkV4dHJhIjoiIn0seyJGaWVsZCI6IkxhYmVsTW9kdWxlIiwiVHlwZSI6InZhcmNoYXIoMTAwKSIsIk51bGwiOiJOTyIsIktleSI6IiIsIkRlZmF1bHQiOiIiLCJFeHRyYSI6IiJ9LHsiRmllbGQiOiJTdWJNb2R1bGUiLCJUeXBlIjoidmFyY2hhcigxMDApIiwiTnVsbCI6Ik5PIiwiS2V5IjoiIiwiRGVmYXVsdCI6IiIsIkV4dHJhIjoiIn0seyJGaWVsZCI6IkFjdGlvbiIsIlR5cGUiOiJ2YXJjaGFyKDEwMCkiLCJOdWxsIjoiWUVTIiwiS2V5IjoiIiwiRGVmYXVsdCI6InZpZXciLCJFeHRyYSI6IiJ9LHsiRmllbGQiOiJUeXBlIiwiVHlwZSI6InZhcmNoYXIoMTAwKSIsIk51bGwiOiJZRVMiLCJLZXkiOiIiLCJEZWZhdWx0IjoiaHRtbCIsIkV4dHJhIjoiIn0seyJGaWVsZCI6IkRlc2NyaXB0aW9uIiwiVHlwZSI6InRleHQiLCJOdWxsIjoiWUVTIiwiS2V5IjoiIiwiRGVmYXVsdCI6bnVsbCwiRXh0cmEiOiIifSx7IkZpZWxkIjoiQWNjZXNzIiwiVHlwZSI6ImVudW0oJ0FsbCcsJ0V4Y2x1c2l2ZScpIiwiTnVsbCI6Ik5PIiwiS2V5IjoiIiwiRGVmYXVsdCI6IkV4Y2x1c2l2ZSIsIkV4dHJhIjoiIn0seyJGaWVsZCI6IlNob3ciLCJUeXBlIjoiZW51bSgnWWVzJywnTm8nKSIsIk51bGwiOiJZRVMiLCJLZXkiOiIiLCJEZWZhdWx0IjoiTm8iLCJFeHRyYSI6IiJ9LHsiRmllbGQiOiJJY29uUGF0aCIsIlR5cGUiOiJ2YXJjaGFyKDI1NSkiLCJOdWxsIjoiWUVTIiwiS2V5IjoiIiwiRGVmYXVsdCI6bnVsbCwiRXh0cmEiOiIifSx7IkZpZWxkIjoiTWVudUlkIiwiVHlwZSI6ImludCg2KSIsIk51bGwiOiJZRVMiLCJLZXkiOiJNVUwiLCJEZWZhdWx0IjpudWxsLCJFeHRyYSI6IiJ9LHsiRmllbGQiOiJBcHBsaWNhdGlvbklkIiwiVHlwZSI6ImJpZ2ludCgyMCkiLCJOdWxsIjoiWUVTIiwiS2V5IjoiTVVMIiwiRGVmYXVsdCI6bnVsbCwiRXh0cmEiOiIifSx7IkZpZWxkIjoiTW9kdWxlUGF0aCIsIlR5cGUiOiJ2YXJjaGFyKDI1NSkiLCJOdWxsIjoiWUVTIiwiS2V5IjoiIiwiRGVmYXVsdCI6bnVsbCwiRXh0cmEiOiIifSx7IkZpZWxkIjoiQWtzaUlkIiwiVHlwZSI6InNtYWxsaW50KDYpIiwiTnVsbCI6IllFUyIsIktleSI6Ik1VTCIsIkRlZmF1bHQiOm51bGwsIkV4dHJhIjoiIn0seyJGaWVsZCI6IkxhYmVsQWtzaSIsIlR5cGUiOiJ2YXJjaGFyKDUwKSIsIk51bGwiOiJZRVMiLCJLZXkiOiIiLCJEZWZhdWx0IjpudWxsLCJFeHRyYSI6IiJ9LHsiRmllbGQiOiJIaW50IiwiVHlwZSI6InZhcmNoYXIoMTAwKSIsIk51bGwiOiJZRVMiLCJLZXkiOiIiLCJEZWZhdWx0IjpudWxsLCJFeHRyYSI6IiJ9LHsiRmllbGQiOiJOZWVkU3NsIiwiVHlwZSI6ImVudW0oJ1llcycsJ05vJykiLCJOdWxsIjoiWUVTIiwiS2V5IjoiIiwiRGVmYXVsdCI6bnVsbCwiRXh0cmEiOiIifV0iO21lc3Nlbmdlcl9xdWV1ZXxzOjE0NDoiTzoxMjoiTWVzc2FnZVF1ZXVlIjozOntzOjMxOiIATWVzc2FnZVF1ZXVlAG1DdXJyZW50UmVxdWVzdElkIjtpOjE7czoyODoiAE1lc3NhZ2VRdWV1ZQBtTmV4dFJlcXVlc3RJZCI7aToyO3M6MjM6IgBNZXNzYWdlUXVldWUAbU1lc3NhZ2VzIjthOjA6e319Ijs=','2014-03-28 16:09:36'),('o7t30heousinrqrtvscmhf5ih0','aXNfbG9nZ2VkX2lufGI6MDt1c2VybmFtZXxzOjY6Im5vYm9keSI7YWNjZXNzX21vZHVsZXxhOjI6e3M6NjoibW9kdWxlIjtzOjM5OiJ7ImxvZ2luX2RlZmF1bHRsb2dpbnZpZXdodG1sMjAwIjoiNzYyIn0iO3M6NDoidXNlciI7czo4OiIibm9ib2R5IiI7fXNhbHR8aToxNjM0Njg1OTYwO2xvZ2luX3NhbHR8aToxNjM0Njg1OTYwO2Rlc2NyaWJlX2d0ZndfbW9kdWxlfHM6MTU3NDoiW3siRmllbGQiOiJNb2R1bGVJZCIsIlR5cGUiOiJiaWdpbnQoMjApIHVuc2lnbmVkIiwiTnVsbCI6Ik5PIiwiS2V5IjoiUFJJIiwiRGVmYXVsdCI6bnVsbCwiRXh0cmEiOiJhdXRvX2luY3JlbWVudCJ9LHsiRmllbGQiOiJNb2R1bGUiLCJUeXBlIjoidmFyY2hhcigxMDApIiwiTnVsbCI6Ik5PIiwiS2V5IjoiIiwiRGVmYXVsdCI6IiIsIkV4dHJhIjoiIn0seyJGaWVsZCI6IkxhYmVsTW9kdWxlIiwiVHlwZSI6InZhcmNoYXIoMTAwKSIsIk51bGwiOiJOTyIsIktleSI6IiIsIkRlZmF1bHQiOiIiLCJFeHRyYSI6IiJ9LHsiRmllbGQiOiJTdWJNb2R1bGUiLCJUeXBlIjoidmFyY2hhcigxMDApIiwiTnVsbCI6Ik5PIiwiS2V5IjoiIiwiRGVmYXVsdCI6IiIsIkV4dHJhIjoiIn0seyJGaWVsZCI6IkFjdGlvbiIsIlR5cGUiOiJ2YXJjaGFyKDEwMCkiLCJOdWxsIjoiWUVTIiwiS2V5IjoiIiwiRGVmYXVsdCI6InZpZXciLCJFeHRyYSI6IiJ9LHsiRmllbGQiOiJUeXBlIiwiVHlwZSI6InZhcmNoYXIoMTAwKSIsIk51bGwiOiJZRVMiLCJLZXkiOiIiLCJEZWZhdWx0IjoiaHRtbCIsIkV4dHJhIjoiIn0seyJGaWVsZCI6IkRlc2NyaXB0aW9uIiwiVHlwZSI6InRleHQiLCJOdWxsIjoiWUVTIiwiS2V5IjoiIiwiRGVmYXVsdCI6bnVsbCwiRXh0cmEiOiIifSx7IkZpZWxkIjoiQWNjZXNzIiwiVHlwZSI6ImVudW0oJ0FsbCcsJ0V4Y2x1c2l2ZScpIiwiTnVsbCI6Ik5PIiwiS2V5IjoiIiwiRGVmYXVsdCI6IkV4Y2x1c2l2ZSIsIkV4dHJhIjoiIn0seyJGaWVsZCI6IlNob3ciLCJUeXBlIjoiZW51bSgnWWVzJywnTm8nKSIsIk51bGwiOiJZRVMiLCJLZXkiOiIiLCJEZWZhdWx0IjoiTm8iLCJFeHRyYSI6IiJ9LHsiRmllbGQiOiJJY29uUGF0aCIsIlR5cGUiOiJ2YXJjaGFyKDI1NSkiLCJOdWxsIjoiWUVTIiwiS2V5IjoiIiwiRGVmYXVsdCI6bnVsbCwiRXh0cmEiOiIifSx7IkZpZWxkIjoiTWVudUlkIiwiVHlwZSI6ImludCg2KSIsIk51bGwiOiJZRVMiLCJLZXkiOiJNVUwiLCJEZWZhdWx0IjpudWxsLCJFeHRyYSI6IiJ9LHsiRmllbGQiOiJBcHBsaWNhdGlvbklkIiwiVHlwZSI6ImJpZ2ludCgyMCkiLCJOdWxsIjoiWUVTIiwiS2V5IjoiTVVMIiwiRGVmYXVsdCI6bnVsbCwiRXh0cmEiOiIifSx7IkZpZWxkIjoiTW9kdWxlUGF0aCIsIlR5cGUiOiJ2YXJjaGFyKDI1NSkiLCJOdWxsIjoiWUVTIiwiS2V5IjoiIiwiRGVmYXVsdCI6bnVsbCwiRXh0cmEiOiIifSx7IkZpZWxkIjoiQWtzaUlkIiwiVHlwZSI6InNtYWxsaW50KDYpIiwiTnVsbCI6IllFUyIsIktleSI6Ik1VTCIsIkRlZmF1bHQiOm51bGwsIkV4dHJhIjoiIn0seyJGaWVsZCI6IkxhYmVsQWtzaSIsIlR5cGUiOiJ2YXJjaGFyKDUwKSIsIk51bGwiOiJZRVMiLCJLZXkiOiIiLCJEZWZhdWx0IjpudWxsLCJFeHRyYSI6IiJ9LHsiRmllbGQiOiJIaW50IiwiVHlwZSI6InZhcmNoYXIoMTAwKSIsIk51bGwiOiJZRVMiLCJLZXkiOiIiLCJEZWZhdWx0IjpudWxsLCJFeHRyYSI6IiJ9LHsiRmllbGQiOiJOZWVkU3NsIiwiVHlwZSI6ImVudW0oJ1llcycsJ05vJykiLCJOdWxsIjoiWUVTIiwiS2V5IjoiIiwiRGVmYXVsdCI6bnVsbCwiRXh0cmEiOiIifV0iO21lc3Nlbmdlcl9xdWV1ZXxzOjE0NDoiTzoxMjoiTWVzc2FnZVF1ZXVlIjozOntzOjMxOiIATWVzc2FnZVF1ZXVlAG1DdXJyZW50UmVxdWVzdElkIjtpOjE7czoyODoiAE1lc3NhZ2VRdWV1ZQBtTmV4dFJlcXVlc3RJZCI7aToyO3M6MjM6IgBNZXNzYWdlUXVldWUAbU1lc3NhZ2VzIjthOjA6e319Ijs=','2014-03-28 16:10:22'),('ns9hq4tfcr9jl9q1a2auvv9gs6','aXNfbG9nZ2VkX2lufGI6MDt1c2VybmFtZXxzOjY6Im5vYm9keSI7YWNjZXNzX21vZHVsZXxhOjI6e3M6NjoibW9kdWxlIjtzOjM5OiJ7ImxvZ2luX2RlZmF1bHRsb2dpbnZpZXdodG1sMjAwIjoiNzYyIn0iO3M6NDoidXNlciI7czo4OiIibm9ib2R5IiI7fXNhbHR8aTo4NTI1MDM1MDQ7bG9naW5fc2FsdHxpOjg1MjUwMzUwNDtkZXNjcmliZV9ndGZ3X21vZHVsZXxzOjE1NzQ6Ilt7IkZpZWxkIjoiTW9kdWxlSWQiLCJUeXBlIjoiYmlnaW50KDIwKSB1bnNpZ25lZCIsIk51bGwiOiJOTyIsIktleSI6IlBSSSIsIkRlZmF1bHQiOm51bGwsIkV4dHJhIjoiYXV0b19pbmNyZW1lbnQifSx7IkZpZWxkIjoiTW9kdWxlIiwiVHlwZSI6InZhcmNoYXIoMTAwKSIsIk51bGwiOiJOTyIsIktleSI6IiIsIkRlZmF1bHQiOiIiLCJFeHRyYSI6IiJ9LHsiRmllbGQiOiJMYWJlbE1vZHVsZSIsIlR5cGUiOiJ2YXJjaGFyKDEwMCkiLCJOdWxsIjoiTk8iLCJLZXkiOiIiLCJEZWZhdWx0IjoiIiwiRXh0cmEiOiIifSx7IkZpZWxkIjoiU3ViTW9kdWxlIiwiVHlwZSI6InZhcmNoYXIoMTAwKSIsIk51bGwiOiJOTyIsIktleSI6IiIsIkRlZmF1bHQiOiIiLCJFeHRyYSI6IiJ9LHsiRmllbGQiOiJBY3Rpb24iLCJUeXBlIjoidmFyY2hhcigxMDApIiwiTnVsbCI6IllFUyIsIktleSI6IiIsIkRlZmF1bHQiOiJ2aWV3IiwiRXh0cmEiOiIifSx7IkZpZWxkIjoiVHlwZSIsIlR5cGUiOiJ2YXJjaGFyKDEwMCkiLCJOdWxsIjoiWUVTIiwiS2V5IjoiIiwiRGVmYXVsdCI6Imh0bWwiLCJFeHRyYSI6IiJ9LHsiRmllbGQiOiJEZXNjcmlwdGlvbiIsIlR5cGUiOiJ0ZXh0IiwiTnVsbCI6IllFUyIsIktleSI6IiIsIkRlZmF1bHQiOm51bGwsIkV4dHJhIjoiIn0seyJGaWVsZCI6IkFjY2VzcyIsIlR5cGUiOiJlbnVtKCdBbGwnLCdFeGNsdXNpdmUnKSIsIk51bGwiOiJOTyIsIktleSI6IiIsIkRlZmF1bHQiOiJFeGNsdXNpdmUiLCJFeHRyYSI6IiJ9LHsiRmllbGQiOiJTaG93IiwiVHlwZSI6ImVudW0oJ1llcycsJ05vJykiLCJOdWxsIjoiWUVTIiwiS2V5IjoiIiwiRGVmYXVsdCI6Ik5vIiwiRXh0cmEiOiIifSx7IkZpZWxkIjoiSWNvblBhdGgiLCJUeXBlIjoidmFyY2hhcigyNTUpIiwiTnVsbCI6IllFUyIsIktleSI6IiIsIkRlZmF1bHQiOm51bGwsIkV4dHJhIjoiIn0seyJGaWVsZCI6Ik1lbnVJZCIsIlR5cGUiOiJpbnQoNikiLCJOdWxsIjoiWUVTIiwiS2V5IjoiTVVMIiwiRGVmYXVsdCI6bnVsbCwiRXh0cmEiOiIifSx7IkZpZWxkIjoiQXBwbGljYXRpb25JZCIsIlR5cGUiOiJiaWdpbnQoMjApIiwiTnVsbCI6IllFUyIsIktleSI6Ik1VTCIsIkRlZmF1bHQiOm51bGwsIkV4dHJhIjoiIn0seyJGaWVsZCI6Ik1vZHVsZVBhdGgiLCJUeXBlIjoidmFyY2hhcigyNTUpIiwiTnVsbCI6IllFUyIsIktleSI6IiIsIkRlZmF1bHQiOm51bGwsIkV4dHJhIjoiIn0seyJGaWVsZCI6IkFrc2lJZCIsIlR5cGUiOiJzbWFsbGludCg2KSIsIk51bGwiOiJZRVMiLCJLZXkiOiJNVUwiLCJEZWZhdWx0IjpudWxsLCJFeHRyYSI6IiJ9LHsiRmllbGQiOiJMYWJlbEFrc2kiLCJUeXBlIjoidmFyY2hhcig1MCkiLCJOdWxsIjoiWUVTIiwiS2V5IjoiIiwiRGVmYXVsdCI6bnVsbCwiRXh0cmEiOiIifSx7IkZpZWxkIjoiSGludCIsIlR5cGUiOiJ2YXJjaGFyKDEwMCkiLCJOdWxsIjoiWUVTIiwiS2V5IjoiIiwiRGVmYXVsdCI6bnVsbCwiRXh0cmEiOiIifSx7IkZpZWxkIjoiTmVlZFNzbCIsIlR5cGUiOiJlbnVtKCdZZXMnLCdObycpIiwiTnVsbCI6IllFUyIsIktleSI6IiIsIkRlZmF1bHQiOm51bGwsIkV4dHJhIjoiIn1dIjttZXNzZW5nZXJfcXVldWV8czoxNDQ6Ik86MTI6Ik1lc3NhZ2VRdWV1ZSI6Mzp7czozMToiAE1lc3NhZ2VRdWV1ZQBtQ3VycmVudFJlcXVlc3RJZCI7aToxO3M6Mjg6IgBNZXNzYWdlUXVldWUAbU5leHRSZXF1ZXN0SWQiO2k6MjtzOjIzOiIATWVzc2FnZVF1ZXVlAG1NZXNzYWdlcyI7YTowOnt9fSI7','2014-03-28 16:10:22'),('4fln01o46qj62gq2mvtf1dnjr3','aXNfbG9nZ2VkX2lufGI6MDt1c2VybmFtZXxzOjY6Im5vYm9keSI7YWNjZXNzX21vZHVsZXxhOjI6e3M6NjoibW9kdWxlIjtzOjM5OiJ7ImxvZ2luX2RlZmF1bHRsb2dpbnZpZXdodG1sMjAwIjoiNzYyIn0iO3M6NDoidXNlciI7czo4OiIibm9ib2R5IiI7fXNhbHR8aTo2NDMwNDY4MTM7bG9naW5fc2FsdHxpOjY0MzA0NjgxMztkZXNjcmliZV9ndGZ3X21vZHVsZXxzOjE1NzQ6Ilt7IkZpZWxkIjoiTW9kdWxlSWQiLCJUeXBlIjoiYmlnaW50KDIwKSB1bnNpZ25lZCIsIk51bGwiOiJOTyIsIktleSI6IlBSSSIsIkRlZmF1bHQiOm51bGwsIkV4dHJhIjoiYXV0b19pbmNyZW1lbnQifSx7IkZpZWxkIjoiTW9kdWxlIiwiVHlwZSI6InZhcmNoYXIoMTAwKSIsIk51bGwiOiJOTyIsIktleSI6IiIsIkRlZmF1bHQiOiIiLCJFeHRyYSI6IiJ9LHsiRmllbGQiOiJMYWJlbE1vZHVsZSIsIlR5cGUiOiJ2YXJjaGFyKDEwMCkiLCJOdWxsIjoiTk8iLCJLZXkiOiIiLCJEZWZhdWx0IjoiIiwiRXh0cmEiOiIifSx7IkZpZWxkIjoiU3ViTW9kdWxlIiwiVHlwZSI6InZhcmNoYXIoMTAwKSIsIk51bGwiOiJOTyIsIktleSI6IiIsIkRlZmF1bHQiOiIiLCJFeHRyYSI6IiJ9LHsiRmllbGQiOiJBY3Rpb24iLCJUeXBlIjoidmFyY2hhcigxMDApIiwiTnVsbCI6IllFUyIsIktleSI6IiIsIkRlZmF1bHQiOiJ2aWV3IiwiRXh0cmEiOiIifSx7IkZpZWxkIjoiVHlwZSIsIlR5cGUiOiJ2YXJjaGFyKDEwMCkiLCJOdWxsIjoiWUVTIiwiS2V5IjoiIiwiRGVmYXVsdCI6Imh0bWwiLCJFeHRyYSI6IiJ9LHsiRmllbGQiOiJEZXNjcmlwdGlvbiIsIlR5cGUiOiJ0ZXh0IiwiTnVsbCI6IllFUyIsIktleSI6IiIsIkRlZmF1bHQiOm51bGwsIkV4dHJhIjoiIn0seyJGaWVsZCI6IkFjY2VzcyIsIlR5cGUiOiJlbnVtKCdBbGwnLCdFeGNsdXNpdmUnKSIsIk51bGwiOiJOTyIsIktleSI6IiIsIkRlZmF1bHQiOiJFeGNsdXNpdmUiLCJFeHRyYSI6IiJ9LHsiRmllbGQiOiJTaG93IiwiVHlwZSI6ImVudW0oJ1llcycsJ05vJykiLCJOdWxsIjoiWUVTIiwiS2V5IjoiIiwiRGVmYXVsdCI6Ik5vIiwiRXh0cmEiOiIifSx7IkZpZWxkIjoiSWNvblBhdGgiLCJUeXBlIjoidmFyY2hhcigyNTUpIiwiTnVsbCI6IllFUyIsIktleSI6IiIsIkRlZmF1bHQiOm51bGwsIkV4dHJhIjoiIn0seyJGaWVsZCI6Ik1lbnVJZCIsIlR5cGUiOiJpbnQoNikiLCJOdWxsIjoiWUVTIiwiS2V5IjoiTVVMIiwiRGVmYXVsdCI6bnVsbCwiRXh0cmEiOiIifSx7IkZpZWxkIjoiQXBwbGljYXRpb25JZCIsIlR5cGUiOiJiaWdpbnQoMjApIiwiTnVsbCI6IllFUyIsIktleSI6Ik1VTCIsIkRlZmF1bHQiOm51bGwsIkV4dHJhIjoiIn0seyJGaWVsZCI6Ik1vZHVsZVBhdGgiLCJUeXBlIjoidmFyY2hhcigyNTUpIiwiTnVsbCI6IllFUyIsIktleSI6IiIsIkRlZmF1bHQiOm51bGwsIkV4dHJhIjoiIn0seyJGaWVsZCI6IkFrc2lJZCIsIlR5cGUiOiJzbWFsbGludCg2KSIsIk51bGwiOiJZRVMiLCJLZXkiOiJNVUwiLCJEZWZhdWx0IjpudWxsLCJFeHRyYSI6IiJ9LHsiRmllbGQiOiJMYWJlbEFrc2kiLCJUeXBlIjoidmFyY2hhcig1MCkiLCJOdWxsIjoiWUVTIiwiS2V5IjoiIiwiRGVmYXVsdCI6bnVsbCwiRXh0cmEiOiIifSx7IkZpZWxkIjoiSGludCIsIlR5cGUiOiJ2YXJjaGFyKDEwMCkiLCJOdWxsIjoiWUVTIiwiS2V5IjoiIiwiRGVmYXVsdCI6bnVsbCwiRXh0cmEiOiIifSx7IkZpZWxkIjoiTmVlZFNzbCIsIlR5cGUiOiJlbnVtKCdZZXMnLCdObycpIiwiTnVsbCI6IllFUyIsIktleSI6IiIsIkRlZmF1bHQiOm51bGwsIkV4dHJhIjoiIn1dIjttZXNzZW5nZXJfcXVldWV8czoxNDQ6Ik86MTI6Ik1lc3NhZ2VRdWV1ZSI6Mzp7czozMToiAE1lc3NhZ2VRdWV1ZQBtQ3VycmVudFJlcXVlc3RJZCI7aToxO3M6Mjg6IgBNZXNzYWdlUXVldWUAbU5leHRSZXF1ZXN0SWQiO2k6MjtzOjIzOiIATWVzc2FnZVF1ZXVlAG1NZXNzYWdlcyI7YTowOnt9fSI7','2014-03-28 16:10:24'),('4le4jq153ikiu48vedmoj2oe31','aXNfbG9nZ2VkX2lufGI6MDt1c2VybmFtZXxzOjU6ImFkbWluIjthY2Nlc3NfbW9kdWxlfGE6Mjp7czo2OiJtb2R1bGUiO3M6Mzc6InsibG9naW5fZGVmYXVsdGxvZ2luZG9odG1sMjAwIjoiNzU5In0iO3M6NDoidXNlciI7czo4OiIibm9ib2R5IiI7fXNhbHR8aToxNTk0ODgxMjU0O2FrdGl2ZV91c2VyX2dyb3VwX2lkfHM6MjoiNjMiO21lc3Nlbmdlcl9xdWV1ZXxzOjE0NDoiTzoxMjoiTWVzc2FnZVF1ZXVlIjozOntzOjMxOiIATWVzc2FnZVF1ZXVlAG1DdXJyZW50UmVxdWVzdElkIjtpOjE7czoyODoiAE1lc3NhZ2VRdWV1ZQBtTmV4dFJlcXVlc3RJZCI7aToyO3M6MjM6IgBNZXNzYWdlUXVldWUAbU1lc3NhZ2VzIjthOjA6e319Ijs=','2014-03-28 16:10:28'),('d09kdr09dak4bqd8r5pamb0kq7','aXNfbG9nZ2VkX2lufGI6MDt1c2VybmFtZXxzOjY6Im5vYm9keSI7YWNjZXNzX21vZHVsZXxhOjI6e3M6NjoibW9kdWxlIjtzOjM5OiJ7ImxvZ2luX2RlZmF1bHRsb2dpbnZpZXdodG1sMjAwIjoiNzYyIn0iO3M6NDoidXNlciI7czo4OiIibm9ib2R5IiI7fXNhbHR8aToxMTU0MTM0OTM1O2xvZ2luX3NhbHR8aToxMTU0MTM0OTM1O2Rlc2NyaWJlX2d0ZndfbW9kdWxlfHM6MTU3NDoiW3siRmllbGQiOiJNb2R1bGVJZCIsIlR5cGUiOiJiaWdpbnQoMjApIHVuc2lnbmVkIiwiTnVsbCI6Ik5PIiwiS2V5IjoiUFJJIiwiRGVmYXVsdCI6bnVsbCwiRXh0cmEiOiJhdXRvX2luY3JlbWVudCJ9LHsiRmllbGQiOiJNb2R1bGUiLCJUeXBlIjoidmFyY2hhcigxMDApIiwiTnVsbCI6Ik5PIiwiS2V5IjoiIiwiRGVmYXVsdCI6IiIsIkV4dHJhIjoiIn0seyJGaWVsZCI6IkxhYmVsTW9kdWxlIiwiVHlwZSI6InZhcmNoYXIoMTAwKSIsIk51bGwiOiJOTyIsIktleSI6IiIsIkRlZmF1bHQiOiIiLCJFeHRyYSI6IiJ9LHsiRmllbGQiOiJTdWJNb2R1bGUiLCJUeXBlIjoidmFyY2hhcigxMDApIiwiTnVsbCI6Ik5PIiwiS2V5IjoiIiwiRGVmYXVsdCI6IiIsIkV4dHJhIjoiIn0seyJGaWVsZCI6IkFjdGlvbiIsIlR5cGUiOiJ2YXJjaGFyKDEwMCkiLCJOdWxsIjoiWUVTIiwiS2V5IjoiIiwiRGVmYXVsdCI6InZpZXciLCJFeHRyYSI6IiJ9LHsiRmllbGQiOiJUeXBlIiwiVHlwZSI6InZhcmNoYXIoMTAwKSIsIk51bGwiOiJZRVMiLCJLZXkiOiIiLCJEZWZhdWx0IjoiaHRtbCIsIkV4dHJhIjoiIn0seyJGaWVsZCI6IkRlc2NyaXB0aW9uIiwiVHlwZSI6InRleHQiLCJOdWxsIjoiWUVTIiwiS2V5IjoiIiwiRGVmYXVsdCI6bnVsbCwiRXh0cmEiOiIifSx7IkZpZWxkIjoiQWNjZXNzIiwiVHlwZSI6ImVudW0oJ0FsbCcsJ0V4Y2x1c2l2ZScpIiwiTnVsbCI6Ik5PIiwiS2V5IjoiIiwiRGVmYXVsdCI6IkV4Y2x1c2l2ZSIsIkV4dHJhIjoiIn0seyJGaWVsZCI6IlNob3ciLCJUeXBlIjoiZW51bSgnWWVzJywnTm8nKSIsIk51bGwiOiJZRVMiLCJLZXkiOiIiLCJEZWZhdWx0IjoiTm8iLCJFeHRyYSI6IiJ9LHsiRmllbGQiOiJJY29uUGF0aCIsIlR5cGUiOiJ2YXJjaGFyKDI1NSkiLCJOdWxsIjoiWUVTIiwiS2V5IjoiIiwiRGVmYXVsdCI6bnVsbCwiRXh0cmEiOiIifSx7IkZpZWxkIjoiTWVudUlkIiwiVHlwZSI6ImludCg2KSIsIk51bGwiOiJZRVMiLCJLZXkiOiJNVUwiLCJEZWZhdWx0IjpudWxsLCJFeHRyYSI6IiJ9LHsiRmllbGQiOiJBcHBsaWNhdGlvbklkIiwiVHlwZSI6ImJpZ2ludCgyMCkiLCJOdWxsIjoiWUVTIiwiS2V5IjoiTVVMIiwiRGVmYXVsdCI6bnVsbCwiRXh0cmEiOiIifSx7IkZpZWxkIjoiTW9kdWxlUGF0aCIsIlR5cGUiOiJ2YXJjaGFyKDI1NSkiLCJOdWxsIjoiWUVTIiwiS2V5IjoiIiwiRGVmYXVsdCI6bnVsbCwiRXh0cmEiOiIifSx7IkZpZWxkIjoiQWtzaUlkIiwiVHlwZSI6InNtYWxsaW50KDYpIiwiTnVsbCI6IllFUyIsIktleSI6Ik1VTCIsIkRlZmF1bHQiOm51bGwsIkV4dHJhIjoiIn0seyJGaWVsZCI6IkxhYmVsQWtzaSIsIlR5cGUiOiJ2YXJjaGFyKDUwKSIsIk51bGwiOiJZRVMiLCJLZXkiOiIiLCJEZWZhdWx0IjpudWxsLCJFeHRyYSI6IiJ9LHsiRmllbGQiOiJIaW50IiwiVHlwZSI6InZhcmNoYXIoMTAwKSIsIk51bGwiOiJZRVMiLCJLZXkiOiIiLCJEZWZhdWx0IjpudWxsLCJFeHRyYSI6IiJ9LHsiRmllbGQiOiJOZWVkU3NsIiwiVHlwZSI6ImVudW0oJ1llcycsJ05vJykiLCJOdWxsIjoiWUVTIiwiS2V5IjoiIiwiRGVmYXVsdCI6bnVsbCwiRXh0cmEiOiIifV0iO21lc3Nlbmdlcl9xdWV1ZXxzOjE0NDoiTzoxMjoiTWVzc2FnZVF1ZXVlIjozOntzOjMxOiIATWVzc2FnZVF1ZXVlAG1DdXJyZW50UmVxdWVzdElkIjtpOjE7czoyODoiAE1lc3NhZ2VRdWV1ZQBtTmV4dFJlcXVlc3RJZCI7aToyO3M6MjM6IgBNZXNzYWdlUXVldWUAbU1lc3NhZ2VzIjthOjA6e319Ijs=','2014-03-28 16:10:28'),('dsjnui4h5mtr3v49hlcvapel27','aXNfbG9nZ2VkX2lufGI6MDt1c2VybmFtZXxzOjY6Im5vYm9keSI7YWNjZXNzX21vZHVsZXxhOjI6e3M6NjoibW9kdWxlIjtzOjM5OiJ7ImxvZ2luX2RlZmF1bHRsb2dpbnZpZXdodG1sMjAwIjoiNzYyIn0iO3M6NDoidXNlciI7czo4OiIibm9ib2R5IiI7fXNhbHR8aToxODMzNDg0Nzk5O2xvZ2luX3NhbHR8aToxODMzNDg0Nzk5O2Rlc2NyaWJlX2d0ZndfbW9kdWxlfHM6MTU3NDoiW3siRmllbGQiOiJNb2R1bGVJZCIsIlR5cGUiOiJiaWdpbnQoMjApIHVuc2lnbmVkIiwiTnVsbCI6Ik5PIiwiS2V5IjoiUFJJIiwiRGVmYXVsdCI6bnVsbCwiRXh0cmEiOiJhdXRvX2luY3JlbWVudCJ9LHsiRmllbGQiOiJNb2R1bGUiLCJUeXBlIjoidmFyY2hhcigxMDApIiwiTnVsbCI6Ik5PIiwiS2V5IjoiIiwiRGVmYXVsdCI6IiIsIkV4dHJhIjoiIn0seyJGaWVsZCI6IkxhYmVsTW9kdWxlIiwiVHlwZSI6InZhcmNoYXIoMTAwKSIsIk51bGwiOiJOTyIsIktleSI6IiIsIkRlZmF1bHQiOiIiLCJFeHRyYSI6IiJ9LHsiRmllbGQiOiJTdWJNb2R1bGUiLCJUeXBlIjoidmFyY2hhcigxMDApIiwiTnVsbCI6Ik5PIiwiS2V5IjoiIiwiRGVmYXVsdCI6IiIsIkV4dHJhIjoiIn0seyJGaWVsZCI6IkFjdGlvbiIsIlR5cGUiOiJ2YXJjaGFyKDEwMCkiLCJOdWxsIjoiWUVTIiwiS2V5IjoiIiwiRGVmYXVsdCI6InZpZXciLCJFeHRyYSI6IiJ9LHsiRmllbGQiOiJUeXBlIiwiVHlwZSI6InZhcmNoYXIoMTAwKSIsIk51bGwiOiJZRVMiLCJLZXkiOiIiLCJEZWZhdWx0IjoiaHRtbCIsIkV4dHJhIjoiIn0seyJGaWVsZCI6IkRlc2NyaXB0aW9uIiwiVHlwZSI6InRleHQiLCJOdWxsIjoiWUVTIiwiS2V5IjoiIiwiRGVmYXVsdCI6bnVsbCwiRXh0cmEiOiIifSx7IkZpZWxkIjoiQWNjZXNzIiwiVHlwZSI6ImVudW0oJ0FsbCcsJ0V4Y2x1c2l2ZScpIiwiTnVsbCI6Ik5PIiwiS2V5IjoiIiwiRGVmYXVsdCI6IkV4Y2x1c2l2ZSIsIkV4dHJhIjoiIn0seyJGaWVsZCI6IlNob3ciLCJUeXBlIjoiZW51bSgnWWVzJywnTm8nKSIsIk51bGwiOiJZRVMiLCJLZXkiOiIiLCJEZWZhdWx0IjoiTm8iLCJFeHRyYSI6IiJ9LHsiRmllbGQiOiJJY29uUGF0aCIsIlR5cGUiOiJ2YXJjaGFyKDI1NSkiLCJOdWxsIjoiWUVTIiwiS2V5IjoiIiwiRGVmYXVsdCI6bnVsbCwiRXh0cmEiOiIifSx7IkZpZWxkIjoiTWVudUlkIiwiVHlwZSI6ImludCg2KSIsIk51bGwiOiJZRVMiLCJLZXkiOiJNVUwiLCJEZWZhdWx0IjpudWxsLCJFeHRyYSI6IiJ9LHsiRmllbGQiOiJBcHBsaWNhdGlvbklkIiwiVHlwZSI6ImJpZ2ludCgyMCkiLCJOdWxsIjoiWUVTIiwiS2V5IjoiTVVMIiwiRGVmYXVsdCI6bnVsbCwiRXh0cmEiOiIifSx7IkZpZWxkIjoiTW9kdWxlUGF0aCIsIlR5cGUiOiJ2YXJjaGFyKDI1NSkiLCJOdWxsIjoiWUVTIiwiS2V5IjoiIiwiRGVmYXVsdCI6bnVsbCwiRXh0cmEiOiIifSx7IkZpZWxkIjoiQWtzaUlkIiwiVHlwZSI6InNtYWxsaW50KDYpIiwiTnVsbCI6IllFUyIsIktleSI6Ik1VTCIsIkRlZmF1bHQiOm51bGwsIkV4dHJhIjoiIn0seyJGaWVsZCI6IkxhYmVsQWtzaSIsIlR5cGUiOiJ2YXJjaGFyKDUwKSIsIk51bGwiOiJZRVMiLCJLZXkiOiIiLCJEZWZhdWx0IjpudWxsLCJFeHRyYSI6IiJ9LHsiRmllbGQiOiJIaW50IiwiVHlwZSI6InZhcmNoYXIoMTAwKSIsIk51bGwiOiJZRVMiLCJLZXkiOiIiLCJEZWZhdWx0IjpudWxsLCJFeHRyYSI6IiJ9LHsiRmllbGQiOiJOZWVkU3NsIiwiVHlwZSI6ImVudW0oJ1llcycsJ05vJykiLCJOdWxsIjoiWUVTIiwiS2V5IjoiIiwiRGVmYXVsdCI6bnVsbCwiRXh0cmEiOiIifV0iO21lc3Nlbmdlcl9xdWV1ZXxzOjE0NDoiTzoxMjoiTWVzc2FnZVF1ZXVlIjozOntzOjMxOiIATWVzc2FnZVF1ZXVlAG1DdXJyZW50UmVxdWVzdElkIjtpOjE7czoyODoiAE1lc3NhZ2VRdWV1ZQBtTmV4dFJlcXVlc3RJZCI7aToyO3M6MjM6IgBNZXNzYWdlUXVldWUAbU1lc3NhZ2VzIjthOjA6e319Ijs=','2014-03-28 16:10:30'),('thmaf1s9h7tjkm9qpciomsnis6','aXNfbG9nZ2VkX2lufGI6MDt1c2VybmFtZXxzOjY6Im5vYm9keSI7YWNjZXNzX21vZHVsZXxhOjI6e3M6NjoibW9kdWxlIjtzOjM5OiJ7ImxvZ2luX2RlZmF1bHRsb2dpbnZpZXdodG1sMjAwIjoiNzYyIn0iO3M6NDoidXNlciI7czo4OiIibm9ib2R5IiI7fXNhbHR8aTo5MzExNjYzMTk7bG9naW5fc2FsdHxpOjkzMTE2NjMxOTtkZXNjcmliZV9ndGZ3X21vZHVsZXxzOjE1NzQ6Ilt7IkZpZWxkIjoiTW9kdWxlSWQiLCJUeXBlIjoiYmlnaW50KDIwKSB1bnNpZ25lZCIsIk51bGwiOiJOTyIsIktleSI6IlBSSSIsIkRlZmF1bHQiOm51bGwsIkV4dHJhIjoiYXV0b19pbmNyZW1lbnQifSx7IkZpZWxkIjoiTW9kdWxlIiwiVHlwZSI6InZhcmNoYXIoMTAwKSIsIk51bGwiOiJOTyIsIktleSI6IiIsIkRlZmF1bHQiOiIiLCJFeHRyYSI6IiJ9LHsiRmllbGQiOiJMYWJlbE1vZHVsZSIsIlR5cGUiOiJ2YXJjaGFyKDEwMCkiLCJOdWxsIjoiTk8iLCJLZXkiOiIiLCJEZWZhdWx0IjoiIiwiRXh0cmEiOiIifSx7IkZpZWxkIjoiU3ViTW9kdWxlIiwiVHlwZSI6InZhcmNoYXIoMTAwKSIsIk51bGwiOiJOTyIsIktleSI6IiIsIkRlZmF1bHQiOiIiLCJFeHRyYSI6IiJ9LHsiRmllbGQiOiJBY3Rpb24iLCJUeXBlIjoidmFyY2hhcigxMDApIiwiTnVsbCI6IllFUyIsIktleSI6IiIsIkRlZmF1bHQiOiJ2aWV3IiwiRXh0cmEiOiIifSx7IkZpZWxkIjoiVHlwZSIsIlR5cGUiOiJ2YXJjaGFyKDEwMCkiLCJOdWxsIjoiWUVTIiwiS2V5IjoiIiwiRGVmYXVsdCI6Imh0bWwiLCJFeHRyYSI6IiJ9LHsiRmllbGQiOiJEZXNjcmlwdGlvbiIsIlR5cGUiOiJ0ZXh0IiwiTnVsbCI6IllFUyIsIktleSI6IiIsIkRlZmF1bHQiOm51bGwsIkV4dHJhIjoiIn0seyJGaWVsZCI6IkFjY2VzcyIsIlR5cGUiOiJlbnVtKCdBbGwnLCdFeGNsdXNpdmUnKSIsIk51bGwiOiJOTyIsIktleSI6IiIsIkRlZmF1bHQiOiJFeGNsdXNpdmUiLCJFeHRyYSI6IiJ9LHsiRmllbGQiOiJTaG93IiwiVHlwZSI6ImVudW0oJ1llcycsJ05vJykiLCJOdWxsIjoiWUVTIiwiS2V5IjoiIiwiRGVmYXVsdCI6Ik5vIiwiRXh0cmEiOiIifSx7IkZpZWxkIjoiSWNvblBhdGgiLCJUeXBlIjoidmFyY2hhcigyNTUpIiwiTnVsbCI6IllFUyIsIktleSI6IiIsIkRlZmF1bHQiOm51bGwsIkV4dHJhIjoiIn0seyJGaWVsZCI6Ik1lbnVJZCIsIlR5cGUiOiJpbnQoNikiLCJOdWxsIjoiWUVTIiwiS2V5IjoiTVVMIiwiRGVmYXVsdCI6bnVsbCwiRXh0cmEiOiIifSx7IkZpZWxkIjoiQXBwbGljYXRpb25JZCIsIlR5cGUiOiJiaWdpbnQoMjApIiwiTnVsbCI6IllFUyIsIktleSI6Ik1VTCIsIkRlZmF1bHQiOm51bGwsIkV4dHJhIjoiIn0seyJGaWVsZCI6Ik1vZHVsZVBhdGgiLCJUeXBlIjoidmFyY2hhcigyNTUpIiwiTnVsbCI6IllFUyIsIktleSI6IiIsIkRlZmF1bHQiOm51bGwsIkV4dHJhIjoiIn0seyJGaWVsZCI6IkFrc2lJZCIsIlR5cGUiOiJzbWFsbGludCg2KSIsIk51bGwiOiJZRVMiLCJLZXkiOiJNVUwiLCJEZWZhdWx0IjpudWxsLCJFeHRyYSI6IiJ9LHsiRmllbGQiOiJMYWJlbEFrc2kiLCJUeXBlIjoidmFyY2hhcig1MCkiLCJOdWxsIjoiWUVTIiwiS2V5IjoiIiwiRGVmYXVsdCI6bnVsbCwiRXh0cmEiOiIifSx7IkZpZWxkIjoiSGludCIsIlR5cGUiOiJ2YXJjaGFyKDEwMCkiLCJOdWxsIjoiWUVTIiwiS2V5IjoiIiwiRGVmYXVsdCI6bnVsbCwiRXh0cmEiOiIifSx7IkZpZWxkIjoiTmVlZFNzbCIsIlR5cGUiOiJlbnVtKCdZZXMnLCdObycpIiwiTnVsbCI6IllFUyIsIktleSI6IiIsIkRlZmF1bHQiOm51bGwsIkV4dHJhIjoiIn1dIjttZXNzZW5nZXJfcXVldWV8czoxNDQ6Ik86MTI6Ik1lc3NhZ2VRdWV1ZSI6Mzp7czozMToiAE1lc3NhZ2VRdWV1ZQBtQ3VycmVudFJlcXVlc3RJZCI7aToxO3M6Mjg6IgBNZXNzYWdlUXVldWUAbU5leHRSZXF1ZXN0SWQiO2k6MjtzOjIzOiIATWVzc2FnZVF1ZXVlAG1NZXNzYWdlcyI7YTowOnt9fSI7','2014-03-28 16:13:06'),('bnemndiop3o7nmpnjib3biu9m7','aXNfbG9nZ2VkX2lufGI6MDt1c2VybmFtZXxzOjY6Im5vYm9keSI7YWNjZXNzX21vZHVsZXxhOjI6e3M6NjoibW9kdWxlIjtzOjM5OiJ7ImxvZ2luX2RlZmF1bHRsb2dpbnZpZXdodG1sMjAwIjoiNzYyIn0iO3M6NDoidXNlciI7czo4OiIibm9ib2R5IiI7fXNhbHR8aToxNDk5NTQ5ODA2O2xvZ2luX3NhbHR8aToxNDk5NTQ5ODA2O2Rlc2NyaWJlX2d0ZndfbW9kdWxlfHM6MTU3NDoiW3siRmllbGQiOiJNb2R1bGVJZCIsIlR5cGUiOiJiaWdpbnQoMjApIHVuc2lnbmVkIiwiTnVsbCI6Ik5PIiwiS2V5IjoiUFJJIiwiRGVmYXVsdCI6bnVsbCwiRXh0cmEiOiJhdXRvX2luY3JlbWVudCJ9LHsiRmllbGQiOiJNb2R1bGUiLCJUeXBlIjoidmFyY2hhcigxMDApIiwiTnVsbCI6Ik5PIiwiS2V5IjoiIiwiRGVmYXVsdCI6IiIsIkV4dHJhIjoiIn0seyJGaWVsZCI6IkxhYmVsTW9kdWxlIiwiVHlwZSI6InZhcmNoYXIoMTAwKSIsIk51bGwiOiJOTyIsIktleSI6IiIsIkRlZmF1bHQiOiIiLCJFeHRyYSI6IiJ9LHsiRmllbGQiOiJTdWJNb2R1bGUiLCJUeXBlIjoidmFyY2hhcigxMDApIiwiTnVsbCI6Ik5PIiwiS2V5IjoiIiwiRGVmYXVsdCI6IiIsIkV4dHJhIjoiIn0seyJGaWVsZCI6IkFjdGlvbiIsIlR5cGUiOiJ2YXJjaGFyKDEwMCkiLCJOdWxsIjoiWUVTIiwiS2V5IjoiIiwiRGVmYXVsdCI6InZpZXciLCJFeHRyYSI6IiJ9LHsiRmllbGQiOiJUeXBlIiwiVHlwZSI6InZhcmNoYXIoMTAwKSIsIk51bGwiOiJZRVMiLCJLZXkiOiIiLCJEZWZhdWx0IjoiaHRtbCIsIkV4dHJhIjoiIn0seyJGaWVsZCI6IkRlc2NyaXB0aW9uIiwiVHlwZSI6InRleHQiLCJOdWxsIjoiWUVTIiwiS2V5IjoiIiwiRGVmYXVsdCI6bnVsbCwiRXh0cmEiOiIifSx7IkZpZWxkIjoiQWNjZXNzIiwiVHlwZSI6ImVudW0oJ0FsbCcsJ0V4Y2x1c2l2ZScpIiwiTnVsbCI6Ik5PIiwiS2V5IjoiIiwiRGVmYXVsdCI6IkV4Y2x1c2l2ZSIsIkV4dHJhIjoiIn0seyJGaWVsZCI6IlNob3ciLCJUeXBlIjoiZW51bSgnWWVzJywnTm8nKSIsIk51bGwiOiJZRVMiLCJLZXkiOiIiLCJEZWZhdWx0IjoiTm8iLCJFeHRyYSI6IiJ9LHsiRmllbGQiOiJJY29uUGF0aCIsIlR5cGUiOiJ2YXJjaGFyKDI1NSkiLCJOdWxsIjoiWUVTIiwiS2V5IjoiIiwiRGVmYXVsdCI6bnVsbCwiRXh0cmEiOiIifSx7IkZpZWxkIjoiTWVudUlkIiwiVHlwZSI6ImludCg2KSIsIk51bGwiOiJZRVMiLCJLZXkiOiJNVUwiLCJEZWZhdWx0IjpudWxsLCJFeHRyYSI6IiJ9LHsiRmllbGQiOiJBcHBsaWNhdGlvbklkIiwiVHlwZSI6ImJpZ2ludCgyMCkiLCJOdWxsIjoiWUVTIiwiS2V5IjoiTVVMIiwiRGVmYXVsdCI6bnVsbCwiRXh0cmEiOiIifSx7IkZpZWxkIjoiTW9kdWxlUGF0aCIsIlR5cGUiOiJ2YXJjaGFyKDI1NSkiLCJOdWxsIjoiWUVTIiwiS2V5IjoiIiwiRGVmYXVsdCI6bnVsbCwiRXh0cmEiOiIifSx7IkZpZWxkIjoiQWtzaUlkIiwiVHlwZSI6InNtYWxsaW50KDYpIiwiTnVsbCI6IllFUyIsIktleSI6Ik1VTCIsIkRlZmF1bHQiOm51bGwsIkV4dHJhIjoiIn0seyJGaWVsZCI6IkxhYmVsQWtzaSIsIlR5cGUiOiJ2YXJjaGFyKDUwKSIsIk51bGwiOiJZRVMiLCJLZXkiOiIiLCJEZWZhdWx0IjpudWxsLCJFeHRyYSI6IiJ9LHsiRmllbGQiOiJIaW50IiwiVHlwZSI6InZhcmNoYXIoMTAwKSIsIk51bGwiOiJZRVMiLCJLZXkiOiIiLCJEZWZhdWx0IjpudWxsLCJFeHRyYSI6IiJ9LHsiRmllbGQiOiJOZWVkU3NsIiwiVHlwZSI6ImVudW0oJ1llcycsJ05vJykiLCJOdWxsIjoiWUVTIiwiS2V5IjoiIiwiRGVmYXVsdCI6bnVsbCwiRXh0cmEiOiIifV0iO21lc3Nlbmdlcl9xdWV1ZXxzOjE0NDoiTzoxMjoiTWVzc2FnZVF1ZXVlIjozOntzOjMxOiIATWVzc2FnZVF1ZXVlAG1DdXJyZW50UmVxdWVzdElkIjtpOjE7czoyODoiAE1lc3NhZ2VRdWV1ZQBtTmV4dFJlcXVlc3RJZCI7aToyO3M6MjM6IgBNZXNzYWdlUXVldWUAbU1lc3NhZ2VzIjthOjA6e319Ijs=','2014-03-28 16:13:10'),('euo4ljhq3vs2c6jrglosnk4741','aXNfbG9nZ2VkX2lufGI6MDt1c2VybmFtZXxzOjU6ImFkbWluIjthY2Nlc3NfbW9kdWxlfGE6Mjp7czo2OiJtb2R1bGUiO3M6Mzc6InsibG9naW5fZGVmYXVsdGxvZ2luZG9odG1sMjAwIjoiNzU5In0iO3M6NDoidXNlciI7czo4OiIibm9ib2R5IiI7fXNhbHR8aToyMTMyODg1ODAwO2FrdGl2ZV91c2VyX2dyb3VwX2lkfHM6MjoiNjMiO21lc3Nlbmdlcl9xdWV1ZXxzOjE0NDoiTzoxMjoiTWVzc2FnZVF1ZXVlIjozOntzOjMxOiIATWVzc2FnZVF1ZXVlAG1DdXJyZW50UmVxdWVzdElkIjtpOjE7czoyODoiAE1lc3NhZ2VRdWV1ZQBtTmV4dFJlcXVlc3RJZCI7aToyO3M6MjM6IgBNZXNzYWdlUXVldWUAbU1lc3NhZ2VzIjthOjA6e319Ijs=','2014-03-28 16:13:14'),('cdo71bjsrpohqfmcp6qk650534','aXNfbG9nZ2VkX2lufGI6MDt1c2VybmFtZXxzOjY6Im5vYm9keSI7YWNjZXNzX21vZHVsZXxhOjI6e3M6NjoibW9kdWxlIjtzOjM5OiJ7ImxvZ2luX2RlZmF1bHRsb2dpbnZpZXdodG1sMjAwIjoiNzYyIn0iO3M6NDoidXNlciI7czo4OiIibm9ib2R5IiI7fXNhbHR8aTo2MDAxNjg2NjQ7bG9naW5fc2FsdHxpOjYwMDE2ODY2NDtkZXNjcmliZV9ndGZ3X21vZHVsZXxzOjE1NzQ6Ilt7IkZpZWxkIjoiTW9kdWxlSWQiLCJUeXBlIjoiYmlnaW50KDIwKSB1bnNpZ25lZCIsIk51bGwiOiJOTyIsIktleSI6IlBSSSIsIkRlZmF1bHQiOm51bGwsIkV4dHJhIjoiYXV0b19pbmNyZW1lbnQifSx7IkZpZWxkIjoiTW9kdWxlIiwiVHlwZSI6InZhcmNoYXIoMTAwKSIsIk51bGwiOiJOTyIsIktleSI6IiIsIkRlZmF1bHQiOiIiLCJFeHRyYSI6IiJ9LHsiRmllbGQiOiJMYWJlbE1vZHVsZSIsIlR5cGUiOiJ2YXJjaGFyKDEwMCkiLCJOdWxsIjoiTk8iLCJLZXkiOiIiLCJEZWZhdWx0IjoiIiwiRXh0cmEiOiIifSx7IkZpZWxkIjoiU3ViTW9kdWxlIiwiVHlwZSI6InZhcmNoYXIoMTAwKSIsIk51bGwiOiJOTyIsIktleSI6IiIsIkRlZmF1bHQiOiIiLCJFeHRyYSI6IiJ9LHsiRmllbGQiOiJBY3Rpb24iLCJUeXBlIjoidmFyY2hhcigxMDApIiwiTnVsbCI6IllFUyIsIktleSI6IiIsIkRlZmF1bHQiOiJ2aWV3IiwiRXh0cmEiOiIifSx7IkZpZWxkIjoiVHlwZSIsIlR5cGUiOiJ2YXJjaGFyKDEwMCkiLCJOdWxsIjoiWUVTIiwiS2V5IjoiIiwiRGVmYXVsdCI6Imh0bWwiLCJFeHRyYSI6IiJ9LHsiRmllbGQiOiJEZXNjcmlwdGlvbiIsIlR5cGUiOiJ0ZXh0IiwiTnVsbCI6IllFUyIsIktleSI6IiIsIkRlZmF1bHQiOm51bGwsIkV4dHJhIjoiIn0seyJGaWVsZCI6IkFjY2VzcyIsIlR5cGUiOiJlbnVtKCdBbGwnLCdFeGNsdXNpdmUnKSIsIk51bGwiOiJOTyIsIktleSI6IiIsIkRlZmF1bHQiOiJFeGNsdXNpdmUiLCJFeHRyYSI6IiJ9LHsiRmllbGQiOiJTaG93IiwiVHlwZSI6ImVudW0oJ1llcycsJ05vJykiLCJOdWxsIjoiWUVTIiwiS2V5IjoiIiwiRGVmYXVsdCI6Ik5vIiwiRXh0cmEiOiIifSx7IkZpZWxkIjoiSWNvblBhdGgiLCJUeXBlIjoidmFyY2hhcigyNTUpIiwiTnVsbCI6IllFUyIsIktleSI6IiIsIkRlZmF1bHQiOm51bGwsIkV4dHJhIjoiIn0seyJGaWVsZCI6Ik1lbnVJZCIsIlR5cGUiOiJpbnQoNikiLCJOdWxsIjoiWUVTIiwiS2V5IjoiTVVMIiwiRGVmYXVsdCI6bnVsbCwiRXh0cmEiOiIifSx7IkZpZWxkIjoiQXBwbGljYXRpb25JZCIsIlR5cGUiOiJiaWdpbnQoMjApIiwiTnVsbCI6IllFUyIsIktleSI6Ik1VTCIsIkRlZmF1bHQiOm51bGwsIkV4dHJhIjoiIn0seyJGaWVsZCI6Ik1vZHVsZVBhdGgiLCJUeXBlIjoidmFyY2hhcigyNTUpIiwiTnVsbCI6IllFUyIsIktleSI6IiIsIkRlZmF1bHQiOm51bGwsIkV4dHJhIjoiIn0seyJGaWVsZCI6IkFrc2lJZCIsIlR5cGUiOiJzbWFsbGludCg2KSIsIk51bGwiOiJZRVMiLCJLZXkiOiJNVUwiLCJEZWZhdWx0IjpudWxsLCJFeHRyYSI6IiJ9LHsiRmllbGQiOiJMYWJlbEFrc2kiLCJUeXBlIjoidmFyY2hhcig1MCkiLCJOdWxsIjoiWUVTIiwiS2V5IjoiIiwiRGVmYXVsdCI6bnVsbCwiRXh0cmEiOiIifSx7IkZpZWxkIjoiSGludCIsIlR5cGUiOiJ2YXJjaGFyKDEwMCkiLCJOdWxsIjoiWUVTIiwiS2V5IjoiIiwiRGVmYXVsdCI6bnVsbCwiRXh0cmEiOiIifSx7IkZpZWxkIjoiTmVlZFNzbCIsIlR5cGUiOiJlbnVtKCdZZXMnLCdObycpIiwiTnVsbCI6IllFUyIsIktleSI6IiIsIkRlZmF1bHQiOm51bGwsIkV4dHJhIjoiIn1dIjttZXNzZW5nZXJfcXVldWV8czoxNDQ6Ik86MTI6Ik1lc3NhZ2VRdWV1ZSI6Mzp7czozMToiAE1lc3NhZ2VRdWV1ZQBtQ3VycmVudFJlcXVlc3RJZCI7aToxO3M6Mjg6IgBNZXNzYWdlUXVldWUAbU5leHRSZXF1ZXN0SWQiO2k6MjtzOjIzOiIATWVzc2FnZVF1ZXVlAG1NZXNzYWdlcyI7YTowOnt9fSI7','2014-03-28 16:13:14'),('6e91eeb18iilbpt8lido6pi3v6','aXNfbG9nZ2VkX2lufGI6MTt1c2VybmFtZXxzOjU6ImFkbWluIjtzYWx0fGk6MTUxMzgyNzAzMjtsb2dpbl9zYWx0fGk6MTUxMzgyNzAzMjtkZXNjcmliZV9ndGZ3X21vZHVsZXxzOjE1NzQ6Ilt7IkZpZWxkIjoiTW9kdWxlSWQiLCJUeXBlIjoiYmlnaW50KDIwKSB1bnNpZ25lZCIsIk51bGwiOiJOTyIsIktleSI6IlBSSSIsIkRlZmF1bHQiOm51bGwsIkV4dHJhIjoiYXV0b19pbmNyZW1lbnQifSx7IkZpZWxkIjoiTW9kdWxlIiwiVHlwZSI6InZhcmNoYXIoMTAwKSIsIk51bGwiOiJOTyIsIktleSI6IiIsIkRlZmF1bHQiOiIiLCJFeHRyYSI6IiJ9LHsiRmllbGQiOiJMYWJlbE1vZHVsZSIsIlR5cGUiOiJ2YXJjaGFyKDEwMCkiLCJOdWxsIjoiTk8iLCJLZXkiOiIiLCJEZWZhdWx0IjoiIiwiRXh0cmEiOiIifSx7IkZpZWxkIjoiU3ViTW9kdWxlIiwiVHlwZSI6InZhcmNoYXIoMTAwKSIsIk51bGwiOiJOTyIsIktleSI6IiIsIkRlZmF1bHQiOiIiLCJFeHRyYSI6IiJ9LHsiRmllbGQiOiJBY3Rpb24iLCJUeXBlIjoidmFyY2hhcigxMDApIiwiTnVsbCI6IllFUyIsIktleSI6IiIsIkRlZmF1bHQiOiJ2aWV3IiwiRXh0cmEiOiIifSx7IkZpZWxkIjoiVHlwZSIsIlR5cGUiOiJ2YXJjaGFyKDEwMCkiLCJOdWxsIjoiWUVTIiwiS2V5IjoiIiwiRGVmYXVsdCI6Imh0bWwiLCJFeHRyYSI6IiJ9LHsiRmllbGQiOiJEZXNjcmlwdGlvbiIsIlR5cGUiOiJ0ZXh0IiwiTnVsbCI6IllFUyIsIktleSI6IiIsIkRlZmF1bHQiOm51bGwsIkV4dHJhIjoiIn0seyJGaWVsZCI6IkFjY2VzcyIsIlR5cGUiOiJlbnVtKCdBbGwnLCdFeGNsdXNpdmUnKSIsIk51bGwiOiJOTyIsIktleSI6IiIsIkRlZmF1bHQiOiJFeGNsdXNpdmUiLCJFeHRyYSI6IiJ9LHsiRmllbGQiOiJTaG93IiwiVHlwZSI6ImVudW0oJ1llcycsJ05vJykiLCJOdWxsIjoiWUVTIiwiS2V5IjoiIiwiRGVmYXVsdCI6Ik5vIiwiRXh0cmEiOiIifSx7IkZpZWxkIjoiSWNvblBhdGgiLCJUeXBlIjoidmFyY2hhcigyNTUpIiwiTnVsbCI6IllFUyIsIktleSI6IiIsIkRlZmF1bHQiOm51bGwsIkV4dHJhIjoiIn0seyJGaWVsZCI6Ik1lbnVJZCIsIlR5cGUiOiJpbnQoNikiLCJOdWxsIjoiWUVTIiwiS2V5IjoiTVVMIiwiRGVmYXVsdCI6bnVsbCwiRXh0cmEiOiIifSx7IkZpZWxkIjoiQXBwbGljYXRpb25JZCIsIlR5cGUiOiJiaWdpbnQoMjApIiwiTnVsbCI6IllFUyIsIktleSI6Ik1VTCIsIkRlZmF1bHQiOm51bGwsIkV4dHJhIjoiIn0seyJGaWVsZCI6Ik1vZHVsZVBhdGgiLCJUeXBlIjoidmFyY2hhcigyNTUpIiwiTnVsbCI6IllFUyIsIktleSI6IiIsIkRlZmF1bHQiOm51bGwsIkV4dHJhIjoiIn0seyJGaWVsZCI6IkFrc2lJZCIsIlR5cGUiOiJzbWFsbGludCg2KSIsIk51bGwiOiJZRVMiLCJLZXkiOiJNVUwiLCJEZWZhdWx0IjpudWxsLCJFeHRyYSI6IiJ9LHsiRmllbGQiOiJMYWJlbEFrc2kiLCJUeXBlIjoidmFyY2hhcig1MCkiLCJOdWxsIjoiWUVTIiwiS2V5IjoiIiwiRGVmYXVsdCI6bnVsbCwiRXh0cmEiOiIifSx7IkZpZWxkIjoiSGludCIsIlR5cGUiOiJ2YXJjaGFyKDEwMCkiLCJOdWxsIjoiWUVTIiwiS2V5IjoiIiwiRGVmYXVsdCI6bnVsbCwiRXh0cmEiOiIifSx7IkZpZWxkIjoiTmVlZFNzbCIsIlR5cGUiOiJlbnVtKCdZZXMnLCdObycpIiwiTnVsbCI6IllFUyIsIktleSI6IiIsIkRlZmF1bHQiOm51bGwsIkV4dHJhIjoiIn1dIjttZXNzZW5nZXJfcXVldWV8czoxNDQ6Ik86MTI6Ik1lc3NhZ2VRdWV1ZSI6Mzp7czozMToiAE1lc3NhZ2VRdWV1ZQBtQ3VycmVudFJlcXVlc3RJZCI7aTo0O3M6Mjg6IgBNZXNzYWdlUXVldWUAbU5leHRSZXF1ZXN0SWQiO2k6NTtzOjIzOiIATWVzc2FnZVF1ZXVlAG1NZXNzYWdlcyI7YTowOnt9fSI7dGFibGVfZ3Rmd19jb25maWdfYXZhaWxhYmxlfGE6MTp7aTowO2E6MTp7czozNToiVGFibGVzX2luX2d0ZndfcHVibGljIChndGZ3X2NvbmZpZykiO3M6MTE6Imd0ZndfY29uZmlnIjt9fWNoZWNrX2d0ZndfbWVudV90YWJsZXxhOjE6e2k6MDthOjE6e3M6MzM6IlRhYmxlc19pbl9ndGZ3X3B1YmxpYyAoZ3Rmd19tZW51KSI7czo5OiJndGZ3X21lbnUiO319c3RhcnRfa2V5fGk6OTgxO211bHRfa2V5fGk6MTI2NzQ7YWRkX2tleXxpOjM1ODkxO2FrdGl2ZV91c2VyX2dyb3VwX2lkfHM6MjoiNjMiO2FjY2Vzc19tb2R1bGV8YToyOntzOjY6Im1vZHVsZSI7czoyMDM6InsibG9naW5fZGVmYXVsdGxvZ2ludmlld2h0bWwyMDAiOiIwIiwibG9naW5fZGVmYXVsdGxvZ2luZG9odG1sMjAwIjoiNzU5IiwiaG9tZWhvbWV2aWV3aHRtbDIwMCI6Ijc1NyIsImhlYWRlcmhlYWRlcnZpZXdodG1sMjAwIjoiMTI1OSIsIm5hdmlnYXRpb25uYXZpZ2F0aW9udmlld2h0bWwyMDAiOiIxMjU4IiwibWVudW1lbnV2aWV3aHRtbDIwMCI6Ijc2MyJ9IjtzOjQ6InVzZXIiO3M6NzoiImFkbWluIiI7fQ==','2014-03-28 16:14:03'),('gqu4f75br218h7lopj6bdg1du5','aXNfbG9nZ2VkX2lufGI6MDt1c2VybmFtZXxzOjY6Im5vYm9keSI7ZGVzY3JpYmVfZ3Rmd19tb2R1bGV8czoxNTc0OiJbeyJGaWVsZCI6Ik1vZHVsZUlkIiwiVHlwZSI6ImJpZ2ludCgyMCkgdW5zaWduZWQiLCJOdWxsIjoiTk8iLCJLZXkiOiJQUkkiLCJEZWZhdWx0IjpudWxsLCJFeHRyYSI6ImF1dG9faW5jcmVtZW50In0seyJGaWVsZCI6Ik1vZHVsZSIsIlR5cGUiOiJ2YXJjaGFyKDEwMCkiLCJOdWxsIjoiTk8iLCJLZXkiOiIiLCJEZWZhdWx0IjoiIiwiRXh0cmEiOiIifSx7IkZpZWxkIjoiTGFiZWxNb2R1bGUiLCJUeXBlIjoidmFyY2hhcigxMDApIiwiTnVsbCI6Ik5PIiwiS2V5IjoiIiwiRGVmYXVsdCI6IiIsIkV4dHJhIjoiIn0seyJGaWVsZCI6IlN1Yk1vZHVsZSIsIlR5cGUiOiJ2YXJjaGFyKDEwMCkiLCJOdWxsIjoiTk8iLCJLZXkiOiIiLCJEZWZhdWx0IjoiIiwiRXh0cmEiOiIifSx7IkZpZWxkIjoiQWN0aW9uIiwiVHlwZSI6InZhcmNoYXIoMTAwKSIsIk51bGwiOiJZRVMiLCJLZXkiOiIiLCJEZWZhdWx0IjoidmlldyIsIkV4dHJhIjoiIn0seyJGaWVsZCI6IlR5cGUiLCJUeXBlIjoidmFyY2hhcigxMDApIiwiTnVsbCI6IllFUyIsIktleSI6IiIsIkRlZmF1bHQiOiJodG1sIiwiRXh0cmEiOiIifSx7IkZpZWxkIjoiRGVzY3JpcHRpb24iLCJUeXBlIjoidGV4dCIsIk51bGwiOiJZRVMiLCJLZXkiOiIiLCJEZWZhdWx0IjpudWxsLCJFeHRyYSI6IiJ9LHsiRmllbGQiOiJBY2Nlc3MiLCJUeXBlIjoiZW51bSgnQWxsJywnRXhjbHVzaXZlJykiLCJOdWxsIjoiTk8iLCJLZXkiOiIiLCJEZWZhdWx0IjoiRXhjbHVzaXZlIiwiRXh0cmEiOiIifSx7IkZpZWxkIjoiU2hvdyIsIlR5cGUiOiJlbnVtKCdZZXMnLCdObycpIiwiTnVsbCI6IllFUyIsIktleSI6IiIsIkRlZmF1bHQiOiJObyIsIkV4dHJhIjoiIn0seyJGaWVsZCI6Ikljb25QYXRoIiwiVHlwZSI6InZhcmNoYXIoMjU1KSIsIk51bGwiOiJZRVMiLCJLZXkiOiIiLCJEZWZhdWx0IjpudWxsLCJFeHRyYSI6IiJ9LHsiRmllbGQiOiJNZW51SWQiLCJUeXBlIjoiaW50KDYpIiwiTnVsbCI6IllFUyIsIktleSI6Ik1VTCIsIkRlZmF1bHQiOm51bGwsIkV4dHJhIjoiIn0seyJGaWVsZCI6IkFwcGxpY2F0aW9uSWQiLCJUeXBlIjoiYmlnaW50KDIwKSIsIk51bGwiOiJZRVMiLCJLZXkiOiJNVUwiLCJEZWZhdWx0IjpudWxsLCJFeHRyYSI6IiJ9LHsiRmllbGQiOiJNb2R1bGVQYXRoIiwiVHlwZSI6InZhcmNoYXIoMjU1KSIsIk51bGwiOiJZRVMiLCJLZXkiOiIiLCJEZWZhdWx0IjpudWxsLCJFeHRyYSI6IiJ9LHsiRmllbGQiOiJBa3NpSWQiLCJUeXBlIjoic21hbGxpbnQoNikiLCJOdWxsIjoiWUVTIiwiS2V5IjoiTVVMIiwiRGVmYXVsdCI6bnVsbCwiRXh0cmEiOiIifSx7IkZpZWxkIjoiTGFiZWxBa3NpIiwiVHlwZSI6InZhcmNoYXIoNTApIiwiTnVsbCI6IllFUyIsIktleSI6IiIsIkRlZmF1bHQiOm51bGwsIkV4dHJhIjoiIn0seyJGaWVsZCI6IkhpbnQiLCJUeXBlIjoidmFyY2hhcigxMDApIiwiTnVsbCI6IllFUyIsIktleSI6IiIsIkRlZmF1bHQiOm51bGwsIkV4dHJhIjoiIn0seyJGaWVsZCI6Ik5lZWRTc2wiLCJUeXBlIjoiZW51bSgnWWVzJywnTm8nKSIsIk51bGwiOiJZRVMiLCJLZXkiOiIiLCJEZWZhdWx0IjpudWxsLCJFeHRyYSI6IiJ9XSI7YWNjZXNzX21vZHVsZXxhOjI6e3M6NjoibW9kdWxlIjtzOjEzMToieyJob21laG9tZXZpZXdodG1sMjAwIjoiNzU3IiwiaGVhZGVyaGVhZGVydmlld2h0bWwyMDAiOiIxMjU5IiwibmF2aWdhdGlvbm5hdmlnYXRpb252aWV3aHRtbDIwMCI6IjEyNTgiLCJtZW51bWVudXZpZXdodG1sMjAwIjoiNzYzIn0iO3M6NDoidXNlciI7czo4OiIibm9ib2R5IiI7fW1lc3Nlbmdlcl9xdWV1ZXxzOjE0NDoiTzoxMjoiTWVzc2FnZVF1ZXVlIjozOntzOjMxOiIATWVzc2FnZVF1ZXVlAG1DdXJyZW50UmVxdWVzdElkIjtpOjE7czoyODoiAE1lc3NhZ2VRdWV1ZQBtTmV4dFJlcXVlc3RJZCI7aToyO3M6MjM6IgBNZXNzYWdlUXVldWUAbU1lc3NhZ2VzIjthOjA6e319Ijs=','2014-03-28 16:14:17'),('jf6olndkq73on6ijbpf84gs045','aXNfbG9nZ2VkX2lufGI6MDt1c2VybmFtZXxzOjY6Im5vYm9keSI7YWNjZXNzX21vZHVsZXxhOjI6e3M6NjoibW9kdWxlIjtzOjM4OiJ7ImxvZ2luX2RlZmF1bHRsb2dvdXRkb2h0bWwyMDAiOiI3NjAifSI7czo0OiJ1c2VyIjtzOjg6IiJub2JvZHkiIjt9bWVzc2VuZ2VyX3F1ZXVlfHM6MTQ0OiJPOjEyOiJNZXNzYWdlUXVldWUiOjM6e3M6MzE6IgBNZXNzYWdlUXVldWUAbUN1cnJlbnRSZXF1ZXN0SWQiO2k6MTtzOjI4OiIATWVzc2FnZVF1ZXVlAG1OZXh0UmVxdWVzdElkIjtpOjI7czoyMzoiAE1lc3NhZ2VRdWV1ZQBtTWVzc2FnZXMiO2E6MDp7fX0iOw==','2014-03-28 16:14:20'),('l19dhih3kh8ipocfpol9g7v5k4','aXNfbG9nZ2VkX2lufGI6MDt1c2VybmFtZXxzOjY6Im5vYm9keSI7YWNjZXNzX21vZHVsZXxhOjI6e3M6NjoibW9kdWxlIjtzOjM5OiJ7ImxvZ2luX2RlZmF1bHRsb2dpbnZpZXdodG1sMjAwIjoiNzYyIn0iO3M6NDoidXNlciI7czo4OiIibm9ib2R5IiI7fXNhbHR8aTozODMyNDAxNzA7bG9naW5fc2FsdHxpOjM4MzI0MDE3MDtkZXNjcmliZV9ndGZ3X21vZHVsZXxzOjE1NzQ6Ilt7IkZpZWxkIjoiTW9kdWxlSWQiLCJUeXBlIjoiYmlnaW50KDIwKSB1bnNpZ25lZCIsIk51bGwiOiJOTyIsIktleSI6IlBSSSIsIkRlZmF1bHQiOm51bGwsIkV4dHJhIjoiYXV0b19pbmNyZW1lbnQifSx7IkZpZWxkIjoiTW9kdWxlIiwiVHlwZSI6InZhcmNoYXIoMTAwKSIsIk51bGwiOiJOTyIsIktleSI6IiIsIkRlZmF1bHQiOiIiLCJFeHRyYSI6IiJ9LHsiRmllbGQiOiJMYWJlbE1vZHVsZSIsIlR5cGUiOiJ2YXJjaGFyKDEwMCkiLCJOdWxsIjoiTk8iLCJLZXkiOiIiLCJEZWZhdWx0IjoiIiwiRXh0cmEiOiIifSx7IkZpZWxkIjoiU3ViTW9kdWxlIiwiVHlwZSI6InZhcmNoYXIoMTAwKSIsIk51bGwiOiJOTyIsIktleSI6IiIsIkRlZmF1bHQiOiIiLCJFeHRyYSI6IiJ9LHsiRmllbGQiOiJBY3Rpb24iLCJUeXBlIjoidmFyY2hhcigxMDApIiwiTnVsbCI6IllFUyIsIktleSI6IiIsIkRlZmF1bHQiOiJ2aWV3IiwiRXh0cmEiOiIifSx7IkZpZWxkIjoiVHlwZSIsIlR5cGUiOiJ2YXJjaGFyKDEwMCkiLCJOdWxsIjoiWUVTIiwiS2V5IjoiIiwiRGVmYXVsdCI6Imh0bWwiLCJFeHRyYSI6IiJ9LHsiRmllbGQiOiJEZXNjcmlwdGlvbiIsIlR5cGUiOiJ0ZXh0IiwiTnVsbCI6IllFUyIsIktleSI6IiIsIkRlZmF1bHQiOm51bGwsIkV4dHJhIjoiIn0seyJGaWVsZCI6IkFjY2VzcyIsIlR5cGUiOiJlbnVtKCdBbGwnLCdFeGNsdXNpdmUnKSIsIk51bGwiOiJOTyIsIktleSI6IiIsIkRlZmF1bHQiOiJFeGNsdXNpdmUiLCJFeHRyYSI6IiJ9LHsiRmllbGQiOiJTaG93IiwiVHlwZSI6ImVudW0oJ1llcycsJ05vJykiLCJOdWxsIjoiWUVTIiwiS2V5IjoiIiwiRGVmYXVsdCI6Ik5vIiwiRXh0cmEiOiIifSx7IkZpZWxkIjoiSWNvblBhdGgiLCJUeXBlIjoidmFyY2hhcigyNTUpIiwiTnVsbCI6IllFUyIsIktleSI6IiIsIkRlZmF1bHQiOm51bGwsIkV4dHJhIjoiIn0seyJGaWVsZCI6Ik1lbnVJZCIsIlR5cGUiOiJpbnQoNikiLCJOdWxsIjoiWUVTIiwiS2V5IjoiTVVMIiwiRGVmYXVsdCI6bnVsbCwiRXh0cmEiOiIifSx7IkZpZWxkIjoiQXBwbGljYXRpb25JZCIsIlR5cGUiOiJiaWdpbnQoMjApIiwiTnVsbCI6IllFUyIsIktleSI6Ik1VTCIsIkRlZmF1bHQiOm51bGwsIkV4dHJhIjoiIn0seyJGaWVsZCI6Ik1vZHVsZVBhdGgiLCJUeXBlIjoidmFyY2hhcigyNTUpIiwiTnVsbCI6IllFUyIsIktleSI6IiIsIkRlZmF1bHQiOm51bGwsIkV4dHJhIjoiIn0seyJGaWVsZCI6IkFrc2lJZCIsIlR5cGUiOiJzbWFsbGludCg2KSIsIk51bGwiOiJZRVMiLCJLZXkiOiJNVUwiLCJEZWZhdWx0IjpudWxsLCJFeHRyYSI6IiJ9LHsiRmllbGQiOiJMYWJlbEFrc2kiLCJUeXBlIjoidmFyY2hhcig1MCkiLCJOdWxsIjoiWUVTIiwiS2V5IjoiIiwiRGVmYXVsdCI6bnVsbCwiRXh0cmEiOiIifSx7IkZpZWxkIjoiSGludCIsIlR5cGUiOiJ2YXJjaGFyKDEwMCkiLCJOdWxsIjoiWUVTIiwiS2V5IjoiIiwiRGVmYXVsdCI6bnVsbCwiRXh0cmEiOiIifSx7IkZpZWxkIjoiTmVlZFNzbCIsIlR5cGUiOiJlbnVtKCdZZXMnLCdObycpIiwiTnVsbCI6IllFUyIsIktleSI6IiIsIkRlZmF1bHQiOm51bGwsIkV4dHJhIjoiIn1dIjttZXNzZW5nZXJfcXVldWV8czoxNDQ6Ik86MTI6Ik1lc3NhZ2VRdWV1ZSI6Mzp7czozMToiAE1lc3NhZ2VRdWV1ZQBtQ3VycmVudFJlcXVlc3RJZCI7aToxO3M6Mjg6IgBNZXNzYWdlUXVldWUAbU5leHRSZXF1ZXN0SWQiO2k6MjtzOjIzOiIATWVzc2FnZVF1ZXVlAG1NZXNzYWdlcyI7YTowOnt9fSI7','2014-03-28 16:14:20'),('iv1ddsk8aohsqe4nrmd3kut8p2','aXNfbG9nZ2VkX2lufGI6MDt1c2VybmFtZXxzOjY6Im5vYm9keSI7YWNjZXNzX21vZHVsZXxhOjI6e3M6NjoibW9kdWxlIjtzOjM5OiJ7ImxvZ2luX2RlZmF1bHRsb2dpbnZpZXdodG1sMjAwIjoiNzYyIn0iO3M6NDoidXNlciI7czo4OiIibm9ib2R5IiI7fXNhbHR8aTo1NjMwNDI1ODc7bG9naW5fc2FsdHxpOjU2MzA0MjU4NztkZXNjcmliZV9ndGZ3X21vZHVsZXxzOjE1NzQ6Ilt7IkZpZWxkIjoiTW9kdWxlSWQiLCJUeXBlIjoiYmlnaW50KDIwKSB1bnNpZ25lZCIsIk51bGwiOiJOTyIsIktleSI6IlBSSSIsIkRlZmF1bHQiOm51bGwsIkV4dHJhIjoiYXV0b19pbmNyZW1lbnQifSx7IkZpZWxkIjoiTW9kdWxlIiwiVHlwZSI6InZhcmNoYXIoMTAwKSIsIk51bGwiOiJOTyIsIktleSI6IiIsIkRlZmF1bHQiOiIiLCJFeHRyYSI6IiJ9LHsiRmllbGQiOiJMYWJlbE1vZHVsZSIsIlR5cGUiOiJ2YXJjaGFyKDEwMCkiLCJOdWxsIjoiTk8iLCJLZXkiOiIiLCJEZWZhdWx0IjoiIiwiRXh0cmEiOiIifSx7IkZpZWxkIjoiU3ViTW9kdWxlIiwiVHlwZSI6InZhcmNoYXIoMTAwKSIsIk51bGwiOiJOTyIsIktleSI6IiIsIkRlZmF1bHQiOiIiLCJFeHRyYSI6IiJ9LHsiRmllbGQiOiJBY3Rpb24iLCJUeXBlIjoidmFyY2hhcigxMDApIiwiTnVsbCI6IllFUyIsIktleSI6IiIsIkRlZmF1bHQiOiJ2aWV3IiwiRXh0cmEiOiIifSx7IkZpZWxkIjoiVHlwZSIsIlR5cGUiOiJ2YXJjaGFyKDEwMCkiLCJOdWxsIjoiWUVTIiwiS2V5IjoiIiwiRGVmYXVsdCI6Imh0bWwiLCJFeHRyYSI6IiJ9LHsiRmllbGQiOiJEZXNjcmlwdGlvbiIsIlR5cGUiOiJ0ZXh0IiwiTnVsbCI6IllFUyIsIktleSI6IiIsIkRlZmF1bHQiOm51bGwsIkV4dHJhIjoiIn0seyJGaWVsZCI6IkFjY2VzcyIsIlR5cGUiOiJlbnVtKCdBbGwnLCdFeGNsdXNpdmUnKSIsIk51bGwiOiJOTyIsIktleSI6IiIsIkRlZmF1bHQiOiJFeGNsdXNpdmUiLCJFeHRyYSI6IiJ9LHsiRmllbGQiOiJTaG93IiwiVHlwZSI6ImVudW0oJ1llcycsJ05vJykiLCJOdWxsIjoiWUVTIiwiS2V5IjoiIiwiRGVmYXVsdCI6Ik5vIiwiRXh0cmEiOiIifSx7IkZpZWxkIjoiSWNvblBhdGgiLCJUeXBlIjoidmFyY2hhcigyNTUpIiwiTnVsbCI6IllFUyIsIktleSI6IiIsIkRlZmF1bHQiOm51bGwsIkV4dHJhIjoiIn0seyJGaWVsZCI6Ik1lbnVJZCIsIlR5cGUiOiJpbnQoNikiLCJOdWxsIjoiWUVTIiwiS2V5IjoiTVVMIiwiRGVmYXVsdCI6bnVsbCwiRXh0cmEiOiIifSx7IkZpZWxkIjoiQXBwbGljYXRpb25JZCIsIlR5cGUiOiJiaWdpbnQoMjApIiwiTnVsbCI6IllFUyIsIktleSI6Ik1VTCIsIkRlZmF1bHQiOm51bGwsIkV4dHJhIjoiIn0seyJGaWVsZCI6Ik1vZHVsZVBhdGgiLCJUeXBlIjoidmFyY2hhcigyNTUpIiwiTnVsbCI6IllFUyIsIktleSI6IiIsIkRlZmF1bHQiOm51bGwsIkV4dHJhIjoiIn0seyJGaWVsZCI6IkFrc2lJZCIsIlR5cGUiOiJzbWFsbGludCg2KSIsIk51bGwiOiJZRVMiLCJLZXkiOiJNVUwiLCJEZWZhdWx0IjpudWxsLCJFeHRyYSI6IiJ9LHsiRmllbGQiOiJMYWJlbEFrc2kiLCJUeXBlIjoidmFyY2hhcig1MCkiLCJOdWxsIjoiWUVTIiwiS2V5IjoiIiwiRGVmYXVsdCI6bnVsbCwiRXh0cmEiOiIifSx7IkZpZWxkIjoiSGludCIsIlR5cGUiOiJ2YXJjaGFyKDEwMCkiLCJOdWxsIjoiWUVTIiwiS2V5IjoiIiwiRGVmYXVsdCI6bnVsbCwiRXh0cmEiOiIifSx7IkZpZWxkIjoiTmVlZFNzbCIsIlR5cGUiOiJlbnVtKCdZZXMnLCdObycpIiwiTnVsbCI6IllFUyIsIktleSI6IiIsIkRlZmF1bHQiOm51bGwsIkV4dHJhIjoiIn1dIjttZXNzZW5nZXJfcXVldWV8czoxNDQ6Ik86MTI6Ik1lc3NhZ2VRdWV1ZSI6Mzp7czozMToiAE1lc3NhZ2VRdWV1ZQBtQ3VycmVudFJlcXVlc3RJZCI7aToxO3M6Mjg6IgBNZXNzYWdlUXVldWUAbU5leHRSZXF1ZXN0SWQiO2k6MjtzOjIzOiIATWVzc2FnZVF1ZXVlAG1NZXNzYWdlcyI7YTowOnt9fSI7','2014-03-28 16:14:22'),('bgbqm7no69m3mn9kh2n3o0b9r2','aXNfbG9nZ2VkX2lufGI6MDt1c2VybmFtZXxzOjU6ImFkbWluIjthY2Nlc3NfbW9kdWxlfGE6Mjp7czo2OiJtb2R1bGUiO3M6Mzc6InsibG9naW5fZGVmYXVsdGxvZ2luZG9odG1sMjAwIjoiNzU5In0iO3M6NDoidXNlciI7czo4OiIibm9ib2R5IiI7fXNhbHR8aToyMTM5ODU5ODE1O2FrdGl2ZV91c2VyX2dyb3VwX2lkfHM6MjoiNjMiO21lc3Nlbmdlcl9xdWV1ZXxzOjE0NDoiTzoxMjoiTWVzc2FnZVF1ZXVlIjozOntzOjMxOiIATWVzc2FnZVF1ZXVlAG1DdXJyZW50UmVxdWVzdElkIjtpOjE7czoyODoiAE1lc3NhZ2VRdWV1ZQBtTmV4dFJlcXVlc3RJZCI7aToyO3M6MjM6IgBNZXNzYWdlUXVldWUAbU1lc3NhZ2VzIjthOjA6e319Ijs=','2014-03-28 16:14:25'),('5dcsq9d4iqi5rse0lhfe4e4hu2','aXNfbG9nZ2VkX2lufGI6MDt1c2VybmFtZXxzOjY6Im5vYm9keSI7YWNjZXNzX21vZHVsZXxhOjI6e3M6NjoibW9kdWxlIjtzOjM5OiJ7ImxvZ2luX2RlZmF1bHRsb2dpbnZpZXdodG1sMjAwIjoiNzYyIn0iO3M6NDoidXNlciI7czo4OiIibm9ib2R5IiI7fXNhbHR8aToyNzQ2OTU4MjA7bG9naW5fc2FsdHxpOjI3NDY5NTgyMDtkZXNjcmliZV9ndGZ3X21vZHVsZXxzOjE1NzQ6Ilt7IkZpZWxkIjoiTW9kdWxlSWQiLCJUeXBlIjoiYmlnaW50KDIwKSB1bnNpZ25lZCIsIk51bGwiOiJOTyIsIktleSI6IlBSSSIsIkRlZmF1bHQiOm51bGwsIkV4dHJhIjoiYXV0b19pbmNyZW1lbnQifSx7IkZpZWxkIjoiTW9kdWxlIiwiVHlwZSI6InZhcmNoYXIoMTAwKSIsIk51bGwiOiJOTyIsIktleSI6IiIsIkRlZmF1bHQiOiIiLCJFeHRyYSI6IiJ9LHsiRmllbGQiOiJMYWJlbE1vZHVsZSIsIlR5cGUiOiJ2YXJjaGFyKDEwMCkiLCJOdWxsIjoiTk8iLCJLZXkiOiIiLCJEZWZhdWx0IjoiIiwiRXh0cmEiOiIifSx7IkZpZWxkIjoiU3ViTW9kdWxlIiwiVHlwZSI6InZhcmNoYXIoMTAwKSIsIk51bGwiOiJOTyIsIktleSI6IiIsIkRlZmF1bHQiOiIiLCJFeHRyYSI6IiJ9LHsiRmllbGQiOiJBY3Rpb24iLCJUeXBlIjoidmFyY2hhcigxMDApIiwiTnVsbCI6IllFUyIsIktleSI6IiIsIkRlZmF1bHQiOiJ2aWV3IiwiRXh0cmEiOiIifSx7IkZpZWxkIjoiVHlwZSIsIlR5cGUiOiJ2YXJjaGFyKDEwMCkiLCJOdWxsIjoiWUVTIiwiS2V5IjoiIiwiRGVmYXVsdCI6Imh0bWwiLCJFeHRyYSI6IiJ9LHsiRmllbGQiOiJEZXNjcmlwdGlvbiIsIlR5cGUiOiJ0ZXh0IiwiTnVsbCI6IllFUyIsIktleSI6IiIsIkRlZmF1bHQiOm51bGwsIkV4dHJhIjoiIn0seyJGaWVsZCI6IkFjY2VzcyIsIlR5cGUiOiJlbnVtKCdBbGwnLCdFeGNsdXNpdmUnKSIsIk51bGwiOiJOTyIsIktleSI6IiIsIkRlZmF1bHQiOiJFeGNsdXNpdmUiLCJFeHRyYSI6IiJ9LHsiRmllbGQiOiJTaG93IiwiVHlwZSI6ImVudW0oJ1llcycsJ05vJykiLCJOdWxsIjoiWUVTIiwiS2V5IjoiIiwiRGVmYXVsdCI6Ik5vIiwiRXh0cmEiOiIifSx7IkZpZWxkIjoiSWNvblBhdGgiLCJUeXBlIjoidmFyY2hhcigyNTUpIiwiTnVsbCI6IllFUyIsIktleSI6IiIsIkRlZmF1bHQiOm51bGwsIkV4dHJhIjoiIn0seyJGaWVsZCI6Ik1lbnVJZCIsIlR5cGUiOiJpbnQoNikiLCJOdWxsIjoiWUVTIiwiS2V5IjoiTVVMIiwiRGVmYXVsdCI6bnVsbCwiRXh0cmEiOiIifSx7IkZpZWxkIjoiQXBwbGljYXRpb25JZCIsIlR5cGUiOiJiaWdpbnQoMjApIiwiTnVsbCI6IllFUyIsIktleSI6Ik1VTCIsIkRlZmF1bHQiOm51bGwsIkV4dHJhIjoiIn0seyJGaWVsZCI6Ik1vZHVsZVBhdGgiLCJUeXBlIjoidmFyY2hhcigyNTUpIiwiTnVsbCI6IllFUyIsIktleSI6IiIsIkRlZmF1bHQiOm51bGwsIkV4dHJhIjoiIn0seyJGaWVsZCI6IkFrc2lJZCIsIlR5cGUiOiJzbWFsbGludCg2KSIsIk51bGwiOiJZRVMiLCJLZXkiOiJNVUwiLCJEZWZhdWx0IjpudWxsLCJFeHRyYSI6IiJ9LHsiRmllbGQiOiJMYWJlbEFrc2kiLCJUeXBlIjoidmFyY2hhcig1MCkiLCJOdWxsIjoiWUVTIiwiS2V5IjoiIiwiRGVmYXVsdCI6bnVsbCwiRXh0cmEiOiIifSx7IkZpZWxkIjoiSGludCIsIlR5cGUiOiJ2YXJjaGFyKDEwMCkiLCJOdWxsIjoiWUVTIiwiS2V5IjoiIiwiRGVmYXVsdCI6bnVsbCwiRXh0cmEiOiIifSx7IkZpZWxkIjoiTmVlZFNzbCIsIlR5cGUiOiJlbnVtKCdZZXMnLCdObycpIiwiTnVsbCI6IllFUyIsIktleSI6IiIsIkRlZmF1bHQiOm51bGwsIkV4dHJhIjoiIn1dIjttZXNzZW5nZXJfcXVldWV8czoxNDQ6Ik86MTI6Ik1lc3NhZ2VRdWV1ZSI6Mzp7czozMToiAE1lc3NhZ2VRdWV1ZQBtQ3VycmVudFJlcXVlc3RJZCI7aToxO3M6Mjg6IgBNZXNzYWdlUXVldWUAbU5leHRSZXF1ZXN0SWQiO2k6MjtzOjIzOiIATWVzc2FnZVF1ZXVlAG1NZXNzYWdlcyI7YTowOnt9fSI7','2014-03-28 16:14:25'),('10eiipscq1f5lk20kqtcfrmj43','aXNfbG9nZ2VkX2lufGI6MDt1c2VybmFtZXxzOjY6Im5vYm9keSI7c3RhcnRfa2V5fGk6OTgxO211bHRfa2V5fGk6MTI2NzQ7YWRkX2tleXxpOjM1ODkxO2FjY2Vzc19tb2R1bGV8YToyOntzOjY6Im1vZHVsZSI7czozOToieyJsb2dpbl9kZWZhdWx0bG9naW52aWV3aHRtbDIwMCI6Ijc2MiJ9IjtzOjQ6InVzZXIiO3M6ODoiIm5vYm9keSIiO31zYWx0fGk6MTkxNzU0MDAwNTtsb2dpbl9zYWx0fGk6MTkxNzU0MDAwNTtkZXNjcmliZV9ndGZ3X21vZHVsZXxzOjE1NzQ6Ilt7IkZpZWxkIjoiTW9kdWxlSWQiLCJUeXBlIjoiYmlnaW50KDIwKSB1bnNpZ25lZCIsIk51bGwiOiJOTyIsIktleSI6IlBSSSIsIkRlZmF1bHQiOm51bGwsIkV4dHJhIjoiYXV0b19pbmNyZW1lbnQifSx7IkZpZWxkIjoiTW9kdWxlIiwiVHlwZSI6InZhcmNoYXIoMTAwKSIsIk51bGwiOiJOTyIsIktleSI6IiIsIkRlZmF1bHQiOiIiLCJFeHRyYSI6IiJ9LHsiRmllbGQiOiJMYWJlbE1vZHVsZSIsIlR5cGUiOiJ2YXJjaGFyKDEwMCkiLCJOdWxsIjoiTk8iLCJLZXkiOiIiLCJEZWZhdWx0IjoiIiwiRXh0cmEiOiIifSx7IkZpZWxkIjoiU3ViTW9kdWxlIiwiVHlwZSI6InZhcmNoYXIoMTAwKSIsIk51bGwiOiJOTyIsIktleSI6IiIsIkRlZmF1bHQiOiIiLCJFeHRyYSI6IiJ9LHsiRmllbGQiOiJBY3Rpb24iLCJUeXBlIjoidmFyY2hhcigxMDApIiwiTnVsbCI6IllFUyIsIktleSI6IiIsIkRlZmF1bHQiOiJ2aWV3IiwiRXh0cmEiOiIifSx7IkZpZWxkIjoiVHlwZSIsIlR5cGUiOiJ2YXJjaGFyKDEwMCkiLCJOdWxsIjoiWUVTIiwiS2V5IjoiIiwiRGVmYXVsdCI6Imh0bWwiLCJFeHRyYSI6IiJ9LHsiRmllbGQiOiJEZXNjcmlwdGlvbiIsIlR5cGUiOiJ0ZXh0IiwiTnVsbCI6IllFUyIsIktleSI6IiIsIkRlZmF1bHQiOm51bGwsIkV4dHJhIjoiIn0seyJGaWVsZCI6IkFjY2VzcyIsIlR5cGUiOiJlbnVtKCdBbGwnLCdFeGNsdXNpdmUnKSIsIk51bGwiOiJOTyIsIktleSI6IiIsIkRlZmF1bHQiOiJFeGNsdXNpdmUiLCJFeHRyYSI6IiJ9LHsiRmllbGQiOiJTaG93IiwiVHlwZSI6ImVudW0oJ1llcycsJ05vJykiLCJOdWxsIjoiWUVTIiwiS2V5IjoiIiwiRGVmYXVsdCI6Ik5vIiwiRXh0cmEiOiIifSx7IkZpZWxkIjoiSWNvblBhdGgiLCJUeXBlIjoidmFyY2hhcigyNTUpIiwiTnVsbCI6IllFUyIsIktleSI6IiIsIkRlZmF1bHQiOm51bGwsIkV4dHJhIjoiIn0seyJGaWVsZCI6Ik1lbnVJZCIsIlR5cGUiOiJpbnQoNikiLCJOdWxsIjoiWUVTIiwiS2V5IjoiTVVMIiwiRGVmYXVsdCI6bnVsbCwiRXh0cmEiOiIifSx7IkZpZWxkIjoiQXBwbGljYXRpb25JZCIsIlR5cGUiOiJiaWdpbnQoMjApIiwiTnVsbCI6IllFUyIsIktleSI6Ik1VTCIsIkRlZmF1bHQiOm51bGwsIkV4dHJhIjoiIn0seyJGaWVsZCI6Ik1vZHVsZVBhdGgiLCJUeXBlIjoidmFyY2hhcigyNTUpIiwiTnVsbCI6IllFUyIsIktleSI6IiIsIkRlZmF1bHQiOm51bGwsIkV4dHJhIjoiIn0seyJGaWVsZCI6IkFrc2lJZCIsIlR5cGUiOiJzbWFsbGludCg2KSIsIk51bGwiOiJZRVMiLCJLZXkiOiJNVUwiLCJEZWZhdWx0IjpudWxsLCJFeHRyYSI6IiJ9LHsiRmllbGQiOiJMYWJlbEFrc2kiLCJUeXBlIjoidmFyY2hhcig1MCkiLCJOdWxsIjoiWUVTIiwiS2V5IjoiIiwiRGVmYXVsdCI6bnVsbCwiRXh0cmEiOiIifSx7IkZpZWxkIjoiSGludCIsIlR5cGUiOiJ2YXJjaGFyKDEwMCkiLCJOdWxsIjoiWUVTIiwiS2V5IjoiIiwiRGVmYXVsdCI6bnVsbCwiRXh0cmEiOiIifSx7IkZpZWxkIjoiTmVlZFNzbCIsIlR5cGUiOiJlbnVtKCdZZXMnLCdObycpIiwiTnVsbCI6IllFUyIsIktleSI6IiIsIkRlZmF1bHQiOm51bGwsIkV4dHJhIjoiIn1dIjttZXNzZW5nZXJfcXVldWV8czoxNDQ6Ik86MTI6Ik1lc3NhZ2VRdWV1ZSI6Mzp7czozMToiAE1lc3NhZ2VRdWV1ZQBtQ3VycmVudFJlcXVlc3RJZCI7aToxO3M6Mjg6IgBNZXNzYWdlUXVldWUAbU5leHRSZXF1ZXN0SWQiO2k6MjtzOjIzOiIATWVzc2FnZVF1ZXVlAG1NZXNzYWdlcyI7YTowOnt9fSI7','2014-03-28 16:17:32'),('qrjjtcrl53tebjlfisdd488d75','aXNfbG9nZ2VkX2lufGI6MDt1c2VybmFtZXxzOjY6Im5vYm9keSI7c3RhcnRfa2V5fGk6OTgxO211bHRfa2V5fGk6MTI2NzQ7YWRkX2tleXxpOjM1ODkxO2FjY2Vzc19tb2R1bGV8YToyOntzOjY6Im1vZHVsZSI7czozOToieyJsb2dpbl9kZWZhdWx0bG9naW52aWV3aHRtbDIwMCI6Ijc2MiJ9IjtzOjQ6InVzZXIiO3M6ODoiIm5vYm9keSIiO31zYWx0fGk6MTc3NDY1OTY0ODtsb2dpbl9zYWx0fGk6MTc3NDY1OTY0ODtkZXNjcmliZV9ndGZ3X21vZHVsZXxzOjE1NzQ6Ilt7IkZpZWxkIjoiTW9kdWxlSWQiLCJUeXBlIjoiYmlnaW50KDIwKSB1bnNpZ25lZCIsIk51bGwiOiJOTyIsIktleSI6IlBSSSIsIkRlZmF1bHQiOm51bGwsIkV4dHJhIjoiYXV0b19pbmNyZW1lbnQifSx7IkZpZWxkIjoiTW9kdWxlIiwiVHlwZSI6InZhcmNoYXIoMTAwKSIsIk51bGwiOiJOTyIsIktleSI6IiIsIkRlZmF1bHQiOiIiLCJFeHRyYSI6IiJ9LHsiRmllbGQiOiJMYWJlbE1vZHVsZSIsIlR5cGUiOiJ2YXJjaGFyKDEwMCkiLCJOdWxsIjoiTk8iLCJLZXkiOiIiLCJEZWZhdWx0IjoiIiwiRXh0cmEiOiIifSx7IkZpZWxkIjoiU3ViTW9kdWxlIiwiVHlwZSI6InZhcmNoYXIoMTAwKSIsIk51bGwiOiJOTyIsIktleSI6IiIsIkRlZmF1bHQiOiIiLCJFeHRyYSI6IiJ9LHsiRmllbGQiOiJBY3Rpb24iLCJUeXBlIjoidmFyY2hhcigxMDApIiwiTnVsbCI6IllFUyIsIktleSI6IiIsIkRlZmF1bHQiOiJ2aWV3IiwiRXh0cmEiOiIifSx7IkZpZWxkIjoiVHlwZSIsIlR5cGUiOiJ2YXJjaGFyKDEwMCkiLCJOdWxsIjoiWUVTIiwiS2V5IjoiIiwiRGVmYXVsdCI6Imh0bWwiLCJFeHRyYSI6IiJ9LHsiRmllbGQiOiJEZXNjcmlwdGlvbiIsIlR5cGUiOiJ0ZXh0IiwiTnVsbCI6IllFUyIsIktleSI6IiIsIkRlZmF1bHQiOm51bGwsIkV4dHJhIjoiIn0seyJGaWVsZCI6IkFjY2VzcyIsIlR5cGUiOiJlbnVtKCdBbGwnLCdFeGNsdXNpdmUnKSIsIk51bGwiOiJOTyIsIktleSI6IiIsIkRlZmF1bHQiOiJFeGNsdXNpdmUiLCJFeHRyYSI6IiJ9LHsiRmllbGQiOiJTaG93IiwiVHlwZSI6ImVudW0oJ1llcycsJ05vJykiLCJOdWxsIjoiWUVTIiwiS2V5IjoiIiwiRGVmYXVsdCI6Ik5vIiwiRXh0cmEiOiIifSx7IkZpZWxkIjoiSWNvblBhdGgiLCJUeXBlIjoidmFyY2hhcigyNTUpIiwiTnVsbCI6IllFUyIsIktleSI6IiIsIkRlZmF1bHQiOm51bGwsIkV4dHJhIjoiIn0seyJGaWVsZCI6Ik1lbnVJZCIsIlR5cGUiOiJpbnQoNikiLCJOdWxsIjoiWUVTIiwiS2V5IjoiTVVMIiwiRGVmYXVsdCI6bnVsbCwiRXh0cmEiOiIifSx7IkZpZWxkIjoiQXBwbGljYXRpb25JZCIsIlR5cGUiOiJiaWdpbnQoMjApIiwiTnVsbCI6IllFUyIsIktleSI6Ik1VTCIsIkRlZmF1bHQiOm51bGwsIkV4dHJhIjoiIn0seyJGaWVsZCI6Ik1vZHVsZVBhdGgiLCJUeXBlIjoidmFyY2hhcigyNTUpIiwiTnVsbCI6IllFUyIsIktleSI6IiIsIkRlZmF1bHQiOm51bGwsIkV4dHJhIjoiIn0seyJGaWVsZCI6IkFrc2lJZCIsIlR5cGUiOiJzbWFsbGludCg2KSIsIk51bGwiOiJZRVMiLCJLZXkiOiJNVUwiLCJEZWZhdWx0IjpudWxsLCJFeHRyYSI6IiJ9LHsiRmllbGQiOiJMYWJlbEFrc2kiLCJUeXBlIjoidmFyY2hhcig1MCkiLCJOdWxsIjoiWUVTIiwiS2V5IjoiIiwiRGVmYXVsdCI6bnVsbCwiRXh0cmEiOiIifSx7IkZpZWxkIjoiSGludCIsIlR5cGUiOiJ2YXJjaGFyKDEwMCkiLCJOdWxsIjoiWUVTIiwiS2V5IjoiIiwiRGVmYXVsdCI6bnVsbCwiRXh0cmEiOiIifSx7IkZpZWxkIjoiTmVlZFNzbCIsIlR5cGUiOiJlbnVtKCdZZXMnLCdObycpIiwiTnVsbCI6IllFUyIsIktleSI6IiIsIkRlZmF1bHQiOm51bGwsIkV4dHJhIjoiIn1dIjttZXNzZW5nZXJfcXVldWV8czoxNDQ6Ik86MTI6Ik1lc3NhZ2VRdWV1ZSI6Mzp7czozMToiAE1lc3NhZ2VRdWV1ZQBtQ3VycmVudFJlcXVlc3RJZCI7aToxO3M6Mjg6IgBNZXNzYWdlUXVldWUAbU5leHRSZXF1ZXN0SWQiO2k6MjtzOjIzOiIATWVzc2FnZVF1ZXVlAG1NZXNzYWdlcyI7YTowOnt9fSI7','2014-03-28 16:17:37'),('oprsmsa542r5hmivac2imd6st1','aXNfbG9nZ2VkX2lufGI6MDt1c2VybmFtZXxzOjY6Im5vYm9keSI7c3RhcnRfa2V5fGk6OTgxO211bHRfa2V5fGk6MTI2NzQ7YWRkX2tleXxpOjM1ODkxO2FjY2Vzc19tb2R1bGV8YToyOntzOjY6Im1vZHVsZSI7czozOToieyJsb2dpbl9kZWZhdWx0bG9naW52aWV3aHRtbDIwMCI6Ijc2MiJ9IjtzOjQ6InVzZXIiO3M6ODoiIm5vYm9keSIiO31zYWx0fGk6MjAzOTY3ODI3NTtsb2dpbl9zYWx0fGk6MjAzOTY3ODI3NTtkZXNjcmliZV9ndGZ3X21vZHVsZXxzOjE1NzQ6Ilt7IkZpZWxkIjoiTW9kdWxlSWQiLCJUeXBlIjoiYmlnaW50KDIwKSB1bnNpZ25lZCIsIk51bGwiOiJOTyIsIktleSI6IlBSSSIsIkRlZmF1bHQiOm51bGwsIkV4dHJhIjoiYXV0b19pbmNyZW1lbnQifSx7IkZpZWxkIjoiTW9kdWxlIiwiVHlwZSI6InZhcmNoYXIoMTAwKSIsIk51bGwiOiJOTyIsIktleSI6IiIsIkRlZmF1bHQiOiIiLCJFeHRyYSI6IiJ9LHsiRmllbGQiOiJMYWJlbE1vZHVsZSIsIlR5cGUiOiJ2YXJjaGFyKDEwMCkiLCJOdWxsIjoiTk8iLCJLZXkiOiIiLCJEZWZhdWx0IjoiIiwiRXh0cmEiOiIifSx7IkZpZWxkIjoiU3ViTW9kdWxlIiwiVHlwZSI6InZhcmNoYXIoMTAwKSIsIk51bGwiOiJOTyIsIktleSI6IiIsIkRlZmF1bHQiOiIiLCJFeHRyYSI6IiJ9LHsiRmllbGQiOiJBY3Rpb24iLCJUeXBlIjoidmFyY2hhcigxMDApIiwiTnVsbCI6IllFUyIsIktleSI6IiIsIkRlZmF1bHQiOiJ2aWV3IiwiRXh0cmEiOiIifSx7IkZpZWxkIjoiVHlwZSIsIlR5cGUiOiJ2YXJjaGFyKDEwMCkiLCJOdWxsIjoiWUVTIiwiS2V5IjoiIiwiRGVmYXVsdCI6Imh0bWwiLCJFeHRyYSI6IiJ9LHsiRmllbGQiOiJEZXNjcmlwdGlvbiIsIlR5cGUiOiJ0ZXh0IiwiTnVsbCI6IllFUyIsIktleSI6IiIsIkRlZmF1bHQiOm51bGwsIkV4dHJhIjoiIn0seyJGaWVsZCI6IkFjY2VzcyIsIlR5cGUiOiJlbnVtKCdBbGwnLCdFeGNsdXNpdmUnKSIsIk51bGwiOiJOTyIsIktleSI6IiIsIkRlZmF1bHQiOiJFeGNsdXNpdmUiLCJFeHRyYSI6IiJ9LHsiRmllbGQiOiJTaG93IiwiVHlwZSI6ImVudW0oJ1llcycsJ05vJykiLCJOdWxsIjoiWUVTIiwiS2V5IjoiIiwiRGVmYXVsdCI6Ik5vIiwiRXh0cmEiOiIifSx7IkZpZWxkIjoiSWNvblBhdGgiLCJUeXBlIjoidmFyY2hhcigyNTUpIiwiTnVsbCI6IllFUyIsIktleSI6IiIsIkRlZmF1bHQiOm51bGwsIkV4dHJhIjoiIn0seyJGaWVsZCI6Ik1lbnVJZCIsIlR5cGUiOiJpbnQoNikiLCJOdWxsIjoiWUVTIiwiS2V5IjoiTVVMIiwiRGVmYXVsdCI6bnVsbCwiRXh0cmEiOiIifSx7IkZpZWxkIjoiQXBwbGljYXRpb25JZCIsIlR5cGUiOiJiaWdpbnQoMjApIiwiTnVsbCI6IllFUyIsIktleSI6Ik1VTCIsIkRlZmF1bHQiOm51bGwsIkV4dHJhIjoiIn0seyJGaWVsZCI6Ik1vZHVsZVBhdGgiLCJUeXBlIjoidmFyY2hhcigyNTUpIiwiTnVsbCI6IllFUyIsIktleSI6IiIsIkRlZmF1bHQiOm51bGwsIkV4dHJhIjoiIn0seyJGaWVsZCI6IkFrc2lJZCIsIlR5cGUiOiJzbWFsbGludCg2KSIsIk51bGwiOiJZRVMiLCJLZXkiOiJNVUwiLCJEZWZhdWx0IjpudWxsLCJFeHRyYSI6IiJ9LHsiRmllbGQiOiJMYWJlbEFrc2kiLCJUeXBlIjoidmFyY2hhcig1MCkiLCJOdWxsIjoiWUVTIiwiS2V5IjoiIiwiRGVmYXVsdCI6bnVsbCwiRXh0cmEiOiIifSx7IkZpZWxkIjoiSGludCIsIlR5cGUiOiJ2YXJjaGFyKDEwMCkiLCJOdWxsIjoiWUVTIiwiS2V5IjoiIiwiRGVmYXVsdCI6bnVsbCwiRXh0cmEiOiIifSx7IkZpZWxkIjoiTmVlZFNzbCIsIlR5cGUiOiJlbnVtKCdZZXMnLCdObycpIiwiTnVsbCI6IllFUyIsIktleSI6IiIsIkRlZmF1bHQiOm51bGwsIkV4dHJhIjoiIn1dIjttZXNzZW5nZXJfcXVldWV8czoxNDQ6Ik86MTI6Ik1lc3NhZ2VRdWV1ZSI6Mzp7czozMToiAE1lc3NhZ2VRdWV1ZQBtQ3VycmVudFJlcXVlc3RJZCI7aToxO3M6Mjg6IgBNZXNzYWdlUXVldWUAbU5leHRSZXF1ZXN0SWQiO2k6MjtzOjIzOiIATWVzc2FnZVF1ZXVlAG1NZXNzYWdlcyI7YTowOnt9fSI7','2014-03-28 16:17:38'),('cb90akmieu1vnf83crclo6kf60','aXNfbG9nZ2VkX2lufGI6MDt1c2VybmFtZXxzOjU6ImFkbWluIjtzdGFydF9rZXl8aTo5ODE7bXVsdF9rZXl8aToxMjY3NDthZGRfa2V5fGk6MzU4OTE7YWNjZXNzX21vZHVsZXxhOjI6e3M6NjoibW9kdWxlIjtzOjM3OiJ7ImxvZ2luX2RlZmF1bHRsb2dpbmRvaHRtbDIwMCI6Ijc1OSJ9IjtzOjQ6InVzZXIiO3M6ODoiIm5vYm9keSIiO31zYWx0fGk6MTg0NjA5NzEwO2FrdGl2ZV91c2VyX2dyb3VwX2lkfHM6MjoiNjMiO21lc3Nlbmdlcl9xdWV1ZXxzOjE0NDoiTzoxMjoiTWVzc2FnZVF1ZXVlIjozOntzOjMxOiIATWVzc2FnZVF1ZXVlAG1DdXJyZW50UmVxdWVzdElkIjtpOjE7czoyODoiAE1lc3NhZ2VRdWV1ZQBtTmV4dFJlcXVlc3RJZCI7aToyO3M6MjM6IgBNZXNzYWdlUXVldWUAbU1lc3NhZ2VzIjthOjA6e319Ijs=','2014-03-28 16:17:41'),('a40vq0c3l3a04ud8qnblu1b570','aXNfbG9nZ2VkX2lufGI6MDt1c2VybmFtZXxzOjY6Im5vYm9keSI7c3RhcnRfa2V5fGk6OTgxO211bHRfa2V5fGk6MTI2NzQ7YWRkX2tleXxpOjM1ODkxO2FjY2Vzc19tb2R1bGV8YToyOntzOjY6Im1vZHVsZSI7czozOToieyJsb2dpbl9kZWZhdWx0bG9naW52aWV3aHRtbDIwMCI6Ijc2MiJ9IjtzOjQ6InVzZXIiO3M6ODoiIm5vYm9keSIiO31zYWx0fGk6OTc4MDU1OTUxO2xvZ2luX3NhbHR8aTo5NzgwNTU5NTE7ZGVzY3JpYmVfZ3Rmd19tb2R1bGV8czoxNTc0OiJbeyJGaWVsZCI6Ik1vZHVsZUlkIiwiVHlwZSI6ImJpZ2ludCgyMCkgdW5zaWduZWQiLCJOdWxsIjoiTk8iLCJLZXkiOiJQUkkiLCJEZWZhdWx0IjpudWxsLCJFeHRyYSI6ImF1dG9faW5jcmVtZW50In0seyJGaWVsZCI6Ik1vZHVsZSIsIlR5cGUiOiJ2YXJjaGFyKDEwMCkiLCJOdWxsIjoiTk8iLCJLZXkiOiIiLCJEZWZhdWx0IjoiIiwiRXh0cmEiOiIifSx7IkZpZWxkIjoiTGFiZWxNb2R1bGUiLCJUeXBlIjoidmFyY2hhcigxMDApIiwiTnVsbCI6Ik5PIiwiS2V5IjoiIiwiRGVmYXVsdCI6IiIsIkV4dHJhIjoiIn0seyJGaWVsZCI6IlN1Yk1vZHVsZSIsIlR5cGUiOiJ2YXJjaGFyKDEwMCkiLCJOdWxsIjoiTk8iLCJLZXkiOiIiLCJEZWZhdWx0IjoiIiwiRXh0cmEiOiIifSx7IkZpZWxkIjoiQWN0aW9uIiwiVHlwZSI6InZhcmNoYXIoMTAwKSIsIk51bGwiOiJZRVMiLCJLZXkiOiIiLCJEZWZhdWx0IjoidmlldyIsIkV4dHJhIjoiIn0seyJGaWVsZCI6IlR5cGUiLCJUeXBlIjoidmFyY2hhcigxMDApIiwiTnVsbCI6IllFUyIsIktleSI6IiIsIkRlZmF1bHQiOiJodG1sIiwiRXh0cmEiOiIifSx7IkZpZWxkIjoiRGVzY3JpcHRpb24iLCJUeXBlIjoidGV4dCIsIk51bGwiOiJZRVMiLCJLZXkiOiIiLCJEZWZhdWx0IjpudWxsLCJFeHRyYSI6IiJ9LHsiRmllbGQiOiJBY2Nlc3MiLCJUeXBlIjoiZW51bSgnQWxsJywnRXhjbHVzaXZlJykiLCJOdWxsIjoiTk8iLCJLZXkiOiIiLCJEZWZhdWx0IjoiRXhjbHVzaXZlIiwiRXh0cmEiOiIifSx7IkZpZWxkIjoiU2hvdyIsIlR5cGUiOiJlbnVtKCdZZXMnLCdObycpIiwiTnVsbCI6IllFUyIsIktleSI6IiIsIkRlZmF1bHQiOiJObyIsIkV4dHJhIjoiIn0seyJGaWVsZCI6Ikljb25QYXRoIiwiVHlwZSI6InZhcmNoYXIoMjU1KSIsIk51bGwiOiJZRVMiLCJLZXkiOiIiLCJEZWZhdWx0IjpudWxsLCJFeHRyYSI6IiJ9LHsiRmllbGQiOiJNZW51SWQiLCJUeXBlIjoiaW50KDYpIiwiTnVsbCI6IllFUyIsIktleSI6Ik1VTCIsIkRlZmF1bHQiOm51bGwsIkV4dHJhIjoiIn0seyJGaWVsZCI6IkFwcGxpY2F0aW9uSWQiLCJUeXBlIjoiYmlnaW50KDIwKSIsIk51bGwiOiJZRVMiLCJLZXkiOiJNVUwiLCJEZWZhdWx0IjpudWxsLCJFeHRyYSI6IiJ9LHsiRmllbGQiOiJNb2R1bGVQYXRoIiwiVHlwZSI6InZhcmNoYXIoMjU1KSIsIk51bGwiOiJZRVMiLCJLZXkiOiIiLCJEZWZhdWx0IjpudWxsLCJFeHRyYSI6IiJ9LHsiRmllbGQiOiJBa3NpSWQiLCJUeXBlIjoic21hbGxpbnQoNikiLCJOdWxsIjoiWUVTIiwiS2V5IjoiTVVMIiwiRGVmYXVsdCI6bnVsbCwiRXh0cmEiOiIifSx7IkZpZWxkIjoiTGFiZWxBa3NpIiwiVHlwZSI6InZhcmNoYXIoNTApIiwiTnVsbCI6IllFUyIsIktleSI6IiIsIkRlZmF1bHQiOm51bGwsIkV4dHJhIjoiIn0seyJGaWVsZCI6IkhpbnQiLCJUeXBlIjoidmFyY2hhcigxMDApIiwiTnVsbCI6IllFUyIsIktleSI6IiIsIkRlZmF1bHQiOm51bGwsIkV4dHJhIjoiIn0seyJGaWVsZCI6Ik5lZWRTc2wiLCJUeXBlIjoiZW51bSgnWWVzJywnTm8nKSIsIk51bGwiOiJZRVMiLCJLZXkiOiIiLCJEZWZhdWx0IjpudWxsLCJFeHRyYSI6IiJ9XSI7bWVzc2VuZ2VyX3F1ZXVlfHM6MTQ0OiJPOjEyOiJNZXNzYWdlUXVldWUiOjM6e3M6MzE6IgBNZXNzYWdlUXVldWUAbUN1cnJlbnRSZXF1ZXN0SWQiO2k6MTtzOjI4OiIATWVzc2FnZVF1ZXVlAG1OZXh0UmVxdWVzdElkIjtpOjI7czoyMzoiAE1lc3NhZ2VRdWV1ZQBtTWVzc2FnZXMiO2E6MDp7fX0iOw==','2014-03-28 16:17:41'),('4hdiksslg1iu9d7f8485paaog6','aXNfbG9nZ2VkX2lufGI6MDt1c2VybmFtZXxzOjY6Im5vYm9keSI7c3RhcnRfa2V5fGk6OTgxO211bHRfa2V5fGk6MTI2NzQ7YWRkX2tleXxpOjM1ODkxO2FjY2Vzc19tb2R1bGV8YToyOntzOjY6Im1vZHVsZSI7czozOToieyJsb2dpbl9kZWZhdWx0bG9naW52aWV3aHRtbDIwMCI6Ijc2MiJ9IjtzOjQ6InVzZXIiO3M6ODoiIm5vYm9keSIiO31zYWx0fGk6MjA4NjQzNTE5O2xvZ2luX3NhbHR8aToyMDg2NDM1MTk7ZGVzY3JpYmVfZ3Rmd19tb2R1bGV8czoxNTc0OiJbeyJGaWVsZCI6Ik1vZHVsZUlkIiwiVHlwZSI6ImJpZ2ludCgyMCkgdW5zaWduZWQiLCJOdWxsIjoiTk8iLCJLZXkiOiJQUkkiLCJEZWZhdWx0IjpudWxsLCJFeHRyYSI6ImF1dG9faW5jcmVtZW50In0seyJGaWVsZCI6Ik1vZHVsZSIsIlR5cGUiOiJ2YXJjaGFyKDEwMCkiLCJOdWxsIjoiTk8iLCJLZXkiOiIiLCJEZWZhdWx0IjoiIiwiRXh0cmEiOiIifSx7IkZpZWxkIjoiTGFiZWxNb2R1bGUiLCJUeXBlIjoidmFyY2hhcigxMDApIiwiTnVsbCI6Ik5PIiwiS2V5IjoiIiwiRGVmYXVsdCI6IiIsIkV4dHJhIjoiIn0seyJGaWVsZCI6IlN1Yk1vZHVsZSIsIlR5cGUiOiJ2YXJjaGFyKDEwMCkiLCJOdWxsIjoiTk8iLCJLZXkiOiIiLCJEZWZhdWx0IjoiIiwiRXh0cmEiOiIifSx7IkZpZWxkIjoiQWN0aW9uIiwiVHlwZSI6InZhcmNoYXIoMTAwKSIsIk51bGwiOiJZRVMiLCJLZXkiOiIiLCJEZWZhdWx0IjoidmlldyIsIkV4dHJhIjoiIn0seyJGaWVsZCI6IlR5cGUiLCJUeXBlIjoidmFyY2hhcigxMDApIiwiTnVsbCI6IllFUyIsIktleSI6IiIsIkRlZmF1bHQiOiJodG1sIiwiRXh0cmEiOiIifSx7IkZpZWxkIjoiRGVzY3JpcHRpb24iLCJUeXBlIjoidGV4dCIsIk51bGwiOiJZRVMiLCJLZXkiOiIiLCJEZWZhdWx0IjpudWxsLCJFeHRyYSI6IiJ9LHsiRmllbGQiOiJBY2Nlc3MiLCJUeXBlIjoiZW51bSgnQWxsJywnRXhjbHVzaXZlJykiLCJOdWxsIjoiTk8iLCJLZXkiOiIiLCJEZWZhdWx0IjoiRXhjbHVzaXZlIiwiRXh0cmEiOiIifSx7IkZpZWxkIjoiU2hvdyIsIlR5cGUiOiJlbnVtKCdZZXMnLCdObycpIiwiTnVsbCI6IllFUyIsIktleSI6IiIsIkRlZmF1bHQiOiJObyIsIkV4dHJhIjoiIn0seyJGaWVsZCI6Ikljb25QYXRoIiwiVHlwZSI6InZhcmNoYXIoMjU1KSIsIk51bGwiOiJZRVMiLCJLZXkiOiIiLCJEZWZhdWx0IjpudWxsLCJFeHRyYSI6IiJ9LHsiRmllbGQiOiJNZW51SWQiLCJUeXBlIjoiaW50KDYpIiwiTnVsbCI6IllFUyIsIktleSI6Ik1VTCIsIkRlZmF1bHQiOm51bGwsIkV4dHJhIjoiIn0seyJGaWVsZCI6IkFwcGxpY2F0aW9uSWQiLCJUeXBlIjoiYmlnaW50KDIwKSIsIk51bGwiOiJZRVMiLCJLZXkiOiJNVUwiLCJEZWZhdWx0IjpudWxsLCJFeHRyYSI6IiJ9LHsiRmllbGQiOiJNb2R1bGVQYXRoIiwiVHlwZSI6InZhcmNoYXIoMjU1KSIsIk51bGwiOiJZRVMiLCJLZXkiOiIiLCJEZWZhdWx0IjpudWxsLCJFeHRyYSI6IiJ9LHsiRmllbGQiOiJBa3NpSWQiLCJUeXBlIjoic21hbGxpbnQoNikiLCJOdWxsIjoiWUVTIiwiS2V5IjoiTVVMIiwiRGVmYXVsdCI6bnVsbCwiRXh0cmEiOiIifSx7IkZpZWxkIjoiTGFiZWxBa3NpIiwiVHlwZSI6InZhcmNoYXIoNTApIiwiTnVsbCI6IllFUyIsIktleSI6IiIsIkRlZmF1bHQiOm51bGwsIkV4dHJhIjoiIn0seyJGaWVsZCI6IkhpbnQiLCJUeXBlIjoidmFyY2hhcigxMDApIiwiTnVsbCI6IllFUyIsIktleSI6IiIsIkRlZmF1bHQiOm51bGwsIkV4dHJhIjoiIn0seyJGaWVsZCI6Ik5lZWRTc2wiLCJUeXBlIjoiZW51bSgnWWVzJywnTm8nKSIsIk51bGwiOiJZRVMiLCJLZXkiOiIiLCJEZWZhdWx0IjpudWxsLCJFeHRyYSI6IiJ9XSI7bWVzc2VuZ2VyX3F1ZXVlfHM6MTQ0OiJPOjEyOiJNZXNzYWdlUXVldWUiOjM6e3M6MzE6IgBNZXNzYWdlUXVldWUAbUN1cnJlbnRSZXF1ZXN0SWQiO2k6MTtzOjI4OiIATWVzc2FnZVF1ZXVlAG1OZXh0UmVxdWVzdElkIjtpOjI7czoyMzoiAE1lc3NhZ2VRdWV1ZQBtTWVzc2FnZXMiO2E6MDp7fX0iOw==','2014-03-28 16:17:49'),('m1uk2003je4l1ks8c2drqr3d34','aXNfbG9nZ2VkX2lufGI6MDt1c2VybmFtZXxzOjY6Im5vYm9keSI7c3RhcnRfa2V5fGk6OTgxO211bHRfa2V5fGk6MTI2NzQ7YWRkX2tleXxpOjM1ODkxO2FjY2Vzc19tb2R1bGV8YToyOntzOjY6Im1vZHVsZSI7czozOToieyJsb2dpbl9kZWZhdWx0bG9naW52aWV3aHRtbDIwMCI6Ijc2MiJ9IjtzOjQ6InVzZXIiO3M6ODoiIm5vYm9keSIiO31zYWx0fGk6MTcyMDEzMzY1OTtsb2dpbl9zYWx0fGk6MTcyMDEzMzY1OTtkZXNjcmliZV9ndGZ3X21vZHVsZXxzOjE1NzQ6Ilt7IkZpZWxkIjoiTW9kdWxlSWQiLCJUeXBlIjoiYmlnaW50KDIwKSB1bnNpZ25lZCIsIk51bGwiOiJOTyIsIktleSI6IlBSSSIsIkRlZmF1bHQiOm51bGwsIkV4dHJhIjoiYXV0b19pbmNyZW1lbnQifSx7IkZpZWxkIjoiTW9kdWxlIiwiVHlwZSI6InZhcmNoYXIoMTAwKSIsIk51bGwiOiJOTyIsIktleSI6IiIsIkRlZmF1bHQiOiIiLCJFeHRyYSI6IiJ9LHsiRmllbGQiOiJMYWJlbE1vZHVsZSIsIlR5cGUiOiJ2YXJjaGFyKDEwMCkiLCJOdWxsIjoiTk8iLCJLZXkiOiIiLCJEZWZhdWx0IjoiIiwiRXh0cmEiOiIifSx7IkZpZWxkIjoiU3ViTW9kdWxlIiwiVHlwZSI6InZhcmNoYXIoMTAwKSIsIk51bGwiOiJOTyIsIktleSI6IiIsIkRlZmF1bHQiOiIiLCJFeHRyYSI6IiJ9LHsiRmllbGQiOiJBY3Rpb24iLCJUeXBlIjoidmFyY2hhcigxMDApIiwiTnVsbCI6IllFUyIsIktleSI6IiIsIkRlZmF1bHQiOiJ2aWV3IiwiRXh0cmEiOiIifSx7IkZpZWxkIjoiVHlwZSIsIlR5cGUiOiJ2YXJjaGFyKDEwMCkiLCJOdWxsIjoiWUVTIiwiS2V5IjoiIiwiRGVmYXVsdCI6Imh0bWwiLCJFeHRyYSI6IiJ9LHsiRmllbGQiOiJEZXNjcmlwdGlvbiIsIlR5cGUiOiJ0ZXh0IiwiTnVsbCI6IllFUyIsIktleSI6IiIsIkRlZmF1bHQiOm51bGwsIkV4dHJhIjoiIn0seyJGaWVsZCI6IkFjY2VzcyIsIlR5cGUiOiJlbnVtKCdBbGwnLCdFeGNsdXNpdmUnKSIsIk51bGwiOiJOTyIsIktleSI6IiIsIkRlZmF1bHQiOiJFeGNsdXNpdmUiLCJFeHRyYSI6IiJ9LHsiRmllbGQiOiJTaG93IiwiVHlwZSI6ImVudW0oJ1llcycsJ05vJykiLCJOdWxsIjoiWUVTIiwiS2V5IjoiIiwiRGVmYXVsdCI6Ik5vIiwiRXh0cmEiOiIifSx7IkZpZWxkIjoiSWNvblBhdGgiLCJUeXBlIjoidmFyY2hhcigyNTUpIiwiTnVsbCI6IllFUyIsIktleSI6IiIsIkRlZmF1bHQiOm51bGwsIkV4dHJhIjoiIn0seyJGaWVsZCI6Ik1lbnVJZCIsIlR5cGUiOiJpbnQoNikiLCJOdWxsIjoiWUVTIiwiS2V5IjoiTVVMIiwiRGVmYXVsdCI6bnVsbCwiRXh0cmEiOiIifSx7IkZpZWxkIjoiQXBwbGljYXRpb25JZCIsIlR5cGUiOiJiaWdpbnQoMjApIiwiTnVsbCI6IllFUyIsIktleSI6Ik1VTCIsIkRlZmF1bHQiOm51bGwsIkV4dHJhIjoiIn0seyJGaWVsZCI6Ik1vZHVsZVBhdGgiLCJUeXBlIjoidmFyY2hhcigyNTUpIiwiTnVsbCI6IllFUyIsIktleSI6IiIsIkRlZmF1bHQiOm51bGwsIkV4dHJhIjoiIn0seyJGaWVsZCI6IkFrc2lJZCIsIlR5cGUiOiJzbWFsbGludCg2KSIsIk51bGwiOiJZRVMiLCJLZXkiOiJNVUwiLCJEZWZhdWx0IjpudWxsLCJFeHRyYSI6IiJ9LHsiRmllbGQiOiJMYWJlbEFrc2kiLCJUeXBlIjoidmFyY2hhcig1MCkiLCJOdWxsIjoiWUVTIiwiS2V5IjoiIiwiRGVmYXVsdCI6bnVsbCwiRXh0cmEiOiIifSx7IkZpZWxkIjoiSGludCIsIlR5cGUiOiJ2YXJjaGFyKDEwMCkiLCJOdWxsIjoiWUVTIiwiS2V5IjoiIiwiRGVmYXVsdCI6bnVsbCwiRXh0cmEiOiIifSx7IkZpZWxkIjoiTmVlZFNzbCIsIlR5cGUiOiJlbnVtKCdZZXMnLCdObycpIiwiTnVsbCI6IllFUyIsIktleSI6IiIsIkRlZmF1bHQiOm51bGwsIkV4dHJhIjoiIn1dIjttZXNzZW5nZXJfcXVldWV8czoxNDQ6Ik86MTI6Ik1lc3NhZ2VRdWV1ZSI6Mzp7czozMToiAE1lc3NhZ2VRdWV1ZQBtQ3VycmVudFJlcXVlc3RJZCI7aToxO3M6Mjg6IgBNZXNzYWdlUXVldWUAbU5leHRSZXF1ZXN0SWQiO2k6MjtzOjIzOiIATWVzc2FnZVF1ZXVlAG1NZXNzYWdlcyI7YTowOnt9fSI7','2014-03-28 16:17:49'),('cb77rrrkkg1ce356pfibps69n5','aXNfbG9nZ2VkX2lufGI6MDt1c2VybmFtZXxzOjY6Im5vYm9keSI7c3RhcnRfa2V5fGk6OTgxO211bHRfa2V5fGk6MTI2NzQ7YWRkX2tleXxpOjM1ODkxO2FjY2Vzc19tb2R1bGV8YToyOntzOjY6Im1vZHVsZSI7czozOToieyJsb2dpbl9kZWZhdWx0bG9naW52aWV3aHRtbDIwMCI6Ijc2MiJ9IjtzOjQ6InVzZXIiO3M6ODoiIm5vYm9keSIiO31zYWx0fGk6MTEzNzM5NDY1MTtsb2dpbl9zYWx0fGk6MTEzNzM5NDY1MTtkZXNjcmliZV9ndGZ3X21vZHVsZXxzOjE1NzQ6Ilt7IkZpZWxkIjoiTW9kdWxlSWQiLCJUeXBlIjoiYmlnaW50KDIwKSB1bnNpZ25lZCIsIk51bGwiOiJOTyIsIktleSI6IlBSSSIsIkRlZmF1bHQiOm51bGwsIkV4dHJhIjoiYXV0b19pbmNyZW1lbnQifSx7IkZpZWxkIjoiTW9kdWxlIiwiVHlwZSI6InZhcmNoYXIoMTAwKSIsIk51bGwiOiJOTyIsIktleSI6IiIsIkRlZmF1bHQiOiIiLCJFeHRyYSI6IiJ9LHsiRmllbGQiOiJMYWJlbE1vZHVsZSIsIlR5cGUiOiJ2YXJjaGFyKDEwMCkiLCJOdWxsIjoiTk8iLCJLZXkiOiIiLCJEZWZhdWx0IjoiIiwiRXh0cmEiOiIifSx7IkZpZWxkIjoiU3ViTW9kdWxlIiwiVHlwZSI6InZhcmNoYXIoMTAwKSIsIk51bGwiOiJOTyIsIktleSI6IiIsIkRlZmF1bHQiOiIiLCJFeHRyYSI6IiJ9LHsiRmllbGQiOiJBY3Rpb24iLCJUeXBlIjoidmFyY2hhcigxMDApIiwiTnVsbCI6IllFUyIsIktleSI6IiIsIkRlZmF1bHQiOiJ2aWV3IiwiRXh0cmEiOiIifSx7IkZpZWxkIjoiVHlwZSIsIlR5cGUiOiJ2YXJjaGFyKDEwMCkiLCJOdWxsIjoiWUVTIiwiS2V5IjoiIiwiRGVmYXVsdCI6Imh0bWwiLCJFeHRyYSI6IiJ9LHsiRmllbGQiOiJEZXNjcmlwdGlvbiIsIlR5cGUiOiJ0ZXh0IiwiTnVsbCI6IllFUyIsIktleSI6IiIsIkRlZmF1bHQiOm51bGwsIkV4dHJhIjoiIn0seyJGaWVsZCI6IkFjY2VzcyIsIlR5cGUiOiJlbnVtKCdBbGwnLCdFeGNsdXNpdmUnKSIsIk51bGwiOiJOTyIsIktleSI6IiIsIkRlZmF1bHQiOiJFeGNsdXNpdmUiLCJFeHRyYSI6IiJ9LHsiRmllbGQiOiJTaG93IiwiVHlwZSI6ImVudW0oJ1llcycsJ05vJykiLCJOdWxsIjoiWUVTIiwiS2V5IjoiIiwiRGVmYXVsdCI6Ik5vIiwiRXh0cmEiOiIifSx7IkZpZWxkIjoiSWNvblBhdGgiLCJUeXBlIjoidmFyY2hhcigyNTUpIiwiTnVsbCI6IllFUyIsIktleSI6IiIsIkRlZmF1bHQiOm51bGwsIkV4dHJhIjoiIn0seyJGaWVsZCI6Ik1lbnVJZCIsIlR5cGUiOiJpbnQoNikiLCJOdWxsIjoiWUVTIiwiS2V5IjoiTVVMIiwiRGVmYXVsdCI6bnVsbCwiRXh0cmEiOiIifSx7IkZpZWxkIjoiQXBwbGljYXRpb25JZCIsIlR5cGUiOiJiaWdpbnQoMjApIiwiTnVsbCI6IllFUyIsIktleSI6Ik1VTCIsIkRlZmF1bHQiOm51bGwsIkV4dHJhIjoiIn0seyJGaWVsZCI6Ik1vZHVsZVBhdGgiLCJUeXBlIjoidmFyY2hhcigyNTUpIiwiTnVsbCI6IllFUyIsIktleSI6IiIsIkRlZmF1bHQiOm51bGwsIkV4dHJhIjoiIn0seyJGaWVsZCI6IkFrc2lJZCIsIlR5cGUiOiJzbWFsbGludCg2KSIsIk51bGwiOiJZRVMiLCJLZXkiOiJNVUwiLCJEZWZhdWx0IjpudWxsLCJFeHRyYSI6IiJ9LHsiRmllbGQiOiJMYWJlbEFrc2kiLCJUeXBlIjoidmFyY2hhcig1MCkiLCJOdWxsIjoiWUVTIiwiS2V5IjoiIiwiRGVmYXVsdCI6bnVsbCwiRXh0cmEiOiIifSx7IkZpZWxkIjoiSGludCIsIlR5cGUiOiJ2YXJjaGFyKDEwMCkiLCJOdWxsIjoiWUVTIiwiS2V5IjoiIiwiRGVmYXVsdCI6bnVsbCwiRXh0cmEiOiIifSx7IkZpZWxkIjoiTmVlZFNzbCIsIlR5cGUiOiJlbnVtKCdZZXMnLCdObycpIiwiTnVsbCI6IllFUyIsIktleSI6IiIsIkRlZmF1bHQiOm51bGwsIkV4dHJhIjoiIn1dIjttZXNzZW5nZXJfcXVldWV8czoxNDQ6Ik86MTI6Ik1lc3NhZ2VRdWV1ZSI6Mzp7czozMToiAE1lc3NhZ2VRdWV1ZQBtQ3VycmVudFJlcXVlc3RJZCI7aToxO3M6Mjg6IgBNZXNzYWdlUXVldWUAbU5leHRSZXF1ZXN0SWQiO2k6MjtzOjIzOiIATWVzc2FnZVF1ZXVlAG1NZXNzYWdlcyI7YTowOnt9fSI7','2014-03-28 16:17:54'),('fns30j1h9aikcaq3b70skrjur0','aXNfbG9nZ2VkX2lufGI6MDt1c2VybmFtZXxzOjU6ImFkbWluIjtzdGFydF9rZXl8aTo5ODE7bXVsdF9rZXl8aToxMjY3NDthZGRfa2V5fGk6MzU4OTE7YWNjZXNzX21vZHVsZXxhOjI6e3M6NjoibW9kdWxlIjtzOjM3OiJ7ImxvZ2luX2RlZmF1bHRsb2dpbmRvaHRtbDIwMCI6Ijc1OSJ9IjtzOjQ6InVzZXIiO3M6ODoiIm5vYm9keSIiO31zYWx0fGk6MTA0MDc0MDUwMztha3RpdmVfdXNlcl9ncm91cF9pZHxzOjI6IjYzIjttZXNzZW5nZXJfcXVldWV8czoxNDQ6Ik86MTI6Ik1lc3NhZ2VRdWV1ZSI6Mzp7czozMToiAE1lc3NhZ2VRdWV1ZQBtQ3VycmVudFJlcXVlc3RJZCI7aToxO3M6Mjg6IgBNZXNzYWdlUXVldWUAbU5leHRSZXF1ZXN0SWQiO2k6MjtzOjIzOiIATWVzc2FnZVF1ZXVlAG1NZXNzYWdlcyI7YTowOnt9fSI7','2014-03-28 16:17:58'),('58v1gratbdio4u7bcqqm9sdkb0','aXNfbG9nZ2VkX2lufGI6MDt1c2VybmFtZXxzOjY6Im5vYm9keSI7c3RhcnRfa2V5fGk6OTgxO211bHRfa2V5fGk6MTI2NzQ7YWRkX2tleXxpOjM1ODkxO2FjY2Vzc19tb2R1bGV8YToyOntzOjY6Im1vZHVsZSI7czozOToieyJsb2dpbl9kZWZhdWx0bG9naW52aWV3aHRtbDIwMCI6Ijc2MiJ9IjtzOjQ6InVzZXIiO3M6ODoiIm5vYm9keSIiO31zYWx0fGk6NTU3OTc5MTY7bG9naW5fc2FsdHxpOjU1Nzk3OTE2O2Rlc2NyaWJlX2d0ZndfbW9kdWxlfHM6MTU3NDoiW3siRmllbGQiOiJNb2R1bGVJZCIsIlR5cGUiOiJiaWdpbnQoMjApIHVuc2lnbmVkIiwiTnVsbCI6Ik5PIiwiS2V5IjoiUFJJIiwiRGVmYXVsdCI6bnVsbCwiRXh0cmEiOiJhdXRvX2luY3JlbWVudCJ9LHsiRmllbGQiOiJNb2R1bGUiLCJUeXBlIjoidmFyY2hhcigxMDApIiwiTnVsbCI6Ik5PIiwiS2V5IjoiIiwiRGVmYXVsdCI6IiIsIkV4dHJhIjoiIn0seyJGaWVsZCI6IkxhYmVsTW9kdWxlIiwiVHlwZSI6InZhcmNoYXIoMTAwKSIsIk51bGwiOiJOTyIsIktleSI6IiIsIkRlZmF1bHQiOiIiLCJFeHRyYSI6IiJ9LHsiRmllbGQiOiJTdWJNb2R1bGUiLCJUeXBlIjoidmFyY2hhcigxMDApIiwiTnVsbCI6Ik5PIiwiS2V5IjoiIiwiRGVmYXVsdCI6IiIsIkV4dHJhIjoiIn0seyJGaWVsZCI6IkFjdGlvbiIsIlR5cGUiOiJ2YXJjaGFyKDEwMCkiLCJOdWxsIjoiWUVTIiwiS2V5IjoiIiwiRGVmYXVsdCI6InZpZXciLCJFeHRyYSI6IiJ9LHsiRmllbGQiOiJUeXBlIiwiVHlwZSI6InZhcmNoYXIoMTAwKSIsIk51bGwiOiJZRVMiLCJLZXkiOiIiLCJEZWZhdWx0IjoiaHRtbCIsIkV4dHJhIjoiIn0seyJGaWVsZCI6IkRlc2NyaXB0aW9uIiwiVHlwZSI6InRleHQiLCJOdWxsIjoiWUVTIiwiS2V5IjoiIiwiRGVmYXVsdCI6bnVsbCwiRXh0cmEiOiIifSx7IkZpZWxkIjoiQWNjZXNzIiwiVHlwZSI6ImVudW0oJ0FsbCcsJ0V4Y2x1c2l2ZScpIiwiTnVsbCI6Ik5PIiwiS2V5IjoiIiwiRGVmYXVsdCI6IkV4Y2x1c2l2ZSIsIkV4dHJhIjoiIn0seyJGaWVsZCI6IlNob3ciLCJUeXBlIjoiZW51bSgnWWVzJywnTm8nKSIsIk51bGwiOiJZRVMiLCJLZXkiOiIiLCJEZWZhdWx0IjoiTm8iLCJFeHRyYSI6IiJ9LHsiRmllbGQiOiJJY29uUGF0aCIsIlR5cGUiOiJ2YXJjaGFyKDI1NSkiLCJOdWxsIjoiWUVTIiwiS2V5IjoiIiwiRGVmYXVsdCI6bnVsbCwiRXh0cmEiOiIifSx7IkZpZWxkIjoiTWVudUlkIiwiVHlwZSI6ImludCg2KSIsIk51bGwiOiJZRVMiLCJLZXkiOiJNVUwiLCJEZWZhdWx0IjpudWxsLCJFeHRyYSI6IiJ9LHsiRmllbGQiOiJBcHBsaWNhdGlvbklkIiwiVHlwZSI6ImJpZ2ludCgyMCkiLCJOdWxsIjoiWUVTIiwiS2V5IjoiTVVMIiwiRGVmYXVsdCI6bnVsbCwiRXh0cmEiOiIifSx7IkZpZWxkIjoiTW9kdWxlUGF0aCIsIlR5cGUiOiJ2YXJjaGFyKDI1NSkiLCJOdWxsIjoiWUVTIiwiS2V5IjoiIiwiRGVmYXVsdCI6bnVsbCwiRXh0cmEiOiIifSx7IkZpZWxkIjoiQWtzaUlkIiwiVHlwZSI6InNtYWxsaW50KDYpIiwiTnVsbCI6IllFUyIsIktleSI6Ik1VTCIsIkRlZmF1bHQiOm51bGwsIkV4dHJhIjoiIn0seyJGaWVsZCI6IkxhYmVsQWtzaSIsIlR5cGUiOiJ2YXJjaGFyKDUwKSIsIk51bGwiOiJZRVMiLCJLZXkiOiIiLCJEZWZhdWx0IjpudWxsLCJFeHRyYSI6IiJ9LHsiRmllbGQiOiJIaW50IiwiVHlwZSI6InZhcmNoYXIoMTAwKSIsIk51bGwiOiJZRVMiLCJLZXkiOiIiLCJEZWZhdWx0IjpudWxsLCJFeHRyYSI6IiJ9LHsiRmllbGQiOiJOZWVkU3NsIiwiVHlwZSI6ImVudW0oJ1llcycsJ05vJykiLCJOdWxsIjoiWUVTIiwiS2V5IjoiIiwiRGVmYXVsdCI6bnVsbCwiRXh0cmEiOiIifV0iO21lc3Nlbmdlcl9xdWV1ZXxzOjE0NDoiTzoxMjoiTWVzc2FnZVF1ZXVlIjozOntzOjMxOiIATWVzc2FnZVF1ZXVlAG1DdXJyZW50UmVxdWVzdElkIjtpOjE7czoyODoiAE1lc3NhZ2VRdWV1ZQBtTmV4dFJlcXVlc3RJZCI7aToyO3M6MjM6IgBNZXNzYWdlUXVldWUAbU1lc3NhZ2VzIjthOjA6e319Ijs=','2014-03-28 16:17:58'),('dsl6ctii8nb4k1pisbqt641ov1','dGFibGVfZ3Rmd19jb25maWdfYXZhaWxhYmxlfGE6MTp7aTowO2E6MTp7czozNToiVGFibGVzX2luX2d0ZndfcHVibGljIChndGZ3X2NvbmZpZykiO3M6MTE6Imd0ZndfY29uZmlnIjt9fWNoZWNrX2d0ZndfbWVudV90YWJsZXxhOjE6e2k6MDthOjE6e3M6MzM6IlRhYmxlc19pbl9ndGZ3X3B1YmxpYyAoZ3Rmd19tZW51KSI7czo5OiJndGZ3X21lbnUiO319bWVzc2VuZ2VyX3F1ZXVlfHM6MTQ2OiJPOjEyOiJNZXNzYWdlUXVldWUiOjM6e3M6MzE6IgBNZXNzYWdlUXVldWUAbUN1cnJlbnRSZXF1ZXN0SWQiO2k6ODI7czoyODoiAE1lc3NhZ2VRdWV1ZQBtTmV4dFJlcXVlc3RJZCI7aTo4MztzOjIzOiIATWVzc2FnZVF1ZXVlAG1NZXNzYWdlcyI7YTowOnt9fSI7c3RhcnRfa2V5fGk6NDc3NDAzMTY4O211bHRfa2V5fGk6Mzc5ODQwOTgwO2FkZF9rZXl8aToxNjMyNTk3ODYyO2lzX2xvZ2dlZF9pbnxiOjE7dXNlcm5hbWV8czo1OiJhZG1pbiI7c2FsdHxpOjE2MDIxNTQ3OTtsb2dpbl9zYWx0fGk6MTYwMjE1NDc5O2Rlc2NyaWJlX2d0ZndfbW9kdWxlfHM6MTU3NDoiW3siRmllbGQiOiJNb2R1bGVJZCIsIlR5cGUiOiJiaWdpbnQoMjApIHVuc2lnbmVkIiwiTnVsbCI6Ik5PIiwiS2V5IjoiUFJJIiwiRGVmYXVsdCI6bnVsbCwiRXh0cmEiOiJhdXRvX2luY3JlbWVudCJ9LHsiRmllbGQiOiJNb2R1bGUiLCJUeXBlIjoidmFyY2hhcigxMDApIiwiTnVsbCI6Ik5PIiwiS2V5IjoiIiwiRGVmYXVsdCI6IiIsIkV4dHJhIjoiIn0seyJGaWVsZCI6IkxhYmVsTW9kdWxlIiwiVHlwZSI6InZhcmNoYXIoMTAwKSIsIk51bGwiOiJOTyIsIktleSI6IiIsIkRlZmF1bHQiOiIiLCJFeHRyYSI6IiJ9LHsiRmllbGQiOiJTdWJNb2R1bGUiLCJUeXBlIjoidmFyY2hhcigxMDApIiwiTnVsbCI6Ik5PIiwiS2V5IjoiIiwiRGVmYXVsdCI6IiIsIkV4dHJhIjoiIn0seyJGaWVsZCI6IkFjdGlvbiIsIlR5cGUiOiJ2YXJjaGFyKDEwMCkiLCJOdWxsIjoiWUVTIiwiS2V5IjoiIiwiRGVmYXVsdCI6InZpZXciLCJFeHRyYSI6IiJ9LHsiRmllbGQiOiJUeXBlIiwiVHlwZSI6InZhcmNoYXIoMTAwKSIsIk51bGwiOiJZRVMiLCJLZXkiOiIiLCJEZWZhdWx0IjoiaHRtbCIsIkV4dHJhIjoiIn0seyJGaWVsZCI6IkRlc2NyaXB0aW9uIiwiVHlwZSI6InRleHQiLCJOdWxsIjoiWUVTIiwiS2V5IjoiIiwiRGVmYXVsdCI6bnVsbCwiRXh0cmEiOiIifSx7IkZpZWxkIjoiQWNjZXNzIiwiVHlwZSI6ImVudW0oJ0FsbCcsJ0V4Y2x1c2l2ZScpIiwiTnVsbCI6Ik5PIiwiS2V5IjoiIiwiRGVmYXVsdCI6IkV4Y2x1c2l2ZSIsIkV4dHJhIjoiIn0seyJGaWVsZCI6IlNob3ciLCJUeXBlIjoiZW51bSgnWWVzJywnTm8nKSIsIk51bGwiOiJZRVMiLCJLZXkiOiIiLCJEZWZhdWx0IjoiTm8iLCJFeHRyYSI6IiJ9LHsiRmllbGQiOiJJY29uUGF0aCIsIlR5cGUiOiJ2YXJjaGFyKDI1NSkiLCJOdWxsIjoiWUVTIiwiS2V5IjoiIiwiRGVmYXVsdCI6bnVsbCwiRXh0cmEiOiIifSx7IkZpZWxkIjoiTWVudUlkIiwiVHlwZSI6ImludCg2KSIsIk51bGwiOiJZRVMiLCJLZXkiOiJNVUwiLCJEZWZhdWx0IjpudWxsLCJFeHRyYSI6IiJ9LHsiRmllbGQiOiJBcHBsaWNhdGlvbklkIiwiVHlwZSI6ImJpZ2ludCgyMCkiLCJOdWxsIjoiWUVTIiwiS2V5IjoiTVVMIiwiRGVmYXVsdCI6bnVsbCwiRXh0cmEiOiIifSx7IkZpZWxkIjoiTW9kdWxlUGF0aCIsIlR5cGUiOiJ2YXJjaGFyKDI1NSkiLCJOdWxsIjoiWUVTIiwiS2V5IjoiIiwiRGVmYXVsdCI6bnVsbCwiRXh0cmEiOiIifSx7IkZpZWxkIjoiQWtzaUlkIiwiVHlwZSI6InNtYWxsaW50KDYpIiwiTnVsbCI6IllFUyIsIktleSI6Ik1VTCIsIkRlZmF1bHQiOm51bGwsIkV4dHJhIjoiIn0seyJGaWVsZCI6IkxhYmVsQWtzaSIsIlR5cGUiOiJ2YXJjaGFyKDUwKSIsIk51bGwiOiJZRVMiLCJLZXkiOiIiLCJEZWZhdWx0IjpudWxsLCJFeHRyYSI6IiJ9LHsiRmllbGQiOiJIaW50IiwiVHlwZSI6InZhcmNoYXIoMTAwKSIsIk51bGwiOiJZRVMiLCJLZXkiOiIiLCJEZWZhdWx0IjpudWxsLCJFeHRyYSI6IiJ9LHsiRmllbGQiOiJOZWVkU3NsIiwiVHlwZSI6ImVudW0oJ1llcycsJ05vJykiLCJOdWxsIjoiWUVTIiwiS2V5IjoiIiwiRGVmYXVsdCI6bnVsbCwiRXh0cmEiOiIifV0iO2FrdGl2ZV91c2VyX2dyb3VwX2lkfHM6MjoiNjMiO2FjY2Vzc19tb2R1bGV8YTozOntzOjExOiJtb2R1bGVDb3VudCI7czo0OiIiMzIiIjtzOjY6Im1vZHVsZSI7czo2MzA6InsibG9naW5fZGVmYXVsdGxvZ2ludmlld2h0bWwyMDAiOiIwIiwibG9naW5fZGVmYXVsdGxvZ2luZG9odG1sMjAwIjoiMCIsImhvbWVob21ldmlld2h0bWwyMDAiOiIwIiwiaGVhZGVyaGVhZGVydmlld2h0bWwyMDAiOiIwIiwibmF2aWdhdGlvbm5hdmlnYXRpb252aWV3aHRtbDIwMCI6IjAiLCJtZW51bWVudXZpZXdodG1sMjAwIjoiMCIsInRlc3RUZXN0Vmlld2h0bWwyMDAiOiIwIiwiZ3Rmd19tZW51TWVudVZpZXdodG1sMjAwIjoiMCIsImd0ZndfZ3JvdXBHcm91cFZpZXdodG1sMjAwIjoiMCIsImd0ZndfdXNlclVzZXJWaWV3aHRtbDIwMCI6IjAiLCJwYWdpbmdwYWdpbmd2aWV3aHRtbDIwMCI6IjAiLCJndGZ3X21vZHVsZWd0ZndNb2R1bGV2aWV3aHRtbDIwMCI6IjAiLCJndGZ3X21lbnVhZGR2aWV3aHRtbDIwMCI6IjAiLCJjb21ib2JveGNvbWJvYm94dmlld2h0bWwyMDAiOiIwIiwiZ3Rmd19tb2R1bGVndGZ3U3ViTW9kdWxldmlld2h0bWwyMDAiOiIwIiwiZ3Rmd19ncm91cGlucHV0R3JvdXB2aWV3aHRtbDIwMCI6IjE3NzgiLCJndGZ3X2dyb3VwdXBkYXRlR3JvdXBkb2pzb24yMDAiOiIxNzc2IiwiZ3Rmd19ncm91cGdyb3Vwdmlld2h0bWwyMDAiOiIxNzc3IiwidGVzdGV4Y2Vsdmlld3hsczIwMCI6IjAifSI7czo0OiJ1c2VyIjtzOjc6IiJhZG1pbiIiO30=','2014-04-01 13:16:51'),('2d75vouo6hdmo1egrm8vehmv85','dGFibGVfZ3Rmd19jb25maWdfYXZhaWxhYmxlfGE6MTp7aTowO2E6MTp7czozNToiVGFibGVzX2luX2d0ZndfcHVibGljIChndGZ3X2NvbmZpZykiO3M6MTE6Imd0ZndfY29uZmlnIjt9fWNoZWNrX2d0ZndfbWVudV90YWJsZXxhOjE6e2k6MDthOjE6e3M6MzM6IlRhYmxlc19pbl9ndGZ3X3B1YmxpYyAoZ3Rmd19tZW51KSI7czo5OiJndGZ3X21lbnUiO319bWVzc2VuZ2VyX3F1ZXVlfHM6NDc1OiJPOjEyOiJNZXNzYWdlUXVldWUiOjM6e3M6MzE6IgBNZXNzYWdlUXVldWUAbUN1cnJlbnRSZXF1ZXN0SWQiO2k6NDc7czoyODoiAE1lc3NhZ2VRdWV1ZQBtTmV4dFJlcXVlc3RJZCI7aTo0ODtzOjIzOiIATWVzc2FnZVF1ZXVlAG1NZXNzYWdlcyI7YToxOntzOjc1OiIvbWVkaWEvd3d3L3d3dy9yaXNldC9hcHAvbW9kdWxlL2d0ZndfbWVudS9yZXNwb25zZS9WaWV3TWVudS5odG1sLmNsYXNzLnBocF8iO2E6MTp7aToxMTtPOjc6Ik1lc3NhZ2UiOjM6e3M6MTk6IgBNZXNzYWdlAG1SZXF1ZXN0SWQiO2k6MDtzOjE3OiIATWVzc2FnZQBtTWVzc2FnZSI7YToxOntpOjA7YTo1OntzOjQ6InBhZ2UiO2k6MTtzOjc6ImRpc3BsYXkiO2k6NTA7czo1OiJzdGFydCI7aTowO3M6NDoibmFtZSI7czoxNjoiYWxlcnQoXCdoZWxsb1wnKSI7czo3OiJidG5jYXJpIjtzOjEzOiIgVGFtcGlsa2FuIMK7Ijt9fXM6MTM6IgBNZXNzYWdlAG1PbGQiO2I6MDt9fX19IjtzdGFydF9rZXl8aToyMTA3MjI3MjA5O211bHRfa2V5fGk6MTI4MzUyOTgxMTthZGRfa2V5fGk6NDU2MDMxMjY3O2lzX2xvZ2dlZF9pbnxiOjE7dXNlcm5hbWV8czo1OiJhZG1pbiI7c2FsdHxpOjQzNTg5MzU1ODtsb2dpbl9zYWx0fGk6NDM1ODkzNTU4O2Rlc2NyaWJlX2d0ZndfbW9kdWxlfHM6MTU3NDoiW3siRmllbGQiOiJNb2R1bGVJZCIsIlR5cGUiOiJiaWdpbnQoMjApIHVuc2lnbmVkIiwiTnVsbCI6Ik5PIiwiS2V5IjoiUFJJIiwiRGVmYXVsdCI6bnVsbCwiRXh0cmEiOiJhdXRvX2luY3JlbWVudCJ9LHsiRmllbGQiOiJNb2R1bGUiLCJUeXBlIjoidmFyY2hhcigxMDApIiwiTnVsbCI6Ik5PIiwiS2V5IjoiIiwiRGVmYXVsdCI6IiIsIkV4dHJhIjoiIn0seyJGaWVsZCI6IkxhYmVsTW9kdWxlIiwiVHlwZSI6InZhcmNoYXIoMTAwKSIsIk51bGwiOiJOTyIsIktleSI6IiIsIkRlZmF1bHQiOiIiLCJFeHRyYSI6IiJ9LHsiRmllbGQiOiJTdWJNb2R1bGUiLCJUeXBlIjoidmFyY2hhcigxMDApIiwiTnVsbCI6Ik5PIiwiS2V5IjoiIiwiRGVmYXVsdCI6IiIsIkV4dHJhIjoiIn0seyJGaWVsZCI6IkFjdGlvbiIsIlR5cGUiOiJ2YXJjaGFyKDEwMCkiLCJOdWxsIjoiWUVTIiwiS2V5IjoiIiwiRGVmYXVsdCI6InZpZXciLCJFeHRyYSI6IiJ9LHsiRmllbGQiOiJUeXBlIiwiVHlwZSI6InZhcmNoYXIoMTAwKSIsIk51bGwiOiJZRVMiLCJLZXkiOiIiLCJEZWZhdWx0IjoiaHRtbCIsIkV4dHJhIjoiIn0seyJGaWVsZCI6IkRlc2NyaXB0aW9uIiwiVHlwZSI6InRleHQiLCJOdWxsIjoiWUVTIiwiS2V5IjoiIiwiRGVmYXVsdCI6bnVsbCwiRXh0cmEiOiIifSx7IkZpZWxkIjoiQWNjZXNzIiwiVHlwZSI6ImVudW0oJ0FsbCcsJ0V4Y2x1c2l2ZScpIiwiTnVsbCI6Ik5PIiwiS2V5IjoiIiwiRGVmYXVsdCI6IkV4Y2x1c2l2ZSIsIkV4dHJhIjoiIn0seyJGaWVsZCI6IlNob3ciLCJUeXBlIjoiZW51bSgnWWVzJywnTm8nKSIsIk51bGwiOiJZRVMiLCJLZXkiOiIiLCJEZWZhdWx0IjoiTm8iLCJFeHRyYSI6IiJ9LHsiRmllbGQiOiJJY29uUGF0aCIsIlR5cGUiOiJ2YXJjaGFyKDI1NSkiLCJOdWxsIjoiWUVTIiwiS2V5IjoiIiwiRGVmYXVsdCI6bnVsbCwiRXh0cmEiOiIifSx7IkZpZWxkIjoiTWVudUlkIiwiVHlwZSI6ImludCg2KSIsIk51bGwiOiJZRVMiLCJLZXkiOiJNVUwiLCJEZWZhdWx0IjpudWxsLCJFeHRyYSI6IiJ9LHsiRmllbGQiOiJBcHBsaWNhdGlvbklkIiwiVHlwZSI6ImJpZ2ludCgyMCkiLCJOdWxsIjoiWUVTIiwiS2V5IjoiTVVMIiwiRGVmYXVsdCI6bnVsbCwiRXh0cmEiOiIifSx7IkZpZWxkIjoiTW9kdWxlUGF0aCIsIlR5cGUiOiJ2YXJjaGFyKDI1NSkiLCJOdWxsIjoiWUVTIiwiS2V5IjoiIiwiRGVmYXVsdCI6bnVsbCwiRXh0cmEiOiIifSx7IkZpZWxkIjoiQWtzaUlkIiwiVHlwZSI6InNtYWxsaW50KDYpIiwiTnVsbCI6IllFUyIsIktleSI6Ik1VTCIsIkRlZmF1bHQiOm51bGwsIkV4dHJhIjoiIn0seyJGaWVsZCI6IkxhYmVsQWtzaSIsIlR5cGUiOiJ2YXJjaGFyKDUwKSIsIk51bGwiOiJZRVMiLCJLZXkiOiIiLCJEZWZhdWx0IjpudWxsLCJFeHRyYSI6IiJ9LHsiRmllbGQiOiJIaW50IiwiVHlwZSI6InZhcmNoYXIoMTAwKSIsIk51bGwiOiJZRVMiLCJLZXkiOiIiLCJEZWZhdWx0IjpudWxsLCJFeHRyYSI6IiJ9LHsiRmllbGQiOiJOZWVkU3NsIiwiVHlwZSI6ImVudW0oJ1llcycsJ05vJykiLCJOdWxsIjoiWUVTIiwiS2V5IjoiIiwiRGVmYXVsdCI6bnVsbCwiRXh0cmEiOiIifV0iO2FrdGl2ZV91c2VyX2dyb3VwX2lkfHM6MjoiNjMiO2FjY2Vzc19tb2R1bGV8YTozOntzOjExOiJtb2R1bGVDb3VudCI7czo0OiIiMzIiIjtzOjY6Im1vZHVsZSI7czo1NDE6InsibG9naW5fZGVmYXVsdGxvZ2ludmlld2h0bWwyMDAiOiI3NjIiLCJsb2dpbl9kZWZhdWx0bG9naW5kb2h0bWwyMDAiOiI3NTkiLCJob21laG9tZXZpZXdodG1sMjAwIjoiNzU3IiwiaGVhZGVyaGVhZGVydmlld2h0bWwyMDAiOiIxMjU5IiwibmF2aWdhdGlvbm5hdmlnYXRpb252aWV3aHRtbDIwMCI6IjEyNTgiLCJtZW51bWVudXZpZXdodG1sMjAwIjoiNzYzIiwidGVzdFRlc3RWaWV3aHRtbDIwMCI6IjAiLCJndGZ3X2dyb3VwR3JvdXBWaWV3aHRtbDIwMCI6IjE3NzciLCJndGZ3X2dyb3VwaW5wdXRHcm91cHZpZXdodG1sMjAwIjoiMTc3OCIsImNvbWJvYm94Y29tYm9ib3h2aWV3aHRtbDIwMCI6Ijc0NyIsImd0ZndfZ3JvdXB1cGRhdGVHcm91cGRvanNvbjIwMCI6IjE3NzYiLCJndGZ3X2dyb3VwZ3JvdXB2aWV3aHRtbDIwMCI6IjE3NzciLCJ0ZXN0ZXhjZWx2aWV3eGxzMjAwIjoiMCIsImd0ZndfbWVudU1lbnVWaWV3aHRtbDIwMCI6IjAiLCJwYWdpbmdwYWdpbmd2aWV3aHRtbDIwMCI6IjAiLCJndGZ3X3VzZXJVc2VyVmlld2h0bWwyMDAiOiIxNzkwIn0iO3M6NDoidXNlciI7czo3OiIiYWRtaW4iIjt9','2014-04-01 14:46:11'),('mhivo4v6io8shs071cn2vur8a7','dGFibGVfZ3Rmd19jb25maWdfYXZhaWxhYmxlfGE6MTp7aTowO2E6MTp7czozNToiVGFibGVzX2luX2d0ZndfcHVibGljIChndGZ3X2NvbmZpZykiO3M6MTE6Imd0ZndfY29uZmlnIjt9fWNoZWNrX2d0ZndfbWVudV90YWJsZXxhOjE6e2k6MDthOjE6e3M6MzM6IlRhYmxlc19pbl9ndGZ3X3B1YmxpYyAoZ3Rmd19tZW51KSI7czo5OiJndGZ3X21lbnUiO319bWVzc2VuZ2VyX3F1ZXVlfHM6NDAyOiJPOjEyOiJNZXNzYWdlUXVldWUiOjM6e3M6MzE6IgBNZXNzYWdlUXVldWUAbUN1cnJlbnRSZXF1ZXN0SWQiO2k6NTtzOjI4OiIATWVzc2FnZVF1ZXVlAG1OZXh0UmVxdWVzdElkIjtpOjY7czoyMzoiAE1lc3NhZ2VRdWV1ZQBtTWVzc2FnZXMiO2E6MTp7czo3NToiL21lZGlhL3d3dy93d3cvcmlzZXQvYXBwL21vZHVsZS9ndGZ3X21lbnUvcmVzcG9uc2UvVmlld01lbnUuaHRtbC5jbGFzcy5waHBfIjthOjE6e2k6MDtPOjc6Ik1lc3NhZ2UiOjM6e3M6MTk6IgBNZXNzYWdlAG1SZXF1ZXN0SWQiO2k6MDtzOjE3OiIATWVzc2FnZQBtTWVzc2FnZSI7YToxOntpOjA7YTozOntzOjQ6InBhZ2UiO2k6MTtzOjc6ImRpc3BsYXkiO2k6NTA7czo1OiJzdGFydCI7aTowO319czoxMzoiAE1lc3NhZ2UAbU9sZCI7YjowO319fX0iO3N0YXJ0X2tleXxpOjIxMzM2Nzk5OTg7bXVsdF9rZXl8aTozNDE5MzUyNTQ7YWRkX2tleXxpOjEyMjYzMTQ2NDA7aXNfbG9nZ2VkX2lufGI6MTt1c2VybmFtZXxzOjU6ImFkbWluIjtzYWx0fGk6MjA0Nzk4MjY3OTtsb2dpbl9zYWx0fGk6MjA0Nzk4MjY3OTtkZXNjcmliZV9ndGZ3X21vZHVsZXxzOjE1NzQ6Ilt7IkZpZWxkIjoiTW9kdWxlSWQiLCJUeXBlIjoiYmlnaW50KDIwKSB1bnNpZ25lZCIsIk51bGwiOiJOTyIsIktleSI6IlBSSSIsIkRlZmF1bHQiOm51bGwsIkV4dHJhIjoiYXV0b19pbmNyZW1lbnQifSx7IkZpZWxkIjoiTW9kdWxlIiwiVHlwZSI6InZhcmNoYXIoMTAwKSIsIk51bGwiOiJOTyIsIktleSI6IiIsIkRlZmF1bHQiOiIiLCJFeHRyYSI6IiJ9LHsiRmllbGQiOiJMYWJlbE1vZHVsZSIsIlR5cGUiOiJ2YXJjaGFyKDEwMCkiLCJOdWxsIjoiTk8iLCJLZXkiOiIiLCJEZWZhdWx0IjoiIiwiRXh0cmEiOiIifSx7IkZpZWxkIjoiU3ViTW9kdWxlIiwiVHlwZSI6InZhcmNoYXIoMTAwKSIsIk51bGwiOiJOTyIsIktleSI6IiIsIkRlZmF1bHQiOiIiLCJFeHRyYSI6IiJ9LHsiRmllbGQiOiJBY3Rpb24iLCJUeXBlIjoidmFyY2hhcigxMDApIiwiTnVsbCI6IllFUyIsIktleSI6IiIsIkRlZmF1bHQiOiJ2aWV3IiwiRXh0cmEiOiIifSx7IkZpZWxkIjoiVHlwZSIsIlR5cGUiOiJ2YXJjaGFyKDEwMCkiLCJOdWxsIjoiWUVTIiwiS2V5IjoiIiwiRGVmYXVsdCI6Imh0bWwiLCJFeHRyYSI6IiJ9LHsiRmllbGQiOiJEZXNjcmlwdGlvbiIsIlR5cGUiOiJ0ZXh0IiwiTnVsbCI6IllFUyIsIktleSI6IiIsIkRlZmF1bHQiOm51bGwsIkV4dHJhIjoiIn0seyJGaWVsZCI6IkFjY2VzcyIsIlR5cGUiOiJlbnVtKCdBbGwnLCdFeGNsdXNpdmUnKSIsIk51bGwiOiJOTyIsIktleSI6IiIsIkRlZmF1bHQiOiJFeGNsdXNpdmUiLCJFeHRyYSI6IiJ9LHsiRmllbGQiOiJTaG93IiwiVHlwZSI6ImVudW0oJ1llcycsJ05vJykiLCJOdWxsIjoiWUVTIiwiS2V5IjoiIiwiRGVmYXVsdCI6Ik5vIiwiRXh0cmEiOiIifSx7IkZpZWxkIjoiSWNvblBhdGgiLCJUeXBlIjoidmFyY2hhcigyNTUpIiwiTnVsbCI6IllFUyIsIktleSI6IiIsIkRlZmF1bHQiOm51bGwsIkV4dHJhIjoiIn0seyJGaWVsZCI6Ik1lbnVJZCIsIlR5cGUiOiJpbnQoNikiLCJOdWxsIjoiWUVTIiwiS2V5IjoiTVVMIiwiRGVmYXVsdCI6bnVsbCwiRXh0cmEiOiIifSx7IkZpZWxkIjoiQXBwbGljYXRpb25JZCIsIlR5cGUiOiJiaWdpbnQoMjApIiwiTnVsbCI6IllFUyIsIktleSI6Ik1VTCIsIkRlZmF1bHQiOm51bGwsIkV4dHJhIjoiIn0seyJGaWVsZCI6Ik1vZHVsZVBhdGgiLCJUeXBlIjoidmFyY2hhcigyNTUpIiwiTnVsbCI6IllFUyIsIktleSI6IiIsIkRlZmF1bHQiOm51bGwsIkV4dHJhIjoiIn0seyJGaWVsZCI6IkFrc2lJZCIsIlR5cGUiOiJzbWFsbGludCg2KSIsIk51bGwiOiJZRVMiLCJLZXkiOiJNVUwiLCJEZWZhdWx0IjpudWxsLCJFeHRyYSI6IiJ9LHsiRmllbGQiOiJMYWJlbEFrc2kiLCJUeXBlIjoidmFyY2hhcig1MCkiLCJOdWxsIjoiWUVTIiwiS2V5IjoiIiwiRGVmYXVsdCI6bnVsbCwiRXh0cmEiOiIifSx7IkZpZWxkIjoiSGludCIsIlR5cGUiOiJ2YXJjaGFyKDEwMCkiLCJOdWxsIjoiWUVTIiwiS2V5IjoiIiwiRGVmYXVsdCI6bnVsbCwiRXh0cmEiOiIifSx7IkZpZWxkIjoiTmVlZFNzbCIsIlR5cGUiOiJlbnVtKCdZZXMnLCdObycpIiwiTnVsbCI6IllFUyIsIktleSI6IiIsIkRlZmF1bHQiOm51bGwsIkV4dHJhIjoiIn1dIjtha3RpdmVfdXNlcl9ncm91cF9pZHxzOjI6IjYzIjthY2Nlc3NfbW9kdWxlfGE6Mzp7czoxMToibW9kdWxlQ291bnQiO3M6NDoiIjMyIiI7czo2OiJtb2R1bGUiO3M6MjcxOiJ7ImxvZ2luX2RlZmF1bHRsb2dpbnZpZXdodG1sMjAwIjoiNzYyIiwibG9naW5fZGVmYXVsdGxvZ2luZG9odG1sMjAwIjoiNzU5IiwiaG9tZWhvbWV2aWV3aHRtbDIwMCI6Ijc1NyIsImhlYWRlcmhlYWRlcnZpZXdodG1sMjAwIjoiMTI1OSIsIm5hdmlnYXRpb25uYXZpZ2F0aW9udmlld2h0bWwyMDAiOiIxMjU4IiwibWVudW1lbnV2aWV3aHRtbDIwMCI6Ijc2MyIsImd0ZndfbWVudU1lbnVWaWV3aHRtbDIwMCI6IjE3OTMiLCJwYWdpbmdwYWdpbmd2aWV3aHRtbDIwMCI6Ijc2NSJ9IjtzOjQ6InVzZXIiO3M6NzoiImFkbWluIiI7fQ==','2014-04-02 11:15:27'),('3tkjirovtoreqbv08nols55e45','dGFibGVfZ3Rmd19jb25maWdfYXZhaWxhYmxlfGE6MTp7aTowO2E6MTp7czozNToiVGFibGVzX2luX2d0ZndfcHVibGljIChndGZ3X2NvbmZpZykiO3M6MTE6Imd0ZndfY29uZmlnIjt9fWNoZWNrX2d0ZndfbWVudV90YWJsZXxhOjE6e2k6MDthOjE6e3M6MzM6IlRhYmxlc19pbl9ndGZ3X3B1YmxpYyAoZ3Rmd19tZW51KSI7czo5OiJndGZ3X21lbnUiO319bWVzc2VuZ2VyX3F1ZXVlfHM6MTQ0OiJPOjEyOiJNZXNzYWdlUXVldWUiOjM6e3M6MzE6IgBNZXNzYWdlUXVldWUAbUN1cnJlbnRSZXF1ZXN0SWQiO2k6MTtzOjI4OiIATWVzc2FnZVF1ZXVlAG1OZXh0UmVxdWVzdElkIjtpOjI7czoyMzoiAE1lc3NhZ2VRdWV1ZQBtTWVzc2FnZXMiO2E6MDp7fX0iO3N0YXJ0X2tleXxpOjEzMDgzMTY0OTU7bXVsdF9rZXl8aToyMTEyNDAxMzU1O2FkZF9rZXl8aTo0ODkxODM3Nztpc19sb2dnZWRfaW58YjowO3VzZXJuYW1lfHM6Njoibm9ib2R5IjtkZXNjcmliZV9ndGZ3X21vZHVsZXxzOjE1NzQ6Ilt7IkZpZWxkIjoiTW9kdWxlSWQiLCJUeXBlIjoiYmlnaW50KDIwKSB1bnNpZ25lZCIsIk51bGwiOiJOTyIsIktleSI6IlBSSSIsIkRlZmF1bHQiOm51bGwsIkV4dHJhIjoiYXV0b19pbmNyZW1lbnQifSx7IkZpZWxkIjoiTW9kdWxlIiwiVHlwZSI6InZhcmNoYXIoMTAwKSIsIk51bGwiOiJOTyIsIktleSI6IiIsIkRlZmF1bHQiOiIiLCJFeHRyYSI6IiJ9LHsiRmllbGQiOiJMYWJlbE1vZHVsZSIsIlR5cGUiOiJ2YXJjaGFyKDEwMCkiLCJOdWxsIjoiTk8iLCJLZXkiOiIiLCJEZWZhdWx0IjoiIiwiRXh0cmEiOiIifSx7IkZpZWxkIjoiU3ViTW9kdWxlIiwiVHlwZSI6InZhcmNoYXIoMTAwKSIsIk51bGwiOiJOTyIsIktleSI6IiIsIkRlZmF1bHQiOiIiLCJFeHRyYSI6IiJ9LHsiRmllbGQiOiJBY3Rpb24iLCJUeXBlIjoidmFyY2hhcigxMDApIiwiTnVsbCI6IllFUyIsIktleSI6IiIsIkRlZmF1bHQiOiJ2aWV3IiwiRXh0cmEiOiIifSx7IkZpZWxkIjoiVHlwZSIsIlR5cGUiOiJ2YXJjaGFyKDEwMCkiLCJOdWxsIjoiWUVTIiwiS2V5IjoiIiwiRGVmYXVsdCI6Imh0bWwiLCJFeHRyYSI6IiJ9LHsiRmllbGQiOiJEZXNjcmlwdGlvbiIsIlR5cGUiOiJ0ZXh0IiwiTnVsbCI6IllFUyIsIktleSI6IiIsIkRlZmF1bHQiOm51bGwsIkV4dHJhIjoiIn0seyJGaWVsZCI6IkFjY2VzcyIsIlR5cGUiOiJlbnVtKCdBbGwnLCdFeGNsdXNpdmUnKSIsIk51bGwiOiJOTyIsIktleSI6IiIsIkRlZmF1bHQiOiJFeGNsdXNpdmUiLCJFeHRyYSI6IiJ9LHsiRmllbGQiOiJTaG93IiwiVHlwZSI6ImVudW0oJ1llcycsJ05vJykiLCJOdWxsIjoiWUVTIiwiS2V5IjoiIiwiRGVmYXVsdCI6Ik5vIiwiRXh0cmEiOiIifSx7IkZpZWxkIjoiSWNvblBhdGgiLCJUeXBlIjoidmFyY2hhcigyNTUpIiwiTnVsbCI6IllFUyIsIktleSI6IiIsIkRlZmF1bHQiOm51bGwsIkV4dHJhIjoiIn0seyJGaWVsZCI6Ik1lbnVJZCIsIlR5cGUiOiJpbnQoNikiLCJOdWxsIjoiWUVTIiwiS2V5IjoiTVVMIiwiRGVmYXVsdCI6bnVsbCwiRXh0cmEiOiIifSx7IkZpZWxkIjoiQXBwbGljYXRpb25JZCIsIlR5cGUiOiJiaWdpbnQoMjApIiwiTnVsbCI6IllFUyIsIktleSI6Ik1VTCIsIkRlZmF1bHQiOm51bGwsIkV4dHJhIjoiIn0seyJGaWVsZCI6Ik1vZHVsZVBhdGgiLCJUeXBlIjoidmFyY2hhcigyNTUpIiwiTnVsbCI6IllFUyIsIktleSI6IiIsIkRlZmF1bHQiOm51bGwsIkV4dHJhIjoiIn0seyJGaWVsZCI6IkFrc2lJZCIsIlR5cGUiOiJzbWFsbGludCg2KSIsIk51bGwiOiJZRVMiLCJLZXkiOiJNVUwiLCJEZWZhdWx0IjpudWxsLCJFeHRyYSI6IiJ9LHsiRmllbGQiOiJMYWJlbEFrc2kiLCJUeXBlIjoidmFyY2hhcig1MCkiLCJOdWxsIjoiWUVTIiwiS2V5IjoiIiwiRGVmYXVsdCI6bnVsbCwiRXh0cmEiOiIifSx7IkZpZWxkIjoiSGludCIsIlR5cGUiOiJ2YXJjaGFyKDEwMCkiLCJOdWxsIjoiWUVTIiwiS2V5IjoiIiwiRGVmYXVsdCI6bnVsbCwiRXh0cmEiOiIifSx7IkZpZWxkIjoiTmVlZFNzbCIsIlR5cGUiOiJlbnVtKCdZZXMnLCdObycpIiwiTnVsbCI6IllFUyIsIktleSI6IiIsIkRlZmF1bHQiOm51bGwsIkV4dHJhIjoiIn1dIjthY2Nlc3NfbW9kdWxlfGE6Mjp7czo2OiJtb2R1bGUiO3M6MTMxOiJ7ImhvbWVob21ldmlld2h0bWwyMDAiOiI3NTciLCJoZWFkZXJoZWFkZXJ2aWV3aHRtbDIwMCI6IjEyNTkiLCJuYXZpZ2F0aW9ubmF2aWdhdGlvbnZpZXdodG1sMjAwIjoiMTI1OCIsIm1lbnVtZW51dmlld2h0bWwyMDAiOiI3NjMifSI7czo0OiJ1c2VyIjtzOjg6IiJub2JvZHkiIjt9','2014-04-02 14:52:06'),('52q47drui8aejnl17sqmv4uh02','dGFibGVfZ3Rmd19jb25maWdfYXZhaWxhYmxlfGE6MTp7aTowO2E6MTp7czozNToiVGFibGVzX2luX2d0ZndfcHVibGljIChndGZ3X2NvbmZpZykiO3M6MTE6Imd0ZndfY29uZmlnIjt9fWNoZWNrX2d0ZndfbWVudV90YWJsZXxhOjE6e2k6MDthOjE6e3M6MzM6IlRhYmxlc19pbl9ndGZ3X3B1YmxpYyAoZ3Rmd19tZW51KSI7czo5OiJndGZ3X21lbnUiO319bWVzc2VuZ2VyX3F1ZXVlfHM6NDA0OiJPOjEyOiJNZXNzYWdlUXVldWUiOjM6e3M6MzE6IgBNZXNzYWdlUXVldWUAbUN1cnJlbnRSZXF1ZXN0SWQiO2k6NzU7czoyODoiAE1lc3NhZ2VRdWV1ZQBtTmV4dFJlcXVlc3RJZCI7aTo3NjtzOjIzOiIATWVzc2FnZVF1ZXVlAG1NZXNzYWdlcyI7YToxOntzOjc1OiIvbWVkaWEvd3d3L3d3dy9yaXNldC9hcHAvbW9kdWxlL2d0ZndfbWVudS9yZXNwb25zZS9WaWV3TWVudS5odG1sLmNsYXNzLnBocF8iO2E6MTp7aToxO086NzoiTWVzc2FnZSI6Mzp7czoxOToiAE1lc3NhZ2UAbVJlcXVlc3RJZCI7aTowO3M6MTc6IgBNZXNzYWdlAG1NZXNzYWdlIjthOjE6e2k6MDthOjM6e3M6NDoicGFnZSI7aToxO3M6NzoiZGlzcGxheSI7aTo1MDtzOjU6InN0YXJ0IjtpOjA7fX1zOjEzOiIATWVzc2FnZQBtT2xkIjtiOjA7fX19fSI7c3RhcnRfa2V5fGk6MTczOTcwNDA0OTttdWx0X2tleXxpOjE4MDAxNzI4NzQ7YWRkX2tleXxpOjE1MjYzNjEzMTY7aXNfbG9nZ2VkX2lufGI6MTt1c2VybmFtZXxzOjU6ImFkbWluIjtzYWx0fGk6ODMxOTI1NDgzO2xvZ2luX3NhbHR8aTo4MzE5MjU0ODM7ZGVzY3JpYmVfZ3Rmd19tb2R1bGV8czoxNTc0OiJbeyJGaWVsZCI6Ik1vZHVsZUlkIiwiVHlwZSI6ImJpZ2ludCgyMCkgdW5zaWduZWQiLCJOdWxsIjoiTk8iLCJLZXkiOiJQUkkiLCJEZWZhdWx0IjpudWxsLCJFeHRyYSI6ImF1dG9faW5jcmVtZW50In0seyJGaWVsZCI6Ik1vZHVsZSIsIlR5cGUiOiJ2YXJjaGFyKDEwMCkiLCJOdWxsIjoiTk8iLCJLZXkiOiIiLCJEZWZhdWx0IjoiIiwiRXh0cmEiOiIifSx7IkZpZWxkIjoiTGFiZWxNb2R1bGUiLCJUeXBlIjoidmFyY2hhcigxMDApIiwiTnVsbCI6Ik5PIiwiS2V5IjoiIiwiRGVmYXVsdCI6IiIsIkV4dHJhIjoiIn0seyJGaWVsZCI6IlN1Yk1vZHVsZSIsIlR5cGUiOiJ2YXJjaGFyKDEwMCkiLCJOdWxsIjoiTk8iLCJLZXkiOiIiLCJEZWZhdWx0IjoiIiwiRXh0cmEiOiIifSx7IkZpZWxkIjoiQWN0aW9uIiwiVHlwZSI6InZhcmNoYXIoMTAwKSIsIk51bGwiOiJZRVMiLCJLZXkiOiIiLCJEZWZhdWx0IjoidmlldyIsIkV4dHJhIjoiIn0seyJGaWVsZCI6IlR5cGUiLCJUeXBlIjoidmFyY2hhcigxMDApIiwiTnVsbCI6IllFUyIsIktleSI6IiIsIkRlZmF1bHQiOiJodG1sIiwiRXh0cmEiOiIifSx7IkZpZWxkIjoiRGVzY3JpcHRpb24iLCJUeXBlIjoidGV4dCIsIk51bGwiOiJZRVMiLCJLZXkiOiIiLCJEZWZhdWx0IjpudWxsLCJFeHRyYSI6IiJ9LHsiRmllbGQiOiJBY2Nlc3MiLCJUeXBlIjoiZW51bSgnQWxsJywnRXhjbHVzaXZlJykiLCJOdWxsIjoiTk8iLCJLZXkiOiIiLCJEZWZhdWx0IjoiRXhjbHVzaXZlIiwiRXh0cmEiOiIifSx7IkZpZWxkIjoiU2hvdyIsIlR5cGUiOiJlbnVtKCdZZXMnLCdObycpIiwiTnVsbCI6IllFUyIsIktleSI6IiIsIkRlZmF1bHQiOiJObyIsIkV4dHJhIjoiIn0seyJGaWVsZCI6Ikljb25QYXRoIiwiVHlwZSI6InZhcmNoYXIoMjU1KSIsIk51bGwiOiJZRVMiLCJLZXkiOiIiLCJEZWZhdWx0IjpudWxsLCJFeHRyYSI6IiJ9LHsiRmllbGQiOiJNZW51SWQiLCJUeXBlIjoiaW50KDYpIiwiTnVsbCI6IllFUyIsIktleSI6Ik1VTCIsIkRlZmF1bHQiOm51bGwsIkV4dHJhIjoiIn0seyJGaWVsZCI6IkFwcGxpY2F0aW9uSWQiLCJUeXBlIjoiYmlnaW50KDIwKSIsIk51bGwiOiJZRVMiLCJLZXkiOiJNVUwiLCJEZWZhdWx0IjpudWxsLCJFeHRyYSI6IiJ9LHsiRmllbGQiOiJNb2R1bGVQYXRoIiwiVHlwZSI6InZhcmNoYXIoMjU1KSIsIk51bGwiOiJZRVMiLCJLZXkiOiIiLCJEZWZhdWx0IjpudWxsLCJFeHRyYSI6IiJ9LHsiRmllbGQiOiJBa3NpSWQiLCJUeXBlIjoic21hbGxpbnQoNikiLCJOdWxsIjoiWUVTIiwiS2V5IjoiTVVMIiwiRGVmYXVsdCI6bnVsbCwiRXh0cmEiOiIifSx7IkZpZWxkIjoiTGFiZWxBa3NpIiwiVHlwZSI6InZhcmNoYXIoNTApIiwiTnVsbCI6IllFUyIsIktleSI6IiIsIkRlZmF1bHQiOm51bGwsIkV4dHJhIjoiIn0seyJGaWVsZCI6IkhpbnQiLCJUeXBlIjoidmFyY2hhcigxMDApIiwiTnVsbCI6IllFUyIsIktleSI6IiIsIkRlZmF1bHQiOm51bGwsIkV4dHJhIjoiIn0seyJGaWVsZCI6Ik5lZWRTc2wiLCJUeXBlIjoiZW51bSgnWWVzJywnTm8nKSIsIk51bGwiOiJZRVMiLCJLZXkiOiIiLCJEZWZhdWx0IjpudWxsLCJFeHRyYSI6IiJ9XSI7YWt0aXZlX3VzZXJfZ3JvdXBfaWR8czoyOiI2MyI7YWNjZXNzX21vZHVsZXxhOjM6e3M6MTE6Im1vZHVsZUNvdW50IjtzOjQ6IiIzMiIiO3M6NjoibW9kdWxlIjtzOjUxNToieyJsb2dpbl9kZWZhdWx0bG9naW52aWV3aHRtbDIwMCI6Ijc2MiIsImxvZ2luX2RlZmF1bHRsb2dpbmRvaHRtbDIwMCI6Ijc1OSIsImhvbWVob21ldmlld2h0bWwyMDAiOiI3NTciLCJoZWFkZXJoZWFkZXJ2aWV3aHRtbDIwMCI6IjEyNTkiLCJuYXZpZ2F0aW9ubmF2aWdhdGlvbnZpZXdodG1sMjAwIjoiMTI1OCIsIm1lbnVtZW51dmlld2h0bWwyMDAiOiI3NjMiLCJ0ZXN0VGVzdFZpZXdodG1sMjAwIjoiMCIsImd0ZndfbWVudU1lbnVWaWV3aHRtbDIwMCI6IjAiLCJwYWdpbmdwYWdpbmd2aWV3aHRtbDIwMCI6IjAiLCJndGZ3X2dyb3VwR3JvdXBWaWV3aHRtbDIwMCI6IjE3NzciLCJndGZ3X21lbnVhZGR2aWV3aHRtbDIwMCI6IjAiLCJjb21ib2JveGNvbWJvYm94dmlld2h0bWwyMDAiOiIwIiwiZ3Rmd19tZW51YWRkZG9odG1sMjAwIjoiMCIsImd0ZndfbWVudW1lbnV2aWV3aHRtbDIwMCI6IjAiLCJndGZ3X21lbnV1cGRhdGV2aWV3aHRtbDIwMCI6IjAiLCJndGZ3X21lbnV1cGRhdGVkb2h0bWwyMDAiOiIwIn0iO3M6NDoidXNlciI7czo3OiIiYWRtaW4iIjt9','2014-04-03 09:04:46'),('op1ch5qddklkjn5goh9a8vik22','dGFibGVfZ3Rmd19jb25maWdfYXZhaWxhYmxlfGE6MTp7aTowO2E6MTp7czozNToiVGFibGVzX2luX2d0ZndfcHVibGljIChndGZ3X2NvbmZpZykiO3M6MTE6Imd0ZndfY29uZmlnIjt9fWNoZWNrX2d0ZndfbWVudV90YWJsZXxhOjE6e2k6MDthOjE6e3M6MzM6IlRhYmxlc19pbl9ndGZ3X3B1YmxpYyAoZ3Rmd19tZW51KSI7czo5OiJndGZ3X21lbnUiO319bWVzc2VuZ2VyX3F1ZXVlfHM6MTQ0OiJPOjEyOiJNZXNzYWdlUXVldWUiOjM6e3M6MzE6IgBNZXNzYWdlUXVldWUAbUN1cnJlbnRSZXF1ZXN0SWQiO2k6MTtzOjI4OiIATWVzc2FnZVF1ZXVlAG1OZXh0UmVxdWVzdElkIjtpOjI7czoyMzoiAE1lc3NhZ2VRdWV1ZQBtTWVzc2FnZXMiO2E6MDp7fX0iO3N0YXJ0X2tleXxpOjE2NDcxNDQ4MjI7bXVsdF9rZXl8aToyMzU1ODk5MTg7YWRkX2tleXxpOjEwMzI2NDUyNjtpc19sb2dnZWRfaW58YjowO3VzZXJuYW1lfHM6Njoibm9ib2R5IjthY2Nlc3NfbW9kdWxlfGE6Mjp7czo2OiJtb2R1bGUiO3M6Mzk6InsibG9naW5fZGVmYXVsdGxvZ2ludmlld2h0bWwyMDAiOiI3NjIifSI7czo0OiJ1c2VyIjtzOjg6IiJub2JvZHkiIjt9c2FsdHxpOjc3MzUwNzg2O2xvZ2luX3NhbHR8aTo3NzM1MDc4NjtkZXNjcmliZV9ndGZ3X21vZHVsZXxzOjE1NzQ6Ilt7IkZpZWxkIjoiTW9kdWxlSWQiLCJUeXBlIjoiYmlnaW50KDIwKSB1bnNpZ25lZCIsIk51bGwiOiJOTyIsIktleSI6IlBSSSIsIkRlZmF1bHQiOm51bGwsIkV4dHJhIjoiYXV0b19pbmNyZW1lbnQifSx7IkZpZWxkIjoiTW9kdWxlIiwiVHlwZSI6InZhcmNoYXIoMTAwKSIsIk51bGwiOiJOTyIsIktleSI6IiIsIkRlZmF1bHQiOiIiLCJFeHRyYSI6IiJ9LHsiRmllbGQiOiJMYWJlbE1vZHVsZSIsIlR5cGUiOiJ2YXJjaGFyKDEwMCkiLCJOdWxsIjoiTk8iLCJLZXkiOiIiLCJEZWZhdWx0IjoiIiwiRXh0cmEiOiIifSx7IkZpZWxkIjoiU3ViTW9kdWxlIiwiVHlwZSI6InZhcmNoYXIoMTAwKSIsIk51bGwiOiJOTyIsIktleSI6IiIsIkRlZmF1bHQiOiIiLCJFeHRyYSI6IiJ9LHsiRmllbGQiOiJBY3Rpb24iLCJUeXBlIjoidmFyY2hhcigxMDApIiwiTnVsbCI6IllFUyIsIktleSI6IiIsIkRlZmF1bHQiOiJ2aWV3IiwiRXh0cmEiOiIifSx7IkZpZWxkIjoiVHlwZSIsIlR5cGUiOiJ2YXJjaGFyKDEwMCkiLCJOdWxsIjoiWUVTIiwiS2V5IjoiIiwiRGVmYXVsdCI6Imh0bWwiLCJFeHRyYSI6IiJ9LHsiRmllbGQiOiJEZXNjcmlwdGlvbiIsIlR5cGUiOiJ0ZXh0IiwiTnVsbCI6IllFUyIsIktleSI6IiIsIkRlZmF1bHQiOm51bGwsIkV4dHJhIjoiIn0seyJGaWVsZCI6IkFjY2VzcyIsIlR5cGUiOiJlbnVtKCdBbGwnLCdFeGNsdXNpdmUnKSIsIk51bGwiOiJOTyIsIktleSI6IiIsIkRlZmF1bHQiOiJFeGNsdXNpdmUiLCJFeHRyYSI6IiJ9LHsiRmllbGQiOiJTaG93IiwiVHlwZSI6ImVudW0oJ1llcycsJ05vJykiLCJOdWxsIjoiWUVTIiwiS2V5IjoiIiwiRGVmYXVsdCI6Ik5vIiwiRXh0cmEiOiIifSx7IkZpZWxkIjoiSWNvblBhdGgiLCJUeXBlIjoidmFyY2hhcigyNTUpIiwiTnVsbCI6IllFUyIsIktleSI6IiIsIkRlZmF1bHQiOm51bGwsIkV4dHJhIjoiIn0seyJGaWVsZCI6Ik1lbnVJZCIsIlR5cGUiOiJpbnQoNikiLCJOdWxsIjoiWUVTIiwiS2V5IjoiTVVMIiwiRGVmYXVsdCI6bnVsbCwiRXh0cmEiOiIifSx7IkZpZWxkIjoiQXBwbGljYXRpb25JZCIsIlR5cGUiOiJiaWdpbnQoMjApIiwiTnVsbCI6IllFUyIsIktleSI6Ik1VTCIsIkRlZmF1bHQiOm51bGwsIkV4dHJhIjoiIn0seyJGaWVsZCI6Ik1vZHVsZVBhdGgiLCJUeXBlIjoidmFyY2hhcigyNTUpIiwiTnVsbCI6IllFUyIsIktleSI6IiIsIkRlZmF1bHQiOm51bGwsIkV4dHJhIjoiIn0seyJGaWVsZCI6IkFrc2lJZCIsIlR5cGUiOiJzbWFsbGludCg2KSIsIk51bGwiOiJZRVMiLCJLZXkiOiJNVUwiLCJEZWZhdWx0IjpudWxsLCJFeHRyYSI6IiJ9LHsiRmllbGQiOiJMYWJlbEFrc2kiLCJUeXBlIjoidmFyY2hhcig1MCkiLCJOdWxsIjoiWUVTIiwiS2V5IjoiIiwiRGVmYXVsdCI6bnVsbCwiRXh0cmEiOiIifSx7IkZpZWxkIjoiSGludCIsIlR5cGUiOiJ2YXJjaGFyKDEwMCkiLCJOdWxsIjoiWUVTIiwiS2V5IjoiIiwiRGVmYXVsdCI6bnVsbCwiRXh0cmEiOiIifSx7IkZpZWxkIjoiTmVlZFNzbCIsIlR5cGUiOiJlbnVtKCdZZXMnLCdObycpIiwiTnVsbCI6IllFUyIsIktleSI6IiIsIkRlZmF1bHQiOm51bGwsIkV4dHJhIjoiIn1dIjs=','2014-04-04 08:17:14'),('3dt8koc89sssvn4ssdshchtmb0','dGFibGVfZ3Rmd19jb25maWdfYXZhaWxhYmxlfGE6MTp7aTowO2E6MTp7czozNToiVGFibGVzX2luX2d0ZndfcHVibGljIChndGZ3X2NvbmZpZykiO3M6MTE6Imd0ZndfY29uZmlnIjt9fWNoZWNrX2d0ZndfbWVudV90YWJsZXxhOjE6e2k6MDthOjE6e3M6MzM6IlRhYmxlc19pbl9ndGZ3X3B1YmxpYyAoZ3Rmd19tZW51KSI7czo5OiJndGZ3X21lbnUiO319bWVzc2VuZ2VyX3F1ZXVlfHM6MTQ0OiJPOjEyOiJNZXNzYWdlUXVldWUiOjM6e3M6MzE6IgBNZXNzYWdlUXVldWUAbUN1cnJlbnRSZXF1ZXN0SWQiO2k6MTtzOjI4OiIATWVzc2FnZVF1ZXVlAG1OZXh0UmVxdWVzdElkIjtpOjI7czoyMzoiAE1lc3NhZ2VRdWV1ZQBtTWVzc2FnZXMiO2E6MDp7fX0iO3N0YXJ0X2tleXxpOjEyOTgzNzIwNTY7bXVsdF9rZXl8aToxMTcyNDIzODkyO2FkZF9rZXl8aToxNDgyOTczMjE0O2lzX2xvZ2dlZF9pbnxiOjA7dXNlcm5hbWV8czo2OiJub2JvZHkiO2FjY2Vzc19tb2R1bGV8YToyOntzOjY6Im1vZHVsZSI7czozOToieyJsb2dpbl9kZWZhdWx0bG9naW52aWV3aHRtbDIwMCI6Ijc2MiJ9IjtzOjQ6InVzZXIiO3M6ODoiIm5vYm9keSIiO31zYWx0fGk6OTkxMTgwNzM2O2xvZ2luX3NhbHR8aTo5OTExODA3MzY7ZGVzY3JpYmVfZ3Rmd19tb2R1bGV8czoxNTc0OiJbeyJGaWVsZCI6Ik1vZHVsZUlkIiwiVHlwZSI6ImJpZ2ludCgyMCkgdW5zaWduZWQiLCJOdWxsIjoiTk8iLCJLZXkiOiJQUkkiLCJEZWZhdWx0IjpudWxsLCJFeHRyYSI6ImF1dG9faW5jcmVtZW50In0seyJGaWVsZCI6Ik1vZHVsZSIsIlR5cGUiOiJ2YXJjaGFyKDEwMCkiLCJOdWxsIjoiTk8iLCJLZXkiOiIiLCJEZWZhdWx0IjoiIiwiRXh0cmEiOiIifSx7IkZpZWxkIjoiTGFiZWxNb2R1bGUiLCJUeXBlIjoidmFyY2hhcigxMDApIiwiTnVsbCI6Ik5PIiwiS2V5IjoiIiwiRGVmYXVsdCI6IiIsIkV4dHJhIjoiIn0seyJGaWVsZCI6IlN1Yk1vZHVsZSIsIlR5cGUiOiJ2YXJjaGFyKDEwMCkiLCJOdWxsIjoiTk8iLCJLZXkiOiIiLCJEZWZhdWx0IjoiIiwiRXh0cmEiOiIifSx7IkZpZWxkIjoiQWN0aW9uIiwiVHlwZSI6InZhcmNoYXIoMTAwKSIsIk51bGwiOiJZRVMiLCJLZXkiOiIiLCJEZWZhdWx0IjoidmlldyIsIkV4dHJhIjoiIn0seyJGaWVsZCI6IlR5cGUiLCJUeXBlIjoidmFyY2hhcigxMDApIiwiTnVsbCI6IllFUyIsIktleSI6IiIsIkRlZmF1bHQiOiJodG1sIiwiRXh0cmEiOiIifSx7IkZpZWxkIjoiRGVzY3JpcHRpb24iLCJUeXBlIjoidGV4dCIsIk51bGwiOiJZRVMiLCJLZXkiOiIiLCJEZWZhdWx0IjpudWxsLCJFeHRyYSI6IiJ9LHsiRmllbGQiOiJBY2Nlc3MiLCJUeXBlIjoiZW51bSgnQWxsJywnRXhjbHVzaXZlJykiLCJOdWxsIjoiTk8iLCJLZXkiOiIiLCJEZWZhdWx0IjoiRXhjbHVzaXZlIiwiRXh0cmEiOiIifSx7IkZpZWxkIjoiU2hvdyIsIlR5cGUiOiJlbnVtKCdZZXMnLCdObycpIiwiTnVsbCI6IllFUyIsIktleSI6IiIsIkRlZmF1bHQiOiJObyIsIkV4dHJhIjoiIn0seyJGaWVsZCI6Ikljb25QYXRoIiwiVHlwZSI6InZhcmNoYXIoMjU1KSIsIk51bGwiOiJZRVMiLCJLZXkiOiIiLCJEZWZhdWx0IjpudWxsLCJFeHRyYSI6IiJ9LHsiRmllbGQiOiJNZW51SWQiLCJUeXBlIjoiaW50KDYpIiwiTnVsbCI6IllFUyIsIktleSI6Ik1VTCIsIkRlZmF1bHQiOm51bGwsIkV4dHJhIjoiIn0seyJGaWVsZCI6IkFwcGxpY2F0aW9uSWQiLCJUeXBlIjoiYmlnaW50KDIwKSIsIk51bGwiOiJZRVMiLCJLZXkiOiJNVUwiLCJEZWZhdWx0IjpudWxsLCJFeHRyYSI6IiJ9LHsiRmllbGQiOiJNb2R1bGVQYXRoIiwiVHlwZSI6InZhcmNoYXIoMjU1KSIsIk51bGwiOiJZRVMiLCJLZXkiOiIiLCJEZWZhdWx0IjpudWxsLCJFeHRyYSI6IiJ9LHsiRmllbGQiOiJBa3NpSWQiLCJUeXBlIjoic21hbGxpbnQoNikiLCJOdWxsIjoiWUVTIiwiS2V5IjoiTVVMIiwiRGVmYXVsdCI6bnVsbCwiRXh0cmEiOiIifSx7IkZpZWxkIjoiTGFiZWxBa3NpIiwiVHlwZSI6InZhcmNoYXIoNTApIiwiTnVsbCI6IllFUyIsIktleSI6IiIsIkRlZmF1bHQiOm51bGwsIkV4dHJhIjoiIn0seyJGaWVsZCI6IkhpbnQiLCJUeXBlIjoidmFyY2hhcigxMDApIiwiTnVsbCI6IllFUyIsIktleSI6IiIsIkRlZmF1bHQiOm51bGwsIkV4dHJhIjoiIn0seyJGaWVsZCI6Ik5lZWRTc2wiLCJUeXBlIjoiZW51bSgnWWVzJywnTm8nKSIsIk51bGwiOiJZRVMiLCJLZXkiOiIiLCJEZWZhdWx0IjpudWxsLCJFeHRyYSI6IiJ9XSI7','2014-04-03 13:29:11'),('bt19c0vh3erlta2gl27nsn3g73','dGFibGVfZ3Rmd19jb25maWdfYXZhaWxhYmxlfGE6MTp7aTowO2E6MTp7czozNToiVGFibGVzX2luX2d0ZndfcHVibGljIChndGZ3X2NvbmZpZykiO3M6MTE6Imd0ZndfY29uZmlnIjt9fWNoZWNrX2d0ZndfbWVudV90YWJsZXxhOjE6e2k6MDthOjE6e3M6MzM6IlRhYmxlc19pbl9ndGZ3X3B1YmxpYyAoZ3Rmd19tZW51KSI7czo5OiJndGZ3X21lbnUiO319bWVzc2VuZ2VyX3F1ZXVlfHM6MTQ0OiJPOjEyOiJNZXNzYWdlUXVldWUiOjM6e3M6MzE6IgBNZXNzYWdlUXVldWUAbUN1cnJlbnRSZXF1ZXN0SWQiO2k6NztzOjI4OiIATWVzc2FnZVF1ZXVlAG1OZXh0UmVxdWVzdElkIjtpOjg7czoyMzoiAE1lc3NhZ2VRdWV1ZQBtTWVzc2FnZXMiO2E6MDp7fX0iO3N0YXJ0X2tleXxpOjg3OTQ0MzE0MzttdWx0X2tleXxpOjUwMTgxOTc4MjthZGRfa2V5fGk6MTY2ODc1ODczMjtpc19sb2dnZWRfaW58YjoxO3VzZXJuYW1lfHM6NToiYWRtaW4iO3NhbHR8aToxMjI1Mjg1MDE1O2xvZ2luX3NhbHR8aToxMjI1Mjg1MDE1O2Rlc2NyaWJlX2d0ZndfbW9kdWxlfHM6MTU3NDoiW3siRmllbGQiOiJNb2R1bGVJZCIsIlR5cGUiOiJiaWdpbnQoMjApIHVuc2lnbmVkIiwiTnVsbCI6Ik5PIiwiS2V5IjoiUFJJIiwiRGVmYXVsdCI6bnVsbCwiRXh0cmEiOiJhdXRvX2luY3JlbWVudCJ9LHsiRmllbGQiOiJNb2R1bGUiLCJUeXBlIjoidmFyY2hhcigxMDApIiwiTnVsbCI6Ik5PIiwiS2V5IjoiIiwiRGVmYXVsdCI6IiIsIkV4dHJhIjoiIn0seyJGaWVsZCI6IkxhYmVsTW9kdWxlIiwiVHlwZSI6InZhcmNoYXIoMTAwKSIsIk51bGwiOiJOTyIsIktleSI6IiIsIkRlZmF1bHQiOiIiLCJFeHRyYSI6IiJ9LHsiRmllbGQiOiJTdWJNb2R1bGUiLCJUeXBlIjoidmFyY2hhcigxMDApIiwiTnVsbCI6Ik5PIiwiS2V5IjoiIiwiRGVmYXVsdCI6IiIsIkV4dHJhIjoiIn0seyJGaWVsZCI6IkFjdGlvbiIsIlR5cGUiOiJ2YXJjaGFyKDEwMCkiLCJOdWxsIjoiWUVTIiwiS2V5IjoiIiwiRGVmYXVsdCI6InZpZXciLCJFeHRyYSI6IiJ9LHsiRmllbGQiOiJUeXBlIiwiVHlwZSI6InZhcmNoYXIoMTAwKSIsIk51bGwiOiJZRVMiLCJLZXkiOiIiLCJEZWZhdWx0IjoiaHRtbCIsIkV4dHJhIjoiIn0seyJGaWVsZCI6IkRlc2NyaXB0aW9uIiwiVHlwZSI6InRleHQiLCJOdWxsIjoiWUVTIiwiS2V5IjoiIiwiRGVmYXVsdCI6bnVsbCwiRXh0cmEiOiIifSx7IkZpZWxkIjoiQWNjZXNzIiwiVHlwZSI6ImVudW0oJ0FsbCcsJ0V4Y2x1c2l2ZScpIiwiTnVsbCI6Ik5PIiwiS2V5IjoiIiwiRGVmYXVsdCI6IkV4Y2x1c2l2ZSIsIkV4dHJhIjoiIn0seyJGaWVsZCI6IlNob3ciLCJUeXBlIjoiZW51bSgnWWVzJywnTm8nKSIsIk51bGwiOiJZRVMiLCJLZXkiOiIiLCJEZWZhdWx0IjoiTm8iLCJFeHRyYSI6IiJ9LHsiRmllbGQiOiJJY29uUGF0aCIsIlR5cGUiOiJ2YXJjaGFyKDI1NSkiLCJOdWxsIjoiWUVTIiwiS2V5IjoiIiwiRGVmYXVsdCI6bnVsbCwiRXh0cmEiOiIifSx7IkZpZWxkIjoiTWVudUlkIiwiVHlwZSI6ImludCg2KSIsIk51bGwiOiJZRVMiLCJLZXkiOiJNVUwiLCJEZWZhdWx0IjpudWxsLCJFeHRyYSI6IiJ9LHsiRmllbGQiOiJBcHBsaWNhdGlvbklkIiwiVHlwZSI6ImJpZ2ludCgyMCkiLCJOdWxsIjoiWUVTIiwiS2V5IjoiTVVMIiwiRGVmYXVsdCI6bnVsbCwiRXh0cmEiOiIifSx7IkZpZWxkIjoiTW9kdWxlUGF0aCIsIlR5cGUiOiJ2YXJjaGFyKDI1NSkiLCJOdWxsIjoiWUVTIiwiS2V5IjoiIiwiRGVmYXVsdCI6bnVsbCwiRXh0cmEiOiIifSx7IkZpZWxkIjoiQWtzaUlkIiwiVHlwZSI6InNtYWxsaW50KDYpIiwiTnVsbCI6IllFUyIsIktleSI6Ik1VTCIsIkRlZmF1bHQiOm51bGwsIkV4dHJhIjoiIn0seyJGaWVsZCI6IkxhYmVsQWtzaSIsIlR5cGUiOiJ2YXJjaGFyKDUwKSIsIk51bGwiOiJZRVMiLCJLZXkiOiIiLCJEZWZhdWx0IjpudWxsLCJFeHRyYSI6IiJ9LHsiRmllbGQiOiJIaW50IiwiVHlwZSI6InZhcmNoYXIoMTAwKSIsIk51bGwiOiJZRVMiLCJLZXkiOiIiLCJEZWZhdWx0IjpudWxsLCJFeHRyYSI6IiJ9LHsiRmllbGQiOiJOZWVkU3NsIiwiVHlwZSI6ImVudW0oJ1llcycsJ05vJykiLCJOdWxsIjoiWUVTIiwiS2V5IjoiIiwiRGVmYXVsdCI6bnVsbCwiRXh0cmEiOiIifV0iO2FrdGl2ZV91c2VyX2dyb3VwX2lkfHM6MjoiNjMiO2FjY2Vzc19tb2R1bGV8YTozOntzOjExOiJtb2R1bGVDb3VudCI7czo0OiIiMzIiIjtzOjY6Im1vZHVsZSI7czoxOTU6InsibG9naW5fZGVmYXVsdGxvZ2ludmlld2h0bWwyMDAiOiI3NjIiLCJsb2dpbl9kZWZhdWx0bG9naW5kb2h0bWwyMDAiOiI3NTkiLCJob21laG9tZXZpZXdodG1sMjAwIjoiMCIsImhlYWRlcmhlYWRlcnZpZXdodG1sMjAwIjoiMCIsIm5hdmlnYXRpb25uYXZpZ2F0aW9udmlld2h0bWwyMDAiOiIwIiwibWVudW1lbnV2aWV3aHRtbDIwMCI6IjAifSI7czo0OiJ1c2VyIjtzOjc6IiJhZG1pbiIiO30=','2014-04-10 11:11:31'),('otlmevios04ihqhqth7in1p9j3','ZmluZ2VycHJpbnR8czozMjoiZjU0ZjA0MTdkZGRjNTk5ZDYzZTM5ZDc4Y2I5ZjViNWUiO3RhYmxlX2d0ZndfY29uZmlnX2F2YWlsYWJsZXxhOjE6e2k6MDthOjE6e3M6MzU6IlRhYmxlc19pbl9ndGZ3X3B1YmxpYyAoZ3Rmd19jb25maWcpIjtzOjExOiJndGZ3X2NvbmZpZyI7fX1jaGVja19ndGZ3X21lbnVfdGFibGV8YToxOntpOjA7YToxOntzOjMzOiJUYWJsZXNfaW5fZ3Rmd19wdWJsaWMgKGd0ZndfbWVudSkiO3M6OToiZ3Rmd19tZW51Ijt9fW1lc3Nlbmdlcl9xdWV1ZXxzOjQ1NzoiTzoxMjoiTWVzc2FnZVF1ZXVlIjozOntzOjMxOiIATWVzc2FnZVF1ZXVlAG1DdXJyZW50UmVxdWVzdElkIjtpOjI2O3M6Mjg6IgBNZXNzYWdlUXVldWUAbU5leHRSZXF1ZXN0SWQiO2k6Mjc7czoyMzoiAE1lc3NhZ2VRdWV1ZQBtTWVzc2FnZXMiO2E6MTp7czo3NToiL21lZGlhL3d3dy93d3cvcmlzZXQvYXBwL21vZHVsZS9ndGZ3X21lbnUvcmVzcG9uc2UvVmlld01lbnUuaHRtbC5jbGFzcy5waHBfIjthOjE6e2k6NTtPOjc6Ik1lc3NhZ2UiOjM6e3M6MTk6IgBNZXNzYWdlAG1SZXF1ZXN0SWQiO2k6MDtzOjE3OiIATWVzc2FnZQBtTWVzc2FnZSI7YToxOntpOjA7YTo1OntzOjQ6InBhZ2UiO2k6MTtzOjc6ImRpc3BsYXkiO2k6NTA7czo1OiJzdGFydCI7aTowO3M6NDoibmFtZSI7czowOiIiO3M6NzoiYnRuY2FyaSI7czoxMzoiIFRhbXBpbGthbiDCuyI7fX1zOjEzOiIATWVzc2FnZQBtT2xkIjtiOjA7fX19fSI7c3RhcnRfa2V5fGk6MTAzNzQ3NTAyMTttdWx0X2tleXxpOjE2NzkyOTE0NDQ7YWRkX2tleXxpOjM4NzE4NDEzNztpc19sb2dnZWRfaW58YjoxO3VzZXJuYW1lfHM6NToiYWRtaW4iO3NhbHR8aToxNjA3OTM5MDU7bG9naW5fc2FsdHxpOjE2MDc5MzkwNTtkZXNjcmliZV9ndGZ3X21vZHVsZXxzOjE1NzQ6Ilt7IkZpZWxkIjoiTW9kdWxlSWQiLCJUeXBlIjoiYmlnaW50KDIwKSB1bnNpZ25lZCIsIk51bGwiOiJOTyIsIktleSI6IlBSSSIsIkRlZmF1bHQiOm51bGwsIkV4dHJhIjoiYXV0b19pbmNyZW1lbnQifSx7IkZpZWxkIjoiTW9kdWxlIiwiVHlwZSI6InZhcmNoYXIoMTAwKSIsIk51bGwiOiJOTyIsIktleSI6IiIsIkRlZmF1bHQiOiIiLCJFeHRyYSI6IiJ9LHsiRmllbGQiOiJMYWJlbE1vZHVsZSIsIlR5cGUiOiJ2YXJjaGFyKDEwMCkiLCJOdWxsIjoiTk8iLCJLZXkiOiIiLCJEZWZhdWx0IjoiIiwiRXh0cmEiOiIifSx7IkZpZWxkIjoiU3ViTW9kdWxlIiwiVHlwZSI6InZhcmNoYXIoMTAwKSIsIk51bGwiOiJOTyIsIktleSI6IiIsIkRlZmF1bHQiOiIiLCJFeHRyYSI6IiJ9LHsiRmllbGQiOiJBY3Rpb24iLCJUeXBlIjoidmFyY2hhcigxMDApIiwiTnVsbCI6IllFUyIsIktleSI6IiIsIkRlZmF1bHQiOiJ2aWV3IiwiRXh0cmEiOiIifSx7IkZpZWxkIjoiVHlwZSIsIlR5cGUiOiJ2YXJjaGFyKDEwMCkiLCJOdWxsIjoiWUVTIiwiS2V5IjoiIiwiRGVmYXVsdCI6Imh0bWwiLCJFeHRyYSI6IiJ9LHsiRmllbGQiOiJEZXNjcmlwdGlvbiIsIlR5cGUiOiJ0ZXh0IiwiTnVsbCI6IllFUyIsIktleSI6IiIsIkRlZmF1bHQiOm51bGwsIkV4dHJhIjoiIn0seyJGaWVsZCI6IkFjY2VzcyIsIlR5cGUiOiJlbnVtKCdBbGwnLCdFeGNsdXNpdmUnKSIsIk51bGwiOiJOTyIsIktleSI6IiIsIkRlZmF1bHQiOiJFeGNsdXNpdmUiLCJFeHRyYSI6IiJ9LHsiRmllbGQiOiJTaG93IiwiVHlwZSI6ImVudW0oJ1llcycsJ05vJykiLCJOdWxsIjoiWUVTIiwiS2V5IjoiIiwiRGVmYXVsdCI6Ik5vIiwiRXh0cmEiOiIifSx7IkZpZWxkIjoiSWNvblBhdGgiLCJUeXBlIjoidmFyY2hhcigyNTUpIiwiTnVsbCI6IllFUyIsIktleSI6IiIsIkRlZmF1bHQiOm51bGwsIkV4dHJhIjoiIn0seyJGaWVsZCI6Ik1lbnVJZCIsIlR5cGUiOiJpbnQoNikiLCJOdWxsIjoiWUVTIiwiS2V5IjoiTVVMIiwiRGVmYXVsdCI6bnVsbCwiRXh0cmEiOiIifSx7IkZpZWxkIjoiQXBwbGljYXRpb25JZCIsIlR5cGUiOiJiaWdpbnQoMjApIiwiTnVsbCI6IllFUyIsIktleSI6Ik1VTCIsIkRlZmF1bHQiOm51bGwsIkV4dHJhIjoiIn0seyJGaWVsZCI6Ik1vZHVsZVBhdGgiLCJUeXBlIjoidmFyY2hhcigyNTUpIiwiTnVsbCI6IllFUyIsIktleSI6IiIsIkRlZmF1bHQiOm51bGwsIkV4dHJhIjoiIn0seyJGaWVsZCI6IkFrc2lJZCIsIlR5cGUiOiJzbWFsbGludCg2KSIsIk51bGwiOiJZRVMiLCJLZXkiOiJNVUwiLCJEZWZhdWx0IjpudWxsLCJFeHRyYSI6IiJ9LHsiRmllbGQiOiJMYWJlbEFrc2kiLCJUeXBlIjoidmFyY2hhcig1MCkiLCJOdWxsIjoiWUVTIiwiS2V5IjoiIiwiRGVmYXVsdCI6bnVsbCwiRXh0cmEiOiIifSx7IkZpZWxkIjoiSGludCIsIlR5cGUiOiJ2YXJjaGFyKDEwMCkiLCJOdWxsIjoiWUVTIiwiS2V5IjoiIiwiRGVmYXVsdCI6bnVsbCwiRXh0cmEiOiIifSx7IkZpZWxkIjoiTmVlZFNzbCIsIlR5cGUiOiJlbnVtKCdZZXMnLCdObycpIiwiTnVsbCI6IllFUyIsIktleSI6IiIsIkRlZmF1bHQiOm51bGwsIkV4dHJhIjoiIn1dIjtha3RpdmVfdXNlcl9ncm91cF9pZHxzOjI6IjYzIjthY2Nlc3NfbW9kdWxlfGE6Mzp7czoxMToibW9kdWxlQ291bnQiO3M6NDoiIjMyIiI7czo2OiJtb2R1bGUiO3M6MjkyOiJ7ImxvZ2luX2RlZmF1bHRsb2dpbnZpZXdodG1sMjAwIjoiNzYyIiwibG9naW5fZGVmYXVsdGxvZ2luZG9odG1sMjAwIjoiNzU5IiwiaG9tZWhvbWV2aWV3aHRtbDIwMCI6Ijc1NyIsImhlYWRlcmhlYWRlcnZpZXdodG1sMjAwIjoiMTI1OSIsIm5hdmlnYXRpb25uYXZpZ2F0aW9udmlld2h0bWwyMDAiOiIxMjU4IiwibWVudW1lbnV2aWV3aHRtbDIwMCI6Ijc2MyIsInRlc3RUZXN0Vmlld2h0bWwyMDAiOiIwIiwiZ3Rmd19tZW51TWVudVZpZXdodG1sMjAwIjoiMCIsInBhZ2luZ3BhZ2luZ3ZpZXdodG1sMjAwIjoiMCJ9IjtzOjQ6InVzZXIiO3M6NzoiImFkbWluIiI7fQ==','2014-04-14 08:58:21'),('dpf5oit4sbt6en4km78olu69e7','dGFibGVfZ3Rmd19jb25maWdfYXZhaWxhYmxlfGE6MTp7aTowO2E6MTp7czozNToiVGFibGVzX2luX2d0ZndfcHVibGljIChndGZ3X2NvbmZpZykiO3M6MTE6Imd0ZndfY29uZmlnIjt9fWNoZWNrX2d0ZndfbWVudV90YWJsZXxhOjE6e2k6MDthOjE6e3M6MzM6IlRhYmxlc19pbl9ndGZ3X3B1YmxpYyAoZ3Rmd19tZW51KSI7czo5OiJndGZ3X21lbnUiO319bWVzc2VuZ2VyX3F1ZXVlfHM6MTQ0OiJPOjEyOiJNZXNzYWdlUXVldWUiOjM6e3M6MzE6IgBNZXNzYWdlUXVldWUAbUN1cnJlbnRSZXF1ZXN0SWQiO2k6ODtzOjI4OiIATWVzc2FnZVF1ZXVlAG1OZXh0UmVxdWVzdElkIjtpOjk7czoyMzoiAE1lc3NhZ2VRdWV1ZQBtTWVzc2FnZXMiO2E6MDp7fX0iO3N0YXJ0X2tleXxpOjExODgwOTU5NDc7bXVsdF9rZXl8aToxNDE0MTcyMjE4O2FkZF9rZXl8aToxNzQzNjM2MDEzO2lzX2xvZ2dlZF9pbnxiOjE7dXNlcm5hbWV8czo1OiJhZG1pbiI7c2FsdHxpOjE3NDY5MTEwNzE7bG9naW5fc2FsdHxpOjE3NDY5MTEwNzE7ZGVzY3JpYmVfZ3Rmd19tb2R1bGV8czoxNTc0OiJbeyJGaWVsZCI6Ik1vZHVsZUlkIiwiVHlwZSI6ImJpZ2ludCgyMCkgdW5zaWduZWQiLCJOdWxsIjoiTk8iLCJLZXkiOiJQUkkiLCJEZWZhdWx0IjpudWxsLCJFeHRyYSI6ImF1dG9faW5jcmVtZW50In0seyJGaWVsZCI6Ik1vZHVsZSIsIlR5cGUiOiJ2YXJjaGFyKDEwMCkiLCJOdWxsIjoiTk8iLCJLZXkiOiIiLCJEZWZhdWx0IjoiIiwiRXh0cmEiOiIifSx7IkZpZWxkIjoiTGFiZWxNb2R1bGUiLCJUeXBlIjoidmFyY2hhcigxMDApIiwiTnVsbCI6Ik5PIiwiS2V5IjoiIiwiRGVmYXVsdCI6IiIsIkV4dHJhIjoiIn0seyJGaWVsZCI6IlN1Yk1vZHVsZSIsIlR5cGUiOiJ2YXJjaGFyKDEwMCkiLCJOdWxsIjoiTk8iLCJLZXkiOiIiLCJEZWZhdWx0IjoiIiwiRXh0cmEiOiIifSx7IkZpZWxkIjoiQWN0aW9uIiwiVHlwZSI6InZhcmNoYXIoMTAwKSIsIk51bGwiOiJZRVMiLCJLZXkiOiIiLCJEZWZhdWx0IjoidmlldyIsIkV4dHJhIjoiIn0seyJGaWVsZCI6IlR5cGUiLCJUeXBlIjoidmFyY2hhcigxMDApIiwiTnVsbCI6IllFUyIsIktleSI6IiIsIkRlZmF1bHQiOiJodG1sIiwiRXh0cmEiOiIifSx7IkZpZWxkIjoiRGVzY3JpcHRpb24iLCJUeXBlIjoidGV4dCIsIk51bGwiOiJZRVMiLCJLZXkiOiIiLCJEZWZhdWx0IjpudWxsLCJFeHRyYSI6IiJ9LHsiRmllbGQiOiJBY2Nlc3MiLCJUeXBlIjoiZW51bSgnQWxsJywnRXhjbHVzaXZlJykiLCJOdWxsIjoiTk8iLCJLZXkiOiIiLCJEZWZhdWx0IjoiRXhjbHVzaXZlIiwiRXh0cmEiOiIifSx7IkZpZWxkIjoiU2hvdyIsIlR5cGUiOiJlbnVtKCdZZXMnLCdObycpIiwiTnVsbCI6IllFUyIsIktleSI6IiIsIkRlZmF1bHQiOiJObyIsIkV4dHJhIjoiIn0seyJGaWVsZCI6Ikljb25QYXRoIiwiVHlwZSI6InZhcmNoYXIoMjU1KSIsIk51bGwiOiJZRVMiLCJLZXkiOiIiLCJEZWZhdWx0IjpudWxsLCJFeHRyYSI6IiJ9LHsiRmllbGQiOiJNZW51SWQiLCJUeXBlIjoiaW50KDYpIiwiTnVsbCI6IllFUyIsIktleSI6Ik1VTCIsIkRlZmF1bHQiOm51bGwsIkV4dHJhIjoiIn0seyJGaWVsZCI6IkFwcGxpY2F0aW9uSWQiLCJUeXBlIjoiYmlnaW50KDIwKSIsIk51bGwiOiJZRVMiLCJLZXkiOiJNVUwiLCJEZWZhdWx0IjpudWxsLCJFeHRyYSI6IiJ9LHsiRmllbGQiOiJNb2R1bGVQYXRoIiwiVHlwZSI6InZhcmNoYXIoMjU1KSIsIk51bGwiOiJZRVMiLCJLZXkiOiIiLCJEZWZhdWx0IjpudWxsLCJFeHRyYSI6IiJ9LHsiRmllbGQiOiJBa3NpSWQiLCJUeXBlIjoic21hbGxpbnQoNikiLCJOdWxsIjoiWUVTIiwiS2V5IjoiTVVMIiwiRGVmYXVsdCI6bnVsbCwiRXh0cmEiOiIifSx7IkZpZWxkIjoiTGFiZWxBa3NpIiwiVHlwZSI6InZhcmNoYXIoNTApIiwiTnVsbCI6IllFUyIsIktleSI6IiIsIkRlZmF1bHQiOm51bGwsIkV4dHJhIjoiIn0seyJGaWVsZCI6IkhpbnQiLCJUeXBlIjoidmFyY2hhcigxMDApIiwiTnVsbCI6IllFUyIsIktleSI6IiIsIkRlZmF1bHQiOm51bGwsIkV4dHJhIjoiIn0seyJGaWVsZCI6Ik5lZWRTc2wiLCJUeXBlIjoiZW51bSgnWWVzJywnTm8nKSIsIk51bGwiOiJZRVMiLCJLZXkiOiIiLCJEZWZhdWx0IjpudWxsLCJFeHRyYSI6IiJ9XSI7YWt0aXZlX3VzZXJfZ3JvdXBfaWR8czoyOiI2MyI7YWNjZXNzX21vZHVsZXxhOjM6e3M6MTE6Im1vZHVsZUNvdW50IjtzOjQ6IiIzMiIiO3M6NjoibW9kdWxlIjtzOjIyOToieyJsb2dpbl9kZWZhdWx0bG9naW52aWV3aHRtbDIwMCI6IjAiLCJsb2dpbl9kZWZhdWx0bG9naW5kb2h0bWwyMDAiOiI3NTkiLCJob21laG9tZXZpZXdodG1sMjAwIjoiNzU3IiwiaGVhZGVyaGVhZGVydmlld2h0bWwyMDAiOiIxMjU5IiwibmF2aWdhdGlvbm5hdmlnYXRpb252aWV3aHRtbDIwMCI6IjEyNTgiLCJtZW51bWVudXZpZXdodG1sMjAwIjoiNzYzIiwidGVzdFRlc3RWaWV3aHRtbDIwMCI6IjAifSI7czo0OiJ1c2VyIjtzOjc6IiJhZG1pbiIiO30=','2014-04-11 08:52:37'),('h7inc52tu0m939g3v40nubu9f1','ZmluZ2VycHJpbnR8czozMjoiZTE5MTRjNTEyYWM2OGMzYzk2NTVhZWI4ZmQxNzExZGEiO3RhYmxlX2d0ZndfY29uZmlnX2F2YWlsYWJsZXxhOjE6e2k6MDthOjE6e3M6MzU6IlRhYmxlc19pbl9ndGZ3X3B1YmxpYyAoZ3Rmd19jb25maWcpIjtzOjExOiJndGZ3X2NvbmZpZyI7fX1jaGVja19ndGZ3X21lbnVfdGFibGV8YToxOntpOjA7YToxOntzOjMzOiJUYWJsZXNfaW5fZ3Rmd19wdWJsaWMgKGd0ZndfbWVudSkiO3M6OToiZ3Rmd19tZW51Ijt9fW1lc3Nlbmdlcl9xdWV1ZXxzOjQwNToiTzoxMjoiTWVzc2FnZVF1ZXVlIjozOntzOjMxOiIATWVzc2FnZVF1ZXVlAG1DdXJyZW50UmVxdWVzdElkIjtpOjg3O3M6Mjg6IgBNZXNzYWdlUXVldWUAbU5leHRSZXF1ZXN0SWQiO2k6ODg7czoyMzoiAE1lc3NhZ2VRdWV1ZQBtTWVzc2FnZXMiO2E6MTp7czo3NToiL21lZGlhL3d3dy93d3cvcmlzZXQvYXBwL21vZHVsZS9ndGZ3X21lbnUvcmVzcG9uc2UvVmlld01lbnUuaHRtbC5jbGFzcy5waHBfIjthOjE6e2k6MjA7Tzo3OiJNZXNzYWdlIjozOntzOjE5OiIATWVzc2FnZQBtUmVxdWVzdElkIjtpOjA7czoxNzoiAE1lc3NhZ2UAbU1lc3NhZ2UiO2E6MTp7aTowO2E6Mzp7czo0OiJwYWdlIjtpOjE7czo3OiJkaXNwbGF5IjtpOjUwO3M6NToic3RhcnQiO2k6MDt9fXM6MTM6IgBNZXNzYWdlAG1PbGQiO2I6MDt9fX19IjtzdGFydF9rZXl8aToxMDMwMDU3NDA3O211bHRfa2V5fGk6NzI0ODQ3MzI2O2FkZF9rZXl8aToxODA4NDg5NTQ5O2lzX2xvZ2dlZF9pbnxiOjE7dXNlcm5hbWV8czo1OiJhZG1pbiI7c2FsdHxpOjg4ODk1Nzc1NTtsb2dpbl9zYWx0fGk6ODg4OTU3NzU1O2Rlc2NyaWJlX2d0ZndfbW9kdWxlfHM6MTU3NDoiW3siRmllbGQiOiJNb2R1bGVJZCIsIlR5cGUiOiJiaWdpbnQoMjApIHVuc2lnbmVkIiwiTnVsbCI6Ik5PIiwiS2V5IjoiUFJJIiwiRGVmYXVsdCI6bnVsbCwiRXh0cmEiOiJhdXRvX2luY3JlbWVudCJ9LHsiRmllbGQiOiJNb2R1bGUiLCJUeXBlIjoidmFyY2hhcigxMDApIiwiTnVsbCI6Ik5PIiwiS2V5IjoiIiwiRGVmYXVsdCI6IiIsIkV4dHJhIjoiIn0seyJGaWVsZCI6IkxhYmVsTW9kdWxlIiwiVHlwZSI6InZhcmNoYXIoMTAwKSIsIk51bGwiOiJOTyIsIktleSI6IiIsIkRlZmF1bHQiOiIiLCJFeHRyYSI6IiJ9LHsiRmllbGQiOiJTdWJNb2R1bGUiLCJUeXBlIjoidmFyY2hhcigxMDApIiwiTnVsbCI6Ik5PIiwiS2V5IjoiIiwiRGVmYXVsdCI6IiIsIkV4dHJhIjoiIn0seyJGaWVsZCI6IkFjdGlvbiIsIlR5cGUiOiJ2YXJjaGFyKDEwMCkiLCJOdWxsIjoiWUVTIiwiS2V5IjoiIiwiRGVmYXVsdCI6InZpZXciLCJFeHRyYSI6IiJ9LHsiRmllbGQiOiJUeXBlIiwiVHlwZSI6InZhcmNoYXIoMTAwKSIsIk51bGwiOiJZRVMiLCJLZXkiOiIiLCJEZWZhdWx0IjoiaHRtbCIsIkV4dHJhIjoiIn0seyJGaWVsZCI6IkRlc2NyaXB0aW9uIiwiVHlwZSI6InRleHQiLCJOdWxsIjoiWUVTIiwiS2V5IjoiIiwiRGVmYXVsdCI6bnVsbCwiRXh0cmEiOiIifSx7IkZpZWxkIjoiQWNjZXNzIiwiVHlwZSI6ImVudW0oJ0FsbCcsJ0V4Y2x1c2l2ZScpIiwiTnVsbCI6Ik5PIiwiS2V5IjoiIiwiRGVmYXVsdCI6IkV4Y2x1c2l2ZSIsIkV4dHJhIjoiIn0seyJGaWVsZCI6IlNob3ciLCJUeXBlIjoiZW51bSgnWWVzJywnTm8nKSIsIk51bGwiOiJZRVMiLCJLZXkiOiIiLCJEZWZhdWx0IjoiTm8iLCJFeHRyYSI6IiJ9LHsiRmllbGQiOiJJY29uUGF0aCIsIlR5cGUiOiJ2YXJjaGFyKDI1NSkiLCJOdWxsIjoiWUVTIiwiS2V5IjoiIiwiRGVmYXVsdCI6bnVsbCwiRXh0cmEiOiIifSx7IkZpZWxkIjoiTWVudUlkIiwiVHlwZSI6ImludCg2KSIsIk51bGwiOiJZRVMiLCJLZXkiOiJNVUwiLCJEZWZhdWx0IjpudWxsLCJFeHRyYSI6IiJ9LHsiRmllbGQiOiJBcHBsaWNhdGlvbklkIiwiVHlwZSI6ImJpZ2ludCgyMCkiLCJOdWxsIjoiWUVTIiwiS2V5IjoiTVVMIiwiRGVmYXVsdCI6bnVsbCwiRXh0cmEiOiIifSx7IkZpZWxkIjoiTW9kdWxlUGF0aCIsIlR5cGUiOiJ2YXJjaGFyKDI1NSkiLCJOdWxsIjoiWUVTIiwiS2V5IjoiIiwiRGVmYXVsdCI6bnVsbCwiRXh0cmEiOiIifSx7IkZpZWxkIjoiQWtzaUlkIiwiVHlwZSI6InNtYWxsaW50KDYpIiwiTnVsbCI6IllFUyIsIktleSI6Ik1VTCIsIkRlZmF1bHQiOm51bGwsIkV4dHJhIjoiIn0seyJGaWVsZCI6IkxhYmVsQWtzaSIsIlR5cGUiOiJ2YXJjaGFyKDUwKSIsIk51bGwiOiJZRVMiLCJLZXkiOiIiLCJEZWZhdWx0IjpudWxsLCJFeHRyYSI6IiJ9LHsiRmllbGQiOiJIaW50IiwiVHlwZSI6InZhcmNoYXIoMTAwKSIsIk51bGwiOiJZRVMiLCJLZXkiOiIiLCJEZWZhdWx0IjpudWxsLCJFeHRyYSI6IiJ9LHsiRmllbGQiOiJOZWVkU3NsIiwiVHlwZSI6ImVudW0oJ1llcycsJ05vJykiLCJOdWxsIjoiWUVTIiwiS2V5IjoiIiwiRGVmYXVsdCI6bnVsbCwiRXh0cmEiOiIifV0iO2FrdGl2ZV91c2VyX2dyb3VwX2lkfHM6MjoiNjMiO2FjY2Vzc19tb2R1bGV8YTozOntzOjExOiJtb2R1bGVDb3VudCI7czo0OiIiMzIiIjtzOjY6Im1vZHVsZSI7czozODg6InsibG9naW5fZGVmYXVsdGxvZ2ludmlld2h0bWwyMDAiOiI3NjIiLCJsb2dpbl9kZWZhdWx0bG9naW5kb2h0bWwyMDAiOiI3NTkiLCJob21laG9tZXZpZXdodG1sMjAwIjoiMCIsImhlYWRlcmhlYWRlcnZpZXdodG1sMjAwIjoiMTI1OSIsIm5hdmlnYXRpb25uYXZpZ2F0aW9udmlld2h0bWwyMDAiOiIxMjU4IiwibWVudW1lbnV2aWV3aHRtbDIwMCI6Ijc2MyIsInRlc3RUZXN0Vmlld2h0bWwyMDAiOiIwIiwiZ3Rmd19tZW51TWVudVZpZXdodG1sMjAwIjoiMCIsInBhZ2luZ3BhZ2luZ3ZpZXdodG1sMjAwIjoiMCIsImd0ZndfbWVudXVwZGF0ZXZpZXdodG1sMjAwIjoiMCIsImNvbWJvYm94Y29tYm9ib3h2aWV3aHRtbDIwMCI6IjAiLCJndGZ3X21lbnVtZW51dmlld2h0bWwyMDAiOiIwIn0iO3M6NDoidXNlciI7czo3OiIiYWRtaW4iIjt9','2014-04-14 16:16:02'),('1kpu5oe3olp41eul0usin81kp3','ZmluZ2VycHJpbnR8czozMjoiM2UyOWI2YzYwZjNmMGFiNDM2NGRhNDE0ZjY0Y2ZmMDgiO3RhYmxlX2d0ZndfY29uZmlnX2F2YWlsYWJsZXxhOjE6e2k6MDthOjE6e3M6MzU6IlRhYmxlc19pbl9ndGZ3X3B1YmxpYyAoZ3Rmd19jb25maWcpIjtzOjExOiJndGZ3X2NvbmZpZyI7fX1jaGVja19ndGZ3X21lbnVfdGFibGV8YToxOntpOjA7YToxOntzOjMzOiJUYWJsZXNfaW5fZ3Rmd19wdWJsaWMgKGd0ZndfbWVudSkiO3M6OToiZ3Rmd19tZW51Ijt9fW1lc3Nlbmdlcl9xdWV1ZXxzOjE0NDoiTzoxMjoiTWVzc2FnZVF1ZXVlIjozOntzOjMxOiIATWVzc2FnZVF1ZXVlAG1DdXJyZW50UmVxdWVzdElkIjtpOjI7czoyODoiAE1lc3NhZ2VRdWV1ZQBtTmV4dFJlcXVlc3RJZCI7aTozO3M6MjM6IgBNZXNzYWdlUXVldWUAbU1lc3NhZ2VzIjthOjA6e319IjtzdGFydF9rZXl8aToyMTQyMjY1NjI4O211bHRfa2V5fGk6NzYwNjI2MjAxO2FkZF9rZXl8aToxNzI2MjY5Njg3O2lzX2xvZ2dlZF9pbnxiOjA7dXNlcm5hbWV8czo2OiJub2JvZHkiO2FjY2Vzc19tb2R1bGV8YToyOntzOjY6Im1vZHVsZSI7czozNzoieyJsb2dpbl9kZWZhdWx0bG9naW52aWV3aHRtbDIwMCI6IjAifSI7czo0OiJ1c2VyIjtzOjg6IiJub2JvZHkiIjt9c2FsdHxpOjU0NjI1MDU3O2xvZ2luX3NhbHR8aTo1NDYyNTA1NztkZXNjcmliZV9ndGZ3X21vZHVsZXxzOjE1NzQ6Ilt7IkZpZWxkIjoiTW9kdWxlSWQiLCJUeXBlIjoiYmlnaW50KDIwKSB1bnNpZ25lZCIsIk51bGwiOiJOTyIsIktleSI6IlBSSSIsIkRlZmF1bHQiOm51bGwsIkV4dHJhIjoiYXV0b19pbmNyZW1lbnQifSx7IkZpZWxkIjoiTW9kdWxlIiwiVHlwZSI6InZhcmNoYXIoMTAwKSIsIk51bGwiOiJOTyIsIktleSI6IiIsIkRlZmF1bHQiOiIiLCJFeHRyYSI6IiJ9LHsiRmllbGQiOiJMYWJlbE1vZHVsZSIsIlR5cGUiOiJ2YXJjaGFyKDEwMCkiLCJOdWxsIjoiTk8iLCJLZXkiOiIiLCJEZWZhdWx0IjoiIiwiRXh0cmEiOiIifSx7IkZpZWxkIjoiU3ViTW9kdWxlIiwiVHlwZSI6InZhcmNoYXIoMTAwKSIsIk51bGwiOiJOTyIsIktleSI6IiIsIkRlZmF1bHQiOiIiLCJFeHRyYSI6IiJ9LHsiRmllbGQiOiJBY3Rpb24iLCJUeXBlIjoidmFyY2hhcigxMDApIiwiTnVsbCI6IllFUyIsIktleSI6IiIsIkRlZmF1bHQiOiJ2aWV3IiwiRXh0cmEiOiIifSx7IkZpZWxkIjoiVHlwZSIsIlR5cGUiOiJ2YXJjaGFyKDEwMCkiLCJOdWxsIjoiWUVTIiwiS2V5IjoiIiwiRGVmYXVsdCI6Imh0bWwiLCJFeHRyYSI6IiJ9LHsiRmllbGQiOiJEZXNjcmlwdGlvbiIsIlR5cGUiOiJ0ZXh0IiwiTnVsbCI6IllFUyIsIktleSI6IiIsIkRlZmF1bHQiOm51bGwsIkV4dHJhIjoiIn0seyJGaWVsZCI6IkFjY2VzcyIsIlR5cGUiOiJlbnVtKCdBbGwnLCdFeGNsdXNpdmUnKSIsIk51bGwiOiJOTyIsIktleSI6IiIsIkRlZmF1bHQiOiJFeGNsdXNpdmUiLCJFeHRyYSI6IiJ9LHsiRmllbGQiOiJTaG93IiwiVHlwZSI6ImVudW0oJ1llcycsJ05vJykiLCJOdWxsIjoiWUVTIiwiS2V5IjoiIiwiRGVmYXVsdCI6Ik5vIiwiRXh0cmEiOiIifSx7IkZpZWxkIjoiSWNvblBhdGgiLCJUeXBlIjoidmFyY2hhcigyNTUpIiwiTnVsbCI6IllFUyIsIktleSI6IiIsIkRlZmF1bHQiOm51bGwsIkV4dHJhIjoiIn0seyJGaWVsZCI6Ik1lbnVJZCIsIlR5cGUiOiJpbnQoNikiLCJOdWxsIjoiWUVTIiwiS2V5IjoiTVVMIiwiRGVmYXVsdCI6bnVsbCwiRXh0cmEiOiIifSx7IkZpZWxkIjoiQXBwbGljYXRpb25JZCIsIlR5cGUiOiJiaWdpbnQoMjApIiwiTnVsbCI6IllFUyIsIktleSI6Ik1VTCIsIkRlZmF1bHQiOm51bGwsIkV4dHJhIjoiIn0seyJGaWVsZCI6Ik1vZHVsZVBhdGgiLCJUeXBlIjoidmFyY2hhcigyNTUpIiwiTnVsbCI6IllFUyIsIktleSI6IiIsIkRlZmF1bHQiOm51bGwsIkV4dHJhIjoiIn0seyJGaWVsZCI6IkFrc2lJZCIsIlR5cGUiOiJzbWFsbGludCg2KSIsIk51bGwiOiJZRVMiLCJLZXkiOiJNVUwiLCJEZWZhdWx0IjpudWxsLCJFeHRyYSI6IiJ9LHsiRmllbGQiOiJMYWJlbEFrc2kiLCJUeXBlIjoidmFyY2hhcig1MCkiLCJOdWxsIjoiWUVTIiwiS2V5IjoiIiwiRGVmYXVsdCI6bnVsbCwiRXh0cmEiOiIifSx7IkZpZWxkIjoiSGludCIsIlR5cGUiOiJ2YXJjaGFyKDEwMCkiLCJOdWxsIjoiWUVTIiwiS2V5IjoiIiwiRGVmYXVsdCI6bnVsbCwiRXh0cmEiOiIifSx7IkZpZWxkIjoiTmVlZFNzbCIsIlR5cGUiOiJlbnVtKCdZZXMnLCdObycpIiwiTnVsbCI6IllFUyIsIktleSI6IiIsIkRlZmF1bHQiOm51bGwsIkV4dHJhIjoiIn1dIjs=','2014-04-15 09:56:58'),('50lfe5ic17v9h5qo9vrg7alse2','ZmluZ2VycHJpbnR8czozMjoiYTJjODEzMTkyOTRhZTVmOTE5Mjc2ZWE4YWNmMTY4YTgiO3RhYmxlX2d0ZndfY29uZmlnX2F2YWlsYWJsZXxhOjE6e2k6MDthOjE6e3M6MzU6IlRhYmxlc19pbl9ndGZ3X3B1YmxpYyAoZ3Rmd19jb25maWcpIjtzOjExOiJndGZ3X2NvbmZpZyI7fX1jaGVja19ndGZ3X21lbnVfdGFibGV8YToxOntpOjA7YToxOntzOjMzOiJUYWJsZXNfaW5fZ3Rmd19wdWJsaWMgKGd0ZndfbWVudSkiO3M6OToiZ3Rmd19tZW51Ijt9fW1lc3Nlbmdlcl9xdWV1ZXxzOjE0NDoiTzoxMjoiTWVzc2FnZVF1ZXVlIjozOntzOjMxOiIATWVzc2FnZVF1ZXVlAG1DdXJyZW50UmVxdWVzdElkIjtpOjM7czoyODoiAE1lc3NhZ2VRdWV1ZQBtTmV4dFJlcXVlc3RJZCI7aTo0O3M6MjM6IgBNZXNzYWdlUXVldWUAbU1lc3NhZ2VzIjthOjA6e319IjtzdGFydF9rZXl8aToxNzE4NDUzNDI0O211bHRfa2V5fGk6MTQ2OTE3OTg1MjthZGRfa2V5fGk6NTU4NDQ3OTgyO2lzX2xvZ2dlZF9pbnxiOjA7dXNlcm5hbWV8czo2OiJub2JvZHkiO2FjY2Vzc19tb2R1bGV8YToyOntzOjY6Im1vZHVsZSI7czozNzoieyJsb2dpbl9kZWZhdWx0bG9naW52aWV3aHRtbDIwMCI6IjAifSI7czo0OiJ1c2VyIjtzOjg6IiJub2JvZHkiIjt9c2FsdHxpOjc3MzAzMDk3ODtsb2dpbl9zYWx0fGk6NzczMDMwOTc4O3Rva2VufHM6MzI6ImMwYzIwNjgwMjRkY2JkZjlhM2QxYTI5YmFkM2RlNjQ5IjtkZXNjcmliZV9ndGZ3X21vZHVsZXxzOjE1NzQ6Ilt7IkZpZWxkIjoiTW9kdWxlSWQiLCJUeXBlIjoiYmlnaW50KDIwKSB1bnNpZ25lZCIsIk51bGwiOiJOTyIsIktleSI6IlBSSSIsIkRlZmF1bHQiOm51bGwsIkV4dHJhIjoiYXV0b19pbmNyZW1lbnQifSx7IkZpZWxkIjoiTW9kdWxlIiwiVHlwZSI6InZhcmNoYXIoMTAwKSIsIk51bGwiOiJOTyIsIktleSI6IiIsIkRlZmF1bHQiOiIiLCJFeHRyYSI6IiJ9LHsiRmllbGQiOiJMYWJlbE1vZHVsZSIsIlR5cGUiOiJ2YXJjaGFyKDEwMCkiLCJOdWxsIjoiTk8iLCJLZXkiOiIiLCJEZWZhdWx0IjoiIiwiRXh0cmEiOiIifSx7IkZpZWxkIjoiU3ViTW9kdWxlIiwiVHlwZSI6InZhcmNoYXIoMTAwKSIsIk51bGwiOiJOTyIsIktleSI6IiIsIkRlZmF1bHQiOiIiLCJFeHRyYSI6IiJ9LHsiRmllbGQiOiJBY3Rpb24iLCJUeXBlIjoidmFyY2hhcigxMDApIiwiTnVsbCI6IllFUyIsIktleSI6IiIsIkRlZmF1bHQiOiJ2aWV3IiwiRXh0cmEiOiIifSx7IkZpZWxkIjoiVHlwZSIsIlR5cGUiOiJ2YXJjaGFyKDEwMCkiLCJOdWxsIjoiWUVTIiwiS2V5IjoiIiwiRGVmYXVsdCI6Imh0bWwiLCJFeHRyYSI6IiJ9LHsiRmllbGQiOiJEZXNjcmlwdGlvbiIsIlR5cGUiOiJ0ZXh0IiwiTnVsbCI6IllFUyIsIktleSI6IiIsIkRlZmF1bHQiOm51bGwsIkV4dHJhIjoiIn0seyJGaWVsZCI6IkFjY2VzcyIsIlR5cGUiOiJlbnVtKCdBbGwnLCdFeGNsdXNpdmUnKSIsIk51bGwiOiJOTyIsIktleSI6IiIsIkRlZmF1bHQiOiJFeGNsdXNpdmUiLCJFeHRyYSI6IiJ9LHsiRmllbGQiOiJTaG93IiwiVHlwZSI6ImVudW0oJ1llcycsJ05vJykiLCJOdWxsIjoiWUVTIiwiS2V5IjoiIiwiRGVmYXVsdCI6Ik5vIiwiRXh0cmEiOiIifSx7IkZpZWxkIjoiSWNvblBhdGgiLCJUeXBlIjoidmFyY2hhcigyNTUpIiwiTnVsbCI6IllFUyIsIktleSI6IiIsIkRlZmF1bHQiOm51bGwsIkV4dHJhIjoiIn0seyJGaWVsZCI6Ik1lbnVJZCIsIlR5cGUiOiJpbnQoNikiLCJOdWxsIjoiWUVTIiwiS2V5IjoiTVVMIiwiRGVmYXVsdCI6bnVsbCwiRXh0cmEiOiIifSx7IkZpZWxkIjoiQXBwbGljYXRpb25JZCIsIlR5cGUiOiJiaWdpbnQoMjApIiwiTnVsbCI6IllFUyIsIktleSI6Ik1VTCIsIkRlZmF1bHQiOm51bGwsIkV4dHJhIjoiIn0seyJGaWVsZCI6Ik1vZHVsZVBhdGgiLCJUeXBlIjoidmFyY2hhcigyNTUpIiwiTnVsbCI6IllFUyIsIktleSI6IiIsIkRlZmF1bHQiOm51bGwsIkV4dHJhIjoiIn0seyJGaWVsZCI6IkFrc2lJZCIsIlR5cGUiOiJzbWFsbGludCg2KSIsIk51bGwiOiJZRVMiLCJLZXkiOiJNVUwiLCJEZWZhdWx0IjpudWxsLCJFeHRyYSI6IiJ9LHsiRmllbGQiOiJMYWJlbEFrc2kiLCJUeXBlIjoidmFyY2hhcig1MCkiLCJOdWxsIjoiWUVTIiwiS2V5IjoiIiwiRGVmYXVsdCI6bnVsbCwiRXh0cmEiOiIifSx7IkZpZWxkIjoiSGludCIsIlR5cGUiOiJ2YXJjaGFyKDEwMCkiLCJOdWxsIjoiWUVTIiwiS2V5IjoiIiwiRGVmYXVsdCI6bnVsbCwiRXh0cmEiOiIifSx7IkZpZWxkIjoiTmVlZFNzbCIsIlR5cGUiOiJlbnVtKCdZZXMnLCdObycpIiwiTnVsbCI6IllFUyIsIktleSI6IiIsIkRlZmF1bHQiOm51bGwsIkV4dHJhIjoiIn1dIjs=','2014-04-15 10:06:52'),('vhvfu4vsmg798nknguqotmspk7','ZmluZ2VycHJpbnR8czozMjoiOTMzMTFjMjE3ZDRlOWQ3MmM3ZDc1OWVkYzUzOTZkZDYiO3RhYmxlX2d0ZndfY29uZmlnX2F2YWlsYWJsZXxhOjE6e2k6MDthOjE6e3M6MzU6IlRhYmxlc19pbl9ndGZ3X3B1YmxpYyAoZ3Rmd19jb25maWcpIjtzOjExOiJndGZ3X2NvbmZpZyI7fX1jaGVja19ndGZ3X21lbnVfdGFibGV8YToxOntpOjA7YToxOntzOjMzOiJUYWJsZXNfaW5fZ3Rmd19wdWJsaWMgKGd0ZndfbWVudSkiO3M6OToiZ3Rmd19tZW51Ijt9fW1lc3Nlbmdlcl9xdWV1ZXxzOjE0NDoiTzoxMjoiTWVzc2FnZVF1ZXVlIjozOntzOjMxOiIATWVzc2FnZVF1ZXVlAG1DdXJyZW50UmVxdWVzdElkIjtpOjQ7czoyODoiAE1lc3NhZ2VRdWV1ZQBtTmV4dFJlcXVlc3RJZCI7aTo1O3M6MjM6IgBNZXNzYWdlUXVldWUAbU1lc3NhZ2VzIjthOjA6e319IjtzdGFydF9rZXl8aToxOTg2MTk2NjEwO211bHRfa2V5fGk6NTUwMDkzMTM4O2FkZF9rZXl8aTo4MDM0MzI3Njk7aXNfbG9nZ2VkX2lufGI6MDt1c2VybmFtZXxzOjY6Im5vYm9keSI7YWNjZXNzX21vZHVsZXxhOjI6e3M6NjoibW9kdWxlIjtzOjM3OiJ7ImxvZ2luX2RlZmF1bHRsb2dpbnZpZXdodG1sMjAwIjoiMCJ9IjtzOjQ6InVzZXIiO3M6ODoiIm5vYm9keSIiO31zYWx0fGk6MTA4OTY0MzI5ODtsb2dpbl9zYWx0fGk6MTA4OTY0MzI5ODt0b2tlbnxzOjMyOiI4OGVkOWE5OGFiNGI0MWJiODc1ZDkyMWJmNzljNThhNyI7ZGVzY3JpYmVfZ3Rmd19tb2R1bGV8czoxNTc0OiJbeyJGaWVsZCI6Ik1vZHVsZUlkIiwiVHlwZSI6ImJpZ2ludCgyMCkgdW5zaWduZWQiLCJOdWxsIjoiTk8iLCJLZXkiOiJQUkkiLCJEZWZhdWx0IjpudWxsLCJFeHRyYSI6ImF1dG9faW5jcmVtZW50In0seyJGaWVsZCI6Ik1vZHVsZSIsIlR5cGUiOiJ2YXJjaGFyKDEwMCkiLCJOdWxsIjoiTk8iLCJLZXkiOiIiLCJEZWZhdWx0IjoiIiwiRXh0cmEiOiIifSx7IkZpZWxkIjoiTGFiZWxNb2R1bGUiLCJUeXBlIjoidmFyY2hhcigxMDApIiwiTnVsbCI6Ik5PIiwiS2V5IjoiIiwiRGVmYXVsdCI6IiIsIkV4dHJhIjoiIn0seyJGaWVsZCI6IlN1Yk1vZHVsZSIsIlR5cGUiOiJ2YXJjaGFyKDEwMCkiLCJOdWxsIjoiTk8iLCJLZXkiOiIiLCJEZWZhdWx0IjoiIiwiRXh0cmEiOiIifSx7IkZpZWxkIjoiQWN0aW9uIiwiVHlwZSI6InZhcmNoYXIoMTAwKSIsIk51bGwiOiJZRVMiLCJLZXkiOiIiLCJEZWZhdWx0IjoidmlldyIsIkV4dHJhIjoiIn0seyJGaWVsZCI6IlR5cGUiLCJUeXBlIjoidmFyY2hhcigxMDApIiwiTnVsbCI6IllFUyIsIktleSI6IiIsIkRlZmF1bHQiOiJodG1sIiwiRXh0cmEiOiIifSx7IkZpZWxkIjoiRGVzY3JpcHRpb24iLCJUeXBlIjoidGV4dCIsIk51bGwiOiJZRVMiLCJLZXkiOiIiLCJEZWZhdWx0IjpudWxsLCJFeHRyYSI6IiJ9LHsiRmllbGQiOiJBY2Nlc3MiLCJUeXBlIjoiZW51bSgnQWxsJywnRXhjbHVzaXZlJykiLCJOdWxsIjoiTk8iLCJLZXkiOiIiLCJEZWZhdWx0IjoiRXhjbHVzaXZlIiwiRXh0cmEiOiIifSx7IkZpZWxkIjoiU2hvdyIsIlR5cGUiOiJlbnVtKCdZZXMnLCdObycpIiwiTnVsbCI6IllFUyIsIktleSI6IiIsIkRlZmF1bHQiOiJObyIsIkV4dHJhIjoiIn0seyJGaWVsZCI6Ikljb25QYXRoIiwiVHlwZSI6InZhcmNoYXIoMjU1KSIsIk51bGwiOiJZRVMiLCJLZXkiOiIiLCJEZWZhdWx0IjpudWxsLCJFeHRyYSI6IiJ9LHsiRmllbGQiOiJNZW51SWQiLCJUeXBlIjoiaW50KDYpIiwiTnVsbCI6IllFUyIsIktleSI6Ik1VTCIsIkRlZmF1bHQiOm51bGwsIkV4dHJhIjoiIn0seyJGaWVsZCI6IkFwcGxpY2F0aW9uSWQiLCJUeXBlIjoiYmlnaW50KDIwKSIsIk51bGwiOiJZRVMiLCJLZXkiOiJNVUwiLCJEZWZhdWx0IjpudWxsLCJFeHRyYSI6IiJ9LHsiRmllbGQiOiJNb2R1bGVQYXRoIiwiVHlwZSI6InZhcmNoYXIoMjU1KSIsIk51bGwiOiJZRVMiLCJLZXkiOiIiLCJEZWZhdWx0IjpudWxsLCJFeHRyYSI6IiJ9LHsiRmllbGQiOiJBa3NpSWQiLCJUeXBlIjoic21hbGxpbnQoNikiLCJOdWxsIjoiWUVTIiwiS2V5IjoiTVVMIiwiRGVmYXVsdCI6bnVsbCwiRXh0cmEiOiIifSx7IkZpZWxkIjoiTGFiZWxBa3NpIiwiVHlwZSI6InZhcmNoYXIoNTApIiwiTnVsbCI6IllFUyIsIktleSI6IiIsIkRlZmF1bHQiOm51bGwsIkV4dHJhIjoiIn0seyJGaWVsZCI6IkhpbnQiLCJUeXBlIjoidmFyY2hhcigxMDApIiwiTnVsbCI6IllFUyIsIktleSI6IiIsIkRlZmF1bHQiOm51bGwsIkV4dHJhIjoiIn0seyJGaWVsZCI6Ik5lZWRTc2wiLCJUeXBlIjoiZW51bSgnWWVzJywnTm8nKSIsIk51bGwiOiJZRVMiLCJLZXkiOiIiLCJEZWZhdWx0IjpudWxsLCJFeHRyYSI6IiJ9XSI7','2014-04-15 10:04:37'),('tq15vckruft6tpmaueqhdqkma0','ZmluZ2VycHJpbnR8czozMjoiMDgxNDU2N2Y1NGJlNjRhNDQzYjAzNzIzZTQ3NTYwZjEiO3RhYmxlX2d0ZndfY29uZmlnX2F2YWlsYWJsZXxhOjE6e2k6MDthOjE6e3M6MzU6IlRhYmxlc19pbl9ndGZ3X3B1YmxpYyAoZ3Rmd19jb25maWcpIjtzOjExOiJndGZ3X2NvbmZpZyI7fX1jaGVja19ndGZ3X21lbnVfdGFibGV8YToxOntpOjA7YToxOntzOjMzOiJUYWJsZXNfaW5fZ3Rmd19wdWJsaWMgKGd0ZndfbWVudSkiO3M6OToiZ3Rmd19tZW51Ijt9fW1lc3Nlbmdlcl9xdWV1ZXxzOjE0NDoiTzoxMjoiTWVzc2FnZVF1ZXVlIjozOntzOjMxOiIATWVzc2FnZVF1ZXVlAG1DdXJyZW50UmVxdWVzdElkIjtpOjE7czoyODoiAE1lc3NhZ2VRdWV1ZQBtTmV4dFJlcXVlc3RJZCI7aToyO3M6MjM6IgBNZXNzYWdlUXVldWUAbU1lc3NhZ2VzIjthOjA6e319IjtzdGFydF9rZXl8aTo3ODgyNDEwODA7bXVsdF9rZXl8aToxNjQwNDE5OTg7YWRkX2tleXxpOjM0MDg2NzI0Nztpc19sb2dnZWRfaW58YjowO3VzZXJuYW1lfHM6Njoibm9ib2R5IjthY2Nlc3NfbW9kdWxlfGE6Mjp7czo2OiJtb2R1bGUiO3M6Mzk6InsibG9naW5fZGVmYXVsdGxvZ2ludmlld2h0bWwyMDAiOiI3NjIifSI7czo0OiJ1c2VyIjtzOjg6IiJub2JvZHkiIjt9c2FsdHxpOjE5MDcxNDc5NTM7bG9naW5fc2FsdHxpOjE5MDcxNDc5NTM7ZGVzY3JpYmVfZ3Rmd19tb2R1bGV8czoxNTc0OiJbeyJGaWVsZCI6Ik1vZHVsZUlkIiwiVHlwZSI6ImJpZ2ludCgyMCkgdW5zaWduZWQiLCJOdWxsIjoiTk8iLCJLZXkiOiJQUkkiLCJEZWZhdWx0IjpudWxsLCJFeHRyYSI6ImF1dG9faW5jcmVtZW50In0seyJGaWVsZCI6Ik1vZHVsZSIsIlR5cGUiOiJ2YXJjaGFyKDEwMCkiLCJOdWxsIjoiTk8iLCJLZXkiOiIiLCJEZWZhdWx0IjoiIiwiRXh0cmEiOiIifSx7IkZpZWxkIjoiTGFiZWxNb2R1bGUiLCJUeXBlIjoidmFyY2hhcigxMDApIiwiTnVsbCI6Ik5PIiwiS2V5IjoiIiwiRGVmYXVsdCI6IiIsIkV4dHJhIjoiIn0seyJGaWVsZCI6IlN1Yk1vZHVsZSIsIlR5cGUiOiJ2YXJjaGFyKDEwMCkiLCJOdWxsIjoiTk8iLCJLZXkiOiIiLCJEZWZhdWx0IjoiIiwiRXh0cmEiOiIifSx7IkZpZWxkIjoiQWN0aW9uIiwiVHlwZSI6InZhcmNoYXIoMTAwKSIsIk51bGwiOiJZRVMiLCJLZXkiOiIiLCJEZWZhdWx0IjoidmlldyIsIkV4dHJhIjoiIn0seyJGaWVsZCI6IlR5cGUiLCJUeXBlIjoidmFyY2hhcigxMDApIiwiTnVsbCI6IllFUyIsIktleSI6IiIsIkRlZmF1bHQiOiJodG1sIiwiRXh0cmEiOiIifSx7IkZpZWxkIjoiRGVzY3JpcHRpb24iLCJUeXBlIjoidGV4dCIsIk51bGwiOiJZRVMiLCJLZXkiOiIiLCJEZWZhdWx0IjpudWxsLCJFeHRyYSI6IiJ9LHsiRmllbGQiOiJBY2Nlc3MiLCJUeXBlIjoiZW51bSgnQWxsJywnRXhjbHVzaXZlJykiLCJOdWxsIjoiTk8iLCJLZXkiOiIiLCJEZWZhdWx0IjoiRXhjbHVzaXZlIiwiRXh0cmEiOiIifSx7IkZpZWxkIjoiU2hvdyIsIlR5cGUiOiJlbnVtKCdZZXMnLCdObycpIiwiTnVsbCI6IllFUyIsIktleSI6IiIsIkRlZmF1bHQiOiJObyIsIkV4dHJhIjoiIn0seyJGaWVsZCI6Ikljb25QYXRoIiwiVHlwZSI6InZhcmNoYXIoMjU1KSIsIk51bGwiOiJZRVMiLCJLZXkiOiIiLCJEZWZhdWx0IjpudWxsLCJFeHRyYSI6IiJ9LHsiRmllbGQiOiJNZW51SWQiLCJUeXBlIjoiaW50KDYpIiwiTnVsbCI6IllFUyIsIktleSI6Ik1VTCIsIkRlZmF1bHQiOm51bGwsIkV4dHJhIjoiIn0seyJGaWVsZCI6IkFwcGxpY2F0aW9uSWQiLCJUeXBlIjoiYmlnaW50KDIwKSIsIk51bGwiOiJZRVMiLCJLZXkiOiJNVUwiLCJEZWZhdWx0IjpudWxsLCJFeHRyYSI6IiJ9LHsiRmllbGQiOiJNb2R1bGVQYXRoIiwiVHlwZSI6InZhcmNoYXIoMjU1KSIsIk51bGwiOiJZRVMiLCJLZXkiOiIiLCJEZWZhdWx0IjpudWxsLCJFeHRyYSI6IiJ9LHsiRmllbGQiOiJBa3NpSWQiLCJUeXBlIjoic21hbGxpbnQoNikiLCJOdWxsIjoiWUVTIiwiS2V5IjoiTVVMIiwiRGVmYXVsdCI6bnVsbCwiRXh0cmEiOiIifSx7IkZpZWxkIjoiTGFiZWxBa3NpIiwiVHlwZSI6InZhcmNoYXIoNTApIiwiTnVsbCI6IllFUyIsIktleSI6IiIsIkRlZmF1bHQiOm51bGwsIkV4dHJhIjoiIn0seyJGaWVsZCI6IkhpbnQiLCJUeXBlIjoidmFyY2hhcigxMDApIiwiTnVsbCI6IllFUyIsIktleSI6IiIsIkRlZmF1bHQiOm51bGwsIkV4dHJhIjoiIn0seyJGaWVsZCI6Ik5lZWRTc2wiLCJUeXBlIjoiZW51bSgnWWVzJywnTm8nKSIsIk51bGwiOiJZRVMiLCJLZXkiOiIiLCJEZWZhdWx0IjpudWxsLCJFeHRyYSI6IiJ9XSI7','2014-04-15 09:56:24'),('vloo1oo99gg22fc9ade66q9642','ZmluZ2VycHJpbnR8czozMjoiMTkyNThiYTNiODY1ZWZmZDk0MjgwMjcyNTFkZTZkODQiO3RhYmxlX2d0ZndfY29uZmlnX2F2YWlsYWJsZXxhOjE6e2k6MDthOjE6e3M6MzU6IlRhYmxlc19pbl9ndGZ3X3B1YmxpYyAoZ3Rmd19jb25maWcpIjtzOjExOiJndGZ3X2NvbmZpZyI7fX1jaGVja19ndGZ3X21lbnVfdGFibGV8YToxOntpOjA7YToxOntzOjMzOiJUYWJsZXNfaW5fZ3Rmd19wdWJsaWMgKGd0ZndfbWVudSkiO3M6OToiZ3Rmd19tZW51Ijt9fW1lc3Nlbmdlcl9xdWV1ZXxzOjE0NDoiTzoxMjoiTWVzc2FnZVF1ZXVlIjozOntzOjMxOiIATWVzc2FnZVF1ZXVlAG1DdXJyZW50UmVxdWVzdElkIjtpOjE7czoyODoiAE1lc3NhZ2VRdWV1ZQBtTmV4dFJlcXVlc3RJZCI7aToyO3M6MjM6IgBNZXNzYWdlUXVldWUAbU1lc3NhZ2VzIjthOjA6e319IjtzdGFydF9rZXl8aToxODA4NjkxMDc1O211bHRfa2V5fGk6MTQxMjk3MjE5O2FkZF9rZXl8aTo5MzQ5OTg0Mjg7aXNfbG9nZ2VkX2lufGI6MDt1c2VybmFtZXxzOjY6Im5vYm9keSI7YWNjZXNzX21vZHVsZXxhOjI6e3M6NjoibW9kdWxlIjtzOjM5OiJ7ImxvZ2luX2RlZmF1bHRsb2dpbnZpZXdodG1sMjAwIjoiNzYyIn0iO3M6NDoidXNlciI7czo4OiIibm9ib2R5IiI7fXNhbHR8aToxNDU4OTc4ODc5O2xvZ2luX3NhbHR8aToxNDU4OTc4ODc5O3Rva2VufHM6MzI6ImY1OWMzMjExNjdkNzUwYjMxYjQ5NGFlNTU0ZGExMTU1IjtkZXNjcmliZV9ndGZ3X21vZHVsZXxzOjE1NzQ6Ilt7IkZpZWxkIjoiTW9kdWxlSWQiLCJUeXBlIjoiYmlnaW50KDIwKSB1bnNpZ25lZCIsIk51bGwiOiJOTyIsIktleSI6IlBSSSIsIkRlZmF1bHQiOm51bGwsIkV4dHJhIjoiYXV0b19pbmNyZW1lbnQifSx7IkZpZWxkIjoiTW9kdWxlIiwiVHlwZSI6InZhcmNoYXIoMTAwKSIsIk51bGwiOiJOTyIsIktleSI6IiIsIkRlZmF1bHQiOiIiLCJFeHRyYSI6IiJ9LHsiRmllbGQiOiJMYWJlbE1vZHVsZSIsIlR5cGUiOiJ2YXJjaGFyKDEwMCkiLCJOdWxsIjoiTk8iLCJLZXkiOiIiLCJEZWZhdWx0IjoiIiwiRXh0cmEiOiIifSx7IkZpZWxkIjoiU3ViTW9kdWxlIiwiVHlwZSI6InZhcmNoYXIoMTAwKSIsIk51bGwiOiJOTyIsIktleSI6IiIsIkRlZmF1bHQiOiIiLCJFeHRyYSI6IiJ9LHsiRmllbGQiOiJBY3Rpb24iLCJUeXBlIjoidmFyY2hhcigxMDApIiwiTnVsbCI6IllFUyIsIktleSI6IiIsIkRlZmF1bHQiOiJ2aWV3IiwiRXh0cmEiOiIifSx7IkZpZWxkIjoiVHlwZSIsIlR5cGUiOiJ2YXJjaGFyKDEwMCkiLCJOdWxsIjoiWUVTIiwiS2V5IjoiIiwiRGVmYXVsdCI6Imh0bWwiLCJFeHRyYSI6IiJ9LHsiRmllbGQiOiJEZXNjcmlwdGlvbiIsIlR5cGUiOiJ0ZXh0IiwiTnVsbCI6IllFUyIsIktleSI6IiIsIkRlZmF1bHQiOm51bGwsIkV4dHJhIjoiIn0seyJGaWVsZCI6IkFjY2VzcyIsIlR5cGUiOiJlbnVtKCdBbGwnLCdFeGNsdXNpdmUnKSIsIk51bGwiOiJOTyIsIktleSI6IiIsIkRlZmF1bHQiOiJFeGNsdXNpdmUiLCJFeHRyYSI6IiJ9LHsiRmllbGQiOiJTaG93IiwiVHlwZSI6ImVudW0oJ1llcycsJ05vJykiLCJOdWxsIjoiWUVTIiwiS2V5IjoiIiwiRGVmYXVsdCI6Ik5vIiwiRXh0cmEiOiIifSx7IkZpZWxkIjoiSWNvblBhdGgiLCJUeXBlIjoidmFyY2hhcigyNTUpIiwiTnVsbCI6IllFUyIsIktleSI6IiIsIkRlZmF1bHQiOm51bGwsIkV4dHJhIjoiIn0seyJGaWVsZCI6Ik1lbnVJZCIsIlR5cGUiOiJpbnQoNikiLCJOdWxsIjoiWUVTIiwiS2V5IjoiTVVMIiwiRGVmYXVsdCI6bnVsbCwiRXh0cmEiOiIifSx7IkZpZWxkIjoiQXBwbGljYXRpb25JZCIsIlR5cGUiOiJiaWdpbnQoMjApIiwiTnVsbCI6IllFUyIsIktleSI6Ik1VTCIsIkRlZmF1bHQiOm51bGwsIkV4dHJhIjoiIn0seyJGaWVsZCI6Ik1vZHVsZVBhdGgiLCJUeXBlIjoidmFyY2hhcigyNTUpIiwiTnVsbCI6IllFUyIsIktleSI6IiIsIkRlZmF1bHQiOm51bGwsIkV4dHJhIjoiIn0seyJGaWVsZCI6IkFrc2lJZCIsIlR5cGUiOiJzbWFsbGludCg2KSIsIk51bGwiOiJZRVMiLCJLZXkiOiJNVUwiLCJEZWZhdWx0IjpudWxsLCJFeHRyYSI6IiJ9LHsiRmllbGQiOiJMYWJlbEFrc2kiLCJUeXBlIjoidmFyY2hhcig1MCkiLCJOdWxsIjoiWUVTIiwiS2V5IjoiIiwiRGVmYXVsdCI6bnVsbCwiRXh0cmEiOiIifSx7IkZpZWxkIjoiSGludCIsIlR5cGUiOiJ2YXJjaGFyKDEwMCkiLCJOdWxsIjoiWUVTIiwiS2V5IjoiIiwiRGVmYXVsdCI6bnVsbCwiRXh0cmEiOiIifSx7IkZpZWxkIjoiTmVlZFNzbCIsIlR5cGUiOiJlbnVtKCdZZXMnLCdObycpIiwiTnVsbCI6IllFUyIsIktleSI6IiIsIkRlZmF1bHQiOm51bGwsIkV4dHJhIjoiIn1dIjs=','2014-04-15 10:08:40'),('g3jcvf8j483v2uf2p91crscm17','ZmluZ2VycHJpbnR8czozMjoiNWJiODI5NjMwMjUzYTIxNWNjNTAxZGMxNGM0ZGNkZDQiO3RhYmxlX2d0ZndfY29uZmlnX2F2YWlsYWJsZXxhOjE6e2k6MDthOjE6e3M6MzU6IlRhYmxlc19pbl9ndGZ3X3B1YmxpYyAoZ3Rmd19jb25maWcpIjtzOjExOiJndGZ3X2NvbmZpZyI7fX1jaGVja19ndGZ3X21lbnVfdGFibGV8YToxOntpOjA7YToxOntzOjMzOiJUYWJsZXNfaW5fZ3Rmd19wdWJsaWMgKGd0ZndfbWVudSkiO3M6OToiZ3Rmd19tZW51Ijt9fW1lc3Nlbmdlcl9xdWV1ZXxzOjQwMzoiTzoxMjoiTWVzc2FnZVF1ZXVlIjozOntzOjMxOiIATWVzc2FnZVF1ZXVlAG1DdXJyZW50UmVxdWVzdElkIjtpOjk7czoyODoiAE1lc3NhZ2VRdWV1ZQBtTmV4dFJlcXVlc3RJZCI7aToxMDtzOjIzOiIATWVzc2FnZVF1ZXVlAG1NZXNzYWdlcyI7YToxOntzOjc1OiIvbWVkaWEvd3d3L3d3dy9yaXNldC9hcHAvbW9kdWxlL2d0ZndfbWVudS9yZXNwb25zZS9WaWV3TWVudS5odG1sLmNsYXNzLnBocF8iO2E6MTp7aTowO086NzoiTWVzc2FnZSI6Mzp7czoxOToiAE1lc3NhZ2UAbVJlcXVlc3RJZCI7aTowO3M6MTc6IgBNZXNzYWdlAG1NZXNzYWdlIjthOjE6e2k6MDthOjM6e3M6NDoicGFnZSI7aToxO3M6NzoiZGlzcGxheSI7aTo1MDtzOjU6InN0YXJ0IjtpOjA7fX1zOjEzOiIATWVzc2FnZQBtT2xkIjtiOjA7fX19fSI7c3RhcnRfa2V5fGk6NjMxMzY4NDU1O211bHRfa2V5fGk6NzA1Njg2MDAzO2FkZF9rZXl8aTozMDE0Mjk3Njg7aXNfbG9nZ2VkX2lufGI6MTt1c2VybmFtZXxzOjU6ImFkbWluIjtzYWx0fGk6NTk3MzA5NzQyO2xvZ2luX3NhbHR8aTo1OTczMDk3NDI7dG9rZW58czozMjoiYWE5ZTZhMjg1NDA4NmZiYTAzMDFjMDk5MjA1NWQzMmUiO2Rlc2NyaWJlX2d0ZndfbW9kdWxlfHM6MTU3NDoiW3siRmllbGQiOiJNb2R1bGVJZCIsIlR5cGUiOiJiaWdpbnQoMjApIHVuc2lnbmVkIiwiTnVsbCI6Ik5PIiwiS2V5IjoiUFJJIiwiRGVmYXVsdCI6bnVsbCwiRXh0cmEiOiJhdXRvX2luY3JlbWVudCJ9LHsiRmllbGQiOiJNb2R1bGUiLCJUeXBlIjoidmFyY2hhcigxMDApIiwiTnVsbCI6Ik5PIiwiS2V5IjoiIiwiRGVmYXVsdCI6IiIsIkV4dHJhIjoiIn0seyJGaWVsZCI6IkxhYmVsTW9kdWxlIiwiVHlwZSI6InZhcmNoYXIoMTAwKSIsIk51bGwiOiJOTyIsIktleSI6IiIsIkRlZmF1bHQiOiIiLCJFeHRyYSI6IiJ9LHsiRmllbGQiOiJTdWJNb2R1bGUiLCJUeXBlIjoidmFyY2hhcigxMDApIiwiTnVsbCI6Ik5PIiwiS2V5IjoiIiwiRGVmYXVsdCI6IiIsIkV4dHJhIjoiIn0seyJGaWVsZCI6IkFjdGlvbiIsIlR5cGUiOiJ2YXJjaGFyKDEwMCkiLCJOdWxsIjoiWUVTIiwiS2V5IjoiIiwiRGVmYXVsdCI6InZpZXciLCJFeHRyYSI6IiJ9LHsiRmllbGQiOiJUeXBlIiwiVHlwZSI6InZhcmNoYXIoMTAwKSIsIk51bGwiOiJZRVMiLCJLZXkiOiIiLCJEZWZhdWx0IjoiaHRtbCIsIkV4dHJhIjoiIn0seyJGaWVsZCI6IkRlc2NyaXB0aW9uIiwiVHlwZSI6InRleHQiLCJOdWxsIjoiWUVTIiwiS2V5IjoiIiwiRGVmYXVsdCI6bnVsbCwiRXh0cmEiOiIifSx7IkZpZWxkIjoiQWNjZXNzIiwiVHlwZSI6ImVudW0oJ0FsbCcsJ0V4Y2x1c2l2ZScpIiwiTnVsbCI6Ik5PIiwiS2V5IjoiIiwiRGVmYXVsdCI6IkV4Y2x1c2l2ZSIsIkV4dHJhIjoiIn0seyJGaWVsZCI6IlNob3ciLCJUeXBlIjoiZW51bSgnWWVzJywnTm8nKSIsIk51bGwiOiJZRVMiLCJLZXkiOiIiLCJEZWZhdWx0IjoiTm8iLCJFeHRyYSI6IiJ9LHsiRmllbGQiOiJJY29uUGF0aCIsIlR5cGUiOiJ2YXJjaGFyKDI1NSkiLCJOdWxsIjoiWUVTIiwiS2V5IjoiIiwiRGVmYXVsdCI6bnVsbCwiRXh0cmEiOiIifSx7IkZpZWxkIjoiTWVudUlkIiwiVHlwZSI6ImludCg2KSIsIk51bGwiOiJZRVMiLCJLZXkiOiJNVUwiLCJEZWZhdWx0IjpudWxsLCJFeHRyYSI6IiJ9LHsiRmllbGQiOiJBcHBsaWNhdGlvbklkIiwiVHlwZSI6ImJpZ2ludCgyMCkiLCJOdWxsIjoiWUVTIiwiS2V5IjoiTVVMIiwiRGVmYXVsdCI6bnVsbCwiRXh0cmEiOiIifSx7IkZpZWxkIjoiTW9kdWxlUGF0aCIsIlR5cGUiOiJ2YXJjaGFyKDI1NSkiLCJOdWxsIjoiWUVTIiwiS2V5IjoiIiwiRGVmYXVsdCI6bnVsbCwiRXh0cmEiOiIifSx7IkZpZWxkIjoiQWtzaUlkIiwiVHlwZSI6InNtYWxsaW50KDYpIiwiTnVsbCI6IllFUyIsIktleSI6Ik1VTCIsIkRlZmF1bHQiOm51bGwsIkV4dHJhIjoiIn0seyJGaWVsZCI6IkxhYmVsQWtzaSIsIlR5cGUiOiJ2YXJjaGFyKDUwKSIsIk51bGwiOiJZRVMiLCJLZXkiOiIiLCJEZWZhdWx0IjpudWxsLCJFeHRyYSI6IiJ9LHsiRmllbGQiOiJIaW50IiwiVHlwZSI6InZhcmNoYXIoMTAwKSIsIk51bGwiOiJZRVMiLCJLZXkiOiIiLCJEZWZhdWx0IjpudWxsLCJFeHRyYSI6IiJ9LHsiRmllbGQiOiJOZWVkU3NsIiwiVHlwZSI6ImVudW0oJ1llcycsJ05vJykiLCJOdWxsIjoiWUVTIiwiS2V5IjoiIiwiRGVmYXVsdCI6bnVsbCwiRXh0cmEiOiIifV0iO2FrdGl2ZV91c2VyX2dyb3VwX2lkfHM6MjoiNjMiO2FjY2Vzc19tb2R1bGV8YTozOntzOjExOiJtb2R1bGVDb3VudCI7czo0OiIiMzIiIjtzOjY6Im1vZHVsZSI7czoyNTY6InsibG9naW5fZGVmYXVsdGxvZ2ludmlld2h0bWwyMDAiOiIwIiwibG9naW5fZGVmYXVsdGxvZ2luZG9odG1sMjAwIjoiNzU5IiwiaG9tZWhvbWV2aWV3aHRtbDIwMCI6IjAiLCJoZWFkZXJoZWFkZXJ2aWV3aHRtbDIwMCI6IjAiLCJuYXZpZ2F0aW9ubmF2aWdhdGlvbnZpZXdodG1sMjAwIjoiMCIsIm1lbnVtZW51dmlld2h0bWwyMDAiOiIwIiwiZ3Rmd19tZW51TWVudVZpZXdodG1sMjAwIjoiMCIsInBhZ2luZ3BhZ2luZ3ZpZXdodG1sMjAwIjoiNzY1In0iO3M6NDoidXNlciI7czo3OiIiYWRtaW4iIjt9','2014-04-15 13:05:54'),('berrrpt5cj7pccrrtc05vebv01','ZmluZ2VycHJpbnR8czozMjoiMzM5ZjBmM2NmYzhkMmRlNTc3MjU4ZmQzNjViY2ViNWEiO3RhYmxlX2d0ZndfY29uZmlnX2F2YWlsYWJsZXxhOjE6e2k6MDthOjE6e3M6MzU6IlRhYmxlc19pbl9ndGZ3X3B1YmxpYyAoZ3Rmd19jb25maWcpIjtzOjExOiJndGZ3X2NvbmZpZyI7fX1jaGVja19ndGZ3X21lbnVfdGFibGV8YToxOntpOjA7YToxOntzOjMzOiJUYWJsZXNfaW5fZ3Rmd19wdWJsaWMgKGd0ZndfbWVudSkiO3M6OToiZ3Rmd19tZW51Ijt9fW1lc3Nlbmdlcl9xdWV1ZXxzOjE0NDoiTzoxMjoiTWVzc2FnZVF1ZXVlIjozOntzOjMxOiIATWVzc2FnZVF1ZXVlAG1DdXJyZW50UmVxdWVzdElkIjtpOjI7czoyODoiAE1lc3NhZ2VRdWV1ZQBtTmV4dFJlcXVlc3RJZCI7aTozO3M6MjM6IgBNZXNzYWdlUXVldWUAbU1lc3NhZ2VzIjthOjA6e319IjtzdGFydF9rZXl8aToyMTk3MTM0NTE7bXVsdF9rZXl8aToyNzM3ODE2NzY7YWRkX2tleXxpOjI2OTg5Nzk4MTtpc19sb2dnZWRfaW58YjowO3VzZXJuYW1lfHM6Njoibm9ib2R5IjthY2Nlc3NfbW9kdWxlfGE6Mjp7czo2OiJtb2R1bGUiO3M6Mzk6InsibG9naW5fZGVmYXVsdGxvZ2ludmlld2h0bWwyMDAiOiI3NjIifSI7czo0OiJ1c2VyIjtzOjg6IiJub2JvZHkiIjt9c2FsdHxpOjIwMjMyODM4NTM7bG9naW5fc2FsdHxpOjIwMjMyODM4NTM7dG9rZW58czozMjoiNGRmMmU0NWI0MmI3ZDY4NzAwNmYzODMyYWYwNzlkOGQiO2Rlc2NyaWJlX2d0ZndfbW9kdWxlfHM6MTU3NDoiW3siRmllbGQiOiJNb2R1bGVJZCIsIlR5cGUiOiJiaWdpbnQoMjApIHVuc2lnbmVkIiwiTnVsbCI6Ik5PIiwiS2V5IjoiUFJJIiwiRGVmYXVsdCI6bnVsbCwiRXh0cmEiOiJhdXRvX2luY3JlbWVudCJ9LHsiRmllbGQiOiJNb2R1bGUiLCJUeXBlIjoidmFyY2hhcigxMDApIiwiTnVsbCI6Ik5PIiwiS2V5IjoiIiwiRGVmYXVsdCI6IiIsIkV4dHJhIjoiIn0seyJGaWVsZCI6IkxhYmVsTW9kdWxlIiwiVHlwZSI6InZhcmNoYXIoMTAwKSIsIk51bGwiOiJOTyIsIktleSI6IiIsIkRlZmF1bHQiOiIiLCJFeHRyYSI6IiJ9LHsiRmllbGQiOiJTdWJNb2R1bGUiLCJUeXBlIjoidmFyY2hhcigxMDApIiwiTnVsbCI6Ik5PIiwiS2V5IjoiIiwiRGVmYXVsdCI6IiIsIkV4dHJhIjoiIn0seyJGaWVsZCI6IkFjdGlvbiIsIlR5cGUiOiJ2YXJjaGFyKDEwMCkiLCJOdWxsIjoiWUVTIiwiS2V5IjoiIiwiRGVmYXVsdCI6InZpZXciLCJFeHRyYSI6IiJ9LHsiRmllbGQiOiJUeXBlIiwiVHlwZSI6InZhcmNoYXIoMTAwKSIsIk51bGwiOiJZRVMiLCJLZXkiOiIiLCJEZWZhdWx0IjoiaHRtbCIsIkV4dHJhIjoiIn0seyJGaWVsZCI6IkRlc2NyaXB0aW9uIiwiVHlwZSI6InRleHQiLCJOdWxsIjoiWUVTIiwiS2V5IjoiIiwiRGVmYXVsdCI6bnVsbCwiRXh0cmEiOiIifSx7IkZpZWxkIjoiQWNjZXNzIiwiVHlwZSI6ImVudW0oJ0FsbCcsJ0V4Y2x1c2l2ZScpIiwiTnVsbCI6Ik5PIiwiS2V5IjoiIiwiRGVmYXVsdCI6IkV4Y2x1c2l2ZSIsIkV4dHJhIjoiIn0seyJGaWVsZCI6IlNob3ciLCJUeXBlIjoiZW51bSgnWWVzJywnTm8nKSIsIk51bGwiOiJZRVMiLCJLZXkiOiIiLCJEZWZhdWx0IjoiTm8iLCJFeHRyYSI6IiJ9LHsiRmllbGQiOiJJY29uUGF0aCIsIlR5cGUiOiJ2YXJjaGFyKDI1NSkiLCJOdWxsIjoiWUVTIiwiS2V5IjoiIiwiRGVmYXVsdCI6bnVsbCwiRXh0cmEiOiIifSx7IkZpZWxkIjoiTWVudUlkIiwiVHlwZSI6ImludCg2KSIsIk51bGwiOiJZRVMiLCJLZXkiOiJNVUwiLCJEZWZhdWx0IjpudWxsLCJFeHRyYSI6IiJ9LHsiRmllbGQiOiJBcHBsaWNhdGlvbklkIiwiVHlwZSI6ImJpZ2ludCgyMCkiLCJOdWxsIjoiWUVTIiwiS2V5IjoiTVVMIiwiRGVmYXVsdCI6bnVsbCwiRXh0cmEiOiIifSx7IkZpZWxkIjoiTW9kdWxlUGF0aCIsIlR5cGUiOiJ2YXJjaGFyKDI1NSkiLCJOdWxsIjoiWUVTIiwiS2V5IjoiIiwiRGVmYXVsdCI6bnVsbCwiRXh0cmEiOiIifSx7IkZpZWxkIjoiQWtzaUlkIiwiVHlwZSI6InNtYWxsaW50KDYpIiwiTnVsbCI6IllFUyIsIktleSI6Ik1VTCIsIkRlZmF1bHQiOm51bGwsIkV4dHJhIjoiIn0seyJGaWVsZCI6IkxhYmVsQWtzaSIsIlR5cGUiOiJ2YXJjaGFyKDUwKSIsIk51bGwiOiJZRVMiLCJLZXkiOiIiLCJEZWZhdWx0IjpudWxsLCJFeHRyYSI6IiJ9LHsiRmllbGQiOiJIaW50IiwiVHlwZSI6InZhcmNoYXIoMTAwKSIsIk51bGwiOiJZRVMiLCJLZXkiOiIiLCJEZWZhdWx0IjpudWxsLCJFeHRyYSI6IiJ9LHsiRmllbGQiOiJOZWVkU3NsIiwiVHlwZSI6ImVudW0oJ1llcycsJ05vJykiLCJOdWxsIjoiWUVTIiwiS2V5IjoiIiwiRGVmYXVsdCI6bnVsbCwiRXh0cmEiOiIifV0iOw==','2014-04-15 10:07:58'),('muq80etpo532h9kv8tp7kotsb0','ZmluZ2VycHJpbnR8czozMjoiMmM3NzYzNTMwMDQzYTNiN2EyZTQwYmQ5YjgwYjlhM2IiO3RhYmxlX2d0ZndfY29uZmlnX2F2YWlsYWJsZXxhOjE6e2k6MDthOjE6e3M6MzU6IlRhYmxlc19pbl9ndGZ3X3B1YmxpYyAoZ3Rmd19jb25maWcpIjtzOjExOiJndGZ3X2NvbmZpZyI7fX1jaGVja19ndGZ3X21lbnVfdGFibGV8YToxOntpOjA7YToxOntzOjMzOiJUYWJsZXNfaW5fZ3Rmd19wdWJsaWMgKGd0ZndfbWVudSkiO3M6OToiZ3Rmd19tZW51Ijt9fW1lc3Nlbmdlcl9xdWV1ZXxzOjE0NjoiTzoxMjoiTWVzc2FnZVF1ZXVlIjozOntzOjMxOiIATWVzc2FnZVF1ZXVlAG1DdXJyZW50UmVxdWVzdElkIjtpOjQ3O3M6Mjg6IgBNZXNzYWdlUXVldWUAbU5leHRSZXF1ZXN0SWQiO2k6NDg7czoyMzoiAE1lc3NhZ2VRdWV1ZQBtTWVzc2FnZXMiO2E6MDp7fX0iO3N0YXJ0X2tleXxpOjEyMjQ2MjY4MDY7bXVsdF9rZXl8aTozNjUzOTg4NzU7YWRkX2tleXxpOjI5NjI2ODAxO2lzX2xvZ2dlZF9pbnxiOjE7dXNlcm5hbWV8czo1OiJhZG1pbiI7c2FsdHxpOjE2Njg1NTQyMTQ7bG9naW5fc2FsdHxpOjE2Njg1NTQyMTQ7ZGVzY3JpYmVfZ3Rmd19tb2R1bGV8czoxNTc0OiJbeyJGaWVsZCI6Ik1vZHVsZUlkIiwiVHlwZSI6ImJpZ2ludCgyMCkgdW5zaWduZWQiLCJOdWxsIjoiTk8iLCJLZXkiOiJQUkkiLCJEZWZhdWx0IjpudWxsLCJFeHRyYSI6ImF1dG9faW5jcmVtZW50In0seyJGaWVsZCI6Ik1vZHVsZSIsIlR5cGUiOiJ2YXJjaGFyKDEwMCkiLCJOdWxsIjoiTk8iLCJLZXkiOiIiLCJEZWZhdWx0IjoiIiwiRXh0cmEiOiIifSx7IkZpZWxkIjoiTGFiZWxNb2R1bGUiLCJUeXBlIjoidmFyY2hhcigxMDApIiwiTnVsbCI6Ik5PIiwiS2V5IjoiIiwiRGVmYXVsdCI6IiIsIkV4dHJhIjoiIn0seyJGaWVsZCI6IlN1Yk1vZHVsZSIsIlR5cGUiOiJ2YXJjaGFyKDEwMCkiLCJOdWxsIjoiTk8iLCJLZXkiOiIiLCJEZWZhdWx0IjoiIiwiRXh0cmEiOiIifSx7IkZpZWxkIjoiQWN0aW9uIiwiVHlwZSI6InZhcmNoYXIoMTAwKSIsIk51bGwiOiJZRVMiLCJLZXkiOiIiLCJEZWZhdWx0IjoidmlldyIsIkV4dHJhIjoiIn0seyJGaWVsZCI6IlR5cGUiLCJUeXBlIjoidmFyY2hhcigxMDApIiwiTnVsbCI6IllFUyIsIktleSI6IiIsIkRlZmF1bHQiOiJodG1sIiwiRXh0cmEiOiIifSx7IkZpZWxkIjoiRGVzY3JpcHRpb24iLCJUeXBlIjoidGV4dCIsIk51bGwiOiJZRVMiLCJLZXkiOiIiLCJEZWZhdWx0IjpudWxsLCJFeHRyYSI6IiJ9LHsiRmllbGQiOiJBY2Nlc3MiLCJUeXBlIjoiZW51bSgnQWxsJywnRXhjbHVzaXZlJykiLCJOdWxsIjoiTk8iLCJLZXkiOiIiLCJEZWZhdWx0IjoiRXhjbHVzaXZlIiwiRXh0cmEiOiIifSx7IkZpZWxkIjoiU2hvdyIsIlR5cGUiOiJlbnVtKCdZZXMnLCdObycpIiwiTnVsbCI6IllFUyIsIktleSI6IiIsIkRlZmF1bHQiOiJObyIsIkV4dHJhIjoiIn0seyJGaWVsZCI6Ikljb25QYXRoIiwiVHlwZSI6InZhcmNoYXIoMjU1KSIsIk51bGwiOiJZRVMiLCJLZXkiOiIiLCJEZWZhdWx0IjpudWxsLCJFeHRyYSI6IiJ9LHsiRmllbGQiOiJNZW51SWQiLCJUeXBlIjoiaW50KDYpIiwiTnVsbCI6IllFUyIsIktleSI6Ik1VTCIsIkRlZmF1bHQiOm51bGwsIkV4dHJhIjoiIn0seyJGaWVsZCI6IkFwcGxpY2F0aW9uSWQiLCJUeXBlIjoiYmlnaW50KDIwKSIsIk51bGwiOiJZRVMiLCJLZXkiOiJNVUwiLCJEZWZhdWx0IjpudWxsLCJFeHRyYSI6IiJ9LHsiRmllbGQiOiJNb2R1bGVQYXRoIiwiVHlwZSI6InZhcmNoYXIoMjU1KSIsIk51bGwiOiJZRVMiLCJLZXkiOiIiLCJEZWZhdWx0IjpudWxsLCJFeHRyYSI6IiJ9LHsiRmllbGQiOiJBa3NpSWQiLCJUeXBlIjoic21hbGxpbnQoNikiLCJOdWxsIjoiWUVTIiwiS2V5IjoiTVVMIiwiRGVmYXVsdCI6bnVsbCwiRXh0cmEiOiIifSx7IkZpZWxkIjoiTGFiZWxBa3NpIiwiVHlwZSI6InZhcmNoYXIoNTApIiwiTnVsbCI6IllFUyIsIktleSI6IiIsIkRlZmF1bHQiOm51bGwsIkV4dHJhIjoiIn0seyJGaWVsZCI6IkhpbnQiLCJUeXBlIjoidmFyY2hhcigxMDApIiwiTnVsbCI6IllFUyIsIktleSI6IiIsIkRlZmF1bHQiOm51bGwsIkV4dHJhIjoiIn0seyJGaWVsZCI6Ik5lZWRTc2wiLCJUeXBlIjoiZW51bSgnWWVzJywnTm8nKSIsIk51bGwiOiJZRVMiLCJLZXkiOiIiLCJEZWZhdWx0IjpudWxsLCJFeHRyYSI6IiJ9XSI7YWt0aXZlX3VzZXJfZ3JvdXBfaWR8czoyOiI2MyI7YWNjZXNzX21vZHVsZXxhOjM6e3M6MTE6Im1vZHVsZUNvdW50IjtzOjQ6IiIzMyIiO3M6NjoibW9kdWxlIjtzOjUzNzoieyJsb2dpbl9kZWZhdWx0bG9naW52aWV3aHRtbDIwMCI6IjAiLCJsb2dpbl9kZWZhdWx0bG9naW5kb2h0bWwyMDAiOiIwIiwiaG9tZWhvbWV2aWV3aHRtbDIwMCI6IjAiLCJoZWFkZXJoZWFkZXJ2aWV3aHRtbDIwMCI6IjAiLCJuYXZpZ2F0aW9ubmF2aWdhdGlvbnZpZXdodG1sMjAwIjoiMCIsIm1lbnVtZW51dmlld2h0bWwyMDAiOiIwIiwidGVzdFRlc3RWaWV3aHRtbDIwMCI6IjAiLCJndGZ3X21vZHVsZWd0ZndNb2R1bGV2aWV3aHRtbDIwMCI6IjAiLCJndGZ3X21vZHVsZWd0ZndTdWJNb2R1bGV2aWV3aHRtbDIwMCI6IjAiLCJjb21ib2JveGNvbWJvYm94dmlld2h0bWwyMDAiOiIwIiwiZ3Rmd19ncm91cEdyb3VwVmlld2h0bWwyMDAiOiIxNzc3IiwiZ3Rmd19ncm91cGlucHV0R3JvdXB2aWV3aHRtbDIwMCI6IjE3NzgiLCJndGZ3X2dyb3VwdXBkYXRlR3JvdXBkb2pzb24yMDAiOiIxNzc2IiwiZ3Rmd19ncm91cGdyb3Vwdmlld2h0bWwyMDAiOiIxNzc3IiwidGVzdGV4Y2Vsdmlld3hsczIwMCI6IjAiLCJ0ZXN0cGRmeHZpZXdwZGZ4MjAwIjoiMCJ9IjtzOjQ6InVzZXIiO3M6NzoiImFkbWluIiI7fQ==','2014-04-23 09:43:54'),('g9eejsnl1ufn830htlcf6u6ts5','ZmluZ2VycHJpbnR8czozMjoiZGVlMTI5NzY5MzNjNWIwOTFkZjAyMDdhYmNlNzE1MzMiO3RhYmxlX2d0ZndfY29uZmlnX2F2YWlsYWJsZXxhOjE6e2k6MDthOjE6e3M6MzU6IlRhYmxlc19pbl9ndGZ3X3B1YmxpYyAoZ3Rmd19jb25maWcpIjtzOjExOiJndGZ3X2NvbmZpZyI7fX1jaGVja19ndGZ3X21lbnVfdGFibGV8YToxOntpOjA7YToxOntzOjMzOiJUYWJsZXNfaW5fZ3Rmd19wdWJsaWMgKGd0ZndfbWVudSkiO3M6OToiZ3Rmd19tZW51Ijt9fW1lc3Nlbmdlcl9xdWV1ZXxzOjE0NDoiTzoxMjoiTWVzc2FnZVF1ZXVlIjozOntzOjMxOiIATWVzc2FnZVF1ZXVlAG1DdXJyZW50UmVxdWVzdElkIjtpOjE7czoyODoiAE1lc3NhZ2VRdWV1ZQBtTmV4dFJlcXVlc3RJZCI7aToyO3M6MjM6IgBNZXNzYWdlUXVldWUAbU1lc3NhZ2VzIjthOjA6e319IjtzdGFydF9rZXl8aTo0Mjc0ODE0Mjg7bXVsdF9rZXl8aTo4MjcxNTI5MzY7YWRkX2tleXxpOjEwNDMxMTIyODM7aXNfbG9nZ2VkX2lufGI6MDt1c2VybmFtZXxzOjY6Im5vYm9keSI7','2014-04-23 21:20:08'),('ulnvr8vhp9h90jdb60qp2vl4t0','ZmluZ2VycHJpbnR8czozMjoiNWIzNzI1ZGQ4YzZiZWNiODI3MWM1OTRkYmJhZDY2ODIiO3RhYmxlX2d0ZndfY29uZmlnX2F2YWlsYWJsZXxhOjE6e2k6MDthOjE6e3M6MzU6IlRhYmxlc19pbl9ndGZ3X3B1YmxpYyAoZ3Rmd19jb25maWcpIjtzOjExOiJndGZ3X2NvbmZpZyI7fX1jaGVja19ndGZ3X21lbnVfdGFibGV8YToxOntpOjA7YToxOntzOjMzOiJUYWJsZXNfaW5fZ3Rmd19wdWJsaWMgKGd0ZndfbWVudSkiO3M6OToiZ3Rmd19tZW51Ijt9fW1lc3Nlbmdlcl9xdWV1ZXxzOjE0NjoiTzoxMjoiTWVzc2FnZVF1ZXVlIjozOntzOjMxOiIATWVzc2FnZVF1ZXVlAG1DdXJyZW50UmVxdWVzdElkIjtpOjE5O3M6Mjg6IgBNZXNzYWdlUXVldWUAbU5leHRSZXF1ZXN0SWQiO2k6MjA7czoyMzoiAE1lc3NhZ2VRdWV1ZQBtTWVzc2FnZXMiO2E6MDp7fX0iO3N0YXJ0X2tleXxpOjIxMzc4ODg0Njg7bXVsdF9rZXl8aTozMTcyMDAwNzQ7YWRkX2tleXxpOjEwMDU1NzE1Njg7aXNfbG9nZ2VkX2lufGI6MTt1c2VybmFtZXxzOjU6ImFkbWluIjtzYWx0fGk6NDE1MDE3Njk7bG9naW5fc2FsdHxpOjQxNTAxNzY5O2Rlc2NyaWJlX2d0ZndfbW9kdWxlfHM6MTU3NDoiW3siRmllbGQiOiJNb2R1bGVJZCIsIlR5cGUiOiJiaWdpbnQoMjApIHVuc2lnbmVkIiwiTnVsbCI6Ik5PIiwiS2V5IjoiUFJJIiwiRGVmYXVsdCI6bnVsbCwiRXh0cmEiOiJhdXRvX2luY3JlbWVudCJ9LHsiRmllbGQiOiJNb2R1bGUiLCJUeXBlIjoidmFyY2hhcigxMDApIiwiTnVsbCI6Ik5PIiwiS2V5IjoiIiwiRGVmYXVsdCI6IiIsIkV4dHJhIjoiIn0seyJGaWVsZCI6IkxhYmVsTW9kdWxlIiwiVHlwZSI6InZhcmNoYXIoMTAwKSIsIk51bGwiOiJOTyIsIktleSI6IiIsIkRlZmF1bHQiOiIiLCJFeHRyYSI6IiJ9LHsiRmllbGQiOiJTdWJNb2R1bGUiLCJUeXBlIjoidmFyY2hhcigxMDApIiwiTnVsbCI6Ik5PIiwiS2V5IjoiIiwiRGVmYXVsdCI6IiIsIkV4dHJhIjoiIn0seyJGaWVsZCI6IkFjdGlvbiIsIlR5cGUiOiJ2YXJjaGFyKDEwMCkiLCJOdWxsIjoiWUVTIiwiS2V5IjoiIiwiRGVmYXVsdCI6InZpZXciLCJFeHRyYSI6IiJ9LHsiRmllbGQiOiJUeXBlIiwiVHlwZSI6InZhcmNoYXIoMTAwKSIsIk51bGwiOiJZRVMiLCJLZXkiOiIiLCJEZWZhdWx0IjoiaHRtbCIsIkV4dHJhIjoiIn0seyJGaWVsZCI6IkRlc2NyaXB0aW9uIiwiVHlwZSI6InRleHQiLCJOdWxsIjoiWUVTIiwiS2V5IjoiIiwiRGVmYXVsdCI6bnVsbCwiRXh0cmEiOiIifSx7IkZpZWxkIjoiQWNjZXNzIiwiVHlwZSI6ImVudW0oJ0FsbCcsJ0V4Y2x1c2l2ZScpIiwiTnVsbCI6Ik5PIiwiS2V5IjoiIiwiRGVmYXVsdCI6IkV4Y2x1c2l2ZSIsIkV4dHJhIjoiIn0seyJGaWVsZCI6IlNob3ciLCJUeXBlIjoiZW51bSgnWWVzJywnTm8nKSIsIk51bGwiOiJZRVMiLCJLZXkiOiIiLCJEZWZhdWx0IjoiTm8iLCJFeHRyYSI6IiJ9LHsiRmllbGQiOiJJY29uUGF0aCIsIlR5cGUiOiJ2YXJjaGFyKDI1NSkiLCJOdWxsIjoiWUVTIiwiS2V5IjoiIiwiRGVmYXVsdCI6bnVsbCwiRXh0cmEiOiIifSx7IkZpZWxkIjoiTWVudUlkIiwiVHlwZSI6ImludCg2KSIsIk51bGwiOiJZRVMiLCJLZXkiOiJNVUwiLCJEZWZhdWx0IjpudWxsLCJFeHRyYSI6IiJ9LHsiRmllbGQiOiJBcHBsaWNhdGlvbklkIiwiVHlwZSI6ImJpZ2ludCgyMCkiLCJOdWxsIjoiWUVTIiwiS2V5IjoiTVVMIiwiRGVmYXVsdCI6bnVsbCwiRXh0cmEiOiIifSx7IkZpZWxkIjoiTW9kdWxlUGF0aCIsIlR5cGUiOiJ2YXJjaGFyKDI1NSkiLCJOdWxsIjoiWUVTIiwiS2V5IjoiIiwiRGVmYXVsdCI6bnVsbCwiRXh0cmEiOiIifSx7IkZpZWxkIjoiQWtzaUlkIiwiVHlwZSI6InNtYWxsaW50KDYpIiwiTnVsbCI6IllFUyIsIktleSI6Ik1VTCIsIkRlZmF1bHQiOm51bGwsIkV4dHJhIjoiIn0seyJGaWVsZCI6IkxhYmVsQWtzaSIsIlR5cGUiOiJ2YXJjaGFyKDUwKSIsIk51bGwiOiJZRVMiLCJLZXkiOiIiLCJEZWZhdWx0IjpudWxsLCJFeHRyYSI6IiJ9LHsiRmllbGQiOiJIaW50IiwiVHlwZSI6InZhcmNoYXIoMTAwKSIsIk51bGwiOiJZRVMiLCJLZXkiOiIiLCJEZWZhdWx0IjpudWxsLCJFeHRyYSI6IiJ9LHsiRmllbGQiOiJOZWVkU3NsIiwiVHlwZSI6ImVudW0oJ1llcycsJ05vJykiLCJOdWxsIjoiWUVTIiwiS2V5IjoiIiwiRGVmYXVsdCI6bnVsbCwiRXh0cmEiOiIifV0iO2FrdGl2ZV91c2VyX2dyb3VwX2lkfHM6MjoiNjMiO2FjY2Vzc19tb2R1bGV8YTozOntzOjExOiJtb2R1bGVDb3VudCI7czo0OiIiMzMiIjtzOjY6Im1vZHVsZSI7czozMTM6InsibG9naW5fZGVmYXVsdGxvZ2ludmlld2h0bWwyMDAiOiI3NjIiLCJsb2dpbl9kZWZhdWx0bG9naW5kb2h0bWwyMDAiOiI3NTkiLCJob21laG9tZXZpZXdodG1sMjAwIjoiMCIsImhlYWRlcmhlYWRlcnZpZXdodG1sMjAwIjoiMCIsIm5hdmlnYXRpb25uYXZpZ2F0aW9udmlld2h0bWwyMDAiOiIwIiwibWVudW1lbnV2aWV3aHRtbDIwMCI6IjAiLCJ0ZXN0VGVzdFZpZXdodG1sMjAwIjoiMCIsInRlc3RleGNlbHZpZXd4bHMyMDAiOiIwIiwiZ3Rmd19tZW51TWVudVZpZXdodG1sMjAwIjoiMTc5MyIsInBhZ2luZ3BhZ2luZ3ZpZXdodG1sMjAwIjoiNzY1In0iO3M6NDoidXNlciI7czo3OiIiYWRtaW4iIjt9','2014-05-02 13:53:38'),('g2ka218jmg29ofr5t1qtmlp6o3','dGFibGVfZ3Rmd19jb25maWdfYXZhaWxhYmxlfGE6MTp7aTowO2E6MTp7czozNToiVGFibGVzX2luX2d0ZndfcHVibGljIChndGZ3X2NvbmZpZykiO3M6MTE6Imd0ZndfY29uZmlnIjt9fWNoZWNrX2d0ZndfbWVudV90YWJsZXxhOjE6e2k6MDthOjE6e3M6MzM6IlRhYmxlc19pbl9ndGZ3X3B1YmxpYyAoZ3Rmd19tZW51KSI7czo5OiJndGZ3X21lbnUiO319bWVzc2VuZ2VyX3F1ZXVlfHM6MTQ4OiJPOjEyOiJNZXNzYWdlUXVldWUiOjM6e3M6MzE6IgBNZXNzYWdlUXVldWUAbUN1cnJlbnRSZXF1ZXN0SWQiO2k6MTQ4O3M6Mjg6IgBNZXNzYWdlUXVldWUAbU5leHRSZXF1ZXN0SWQiO2k6MTQ5O3M6MjM6IgBNZXNzYWdlUXVldWUAbU1lc3NhZ2VzIjthOjA6e319IjtzdGFydF9rZXl8aTo4Mzk4MjU5MDttdWx0X2tleXxpOjEyMTk0MDIzMDQ7YWRkX2tleXxpOjEyNzU5NTExNDQ7aXNfbG9nZ2VkX2lufGI6MTt1c2VybmFtZXxzOjU6ImFkbWluIjtzYWx0fGk6MjY2MDk4NTgzO2xvZ2luX3NhbHR8aToyNjYwOTg1ODM7ZGVzY3JpYmVfZ3Rmd19tb2R1bGV8czoxNTc0OiJbeyJGaWVsZCI6Ik1vZHVsZUlkIiwiVHlwZSI6ImJpZ2ludCgyMCkgdW5zaWduZWQiLCJOdWxsIjoiTk8iLCJLZXkiOiJQUkkiLCJEZWZhdWx0IjpudWxsLCJFeHRyYSI6ImF1dG9faW5jcmVtZW50In0seyJGaWVsZCI6Ik1vZHVsZSIsIlR5cGUiOiJ2YXJjaGFyKDEwMCkiLCJOdWxsIjoiTk8iLCJLZXkiOiIiLCJEZWZhdWx0IjoiIiwiRXh0cmEiOiIifSx7IkZpZWxkIjoiTGFiZWxNb2R1bGUiLCJUeXBlIjoidmFyY2hhcigxMDApIiwiTnVsbCI6Ik5PIiwiS2V5IjoiIiwiRGVmYXVsdCI6IiIsIkV4dHJhIjoiIn0seyJGaWVsZCI6IlN1Yk1vZHVsZSIsIlR5cGUiOiJ2YXJjaGFyKDEwMCkiLCJOdWxsIjoiTk8iLCJLZXkiOiIiLCJEZWZhdWx0IjoiIiwiRXh0cmEiOiIifSx7IkZpZWxkIjoiQWN0aW9uIiwiVHlwZSI6InZhcmNoYXIoMTAwKSIsIk51bGwiOiJZRVMiLCJLZXkiOiIiLCJEZWZhdWx0IjoidmlldyIsIkV4dHJhIjoiIn0seyJGaWVsZCI6IlR5cGUiLCJUeXBlIjoidmFyY2hhcigxMDApIiwiTnVsbCI6IllFUyIsIktleSI6IiIsIkRlZmF1bHQiOiJodG1sIiwiRXh0cmEiOiIifSx7IkZpZWxkIjoiRGVzY3JpcHRpb24iLCJUeXBlIjoidGV4dCIsIk51bGwiOiJZRVMiLCJLZXkiOiIiLCJEZWZhdWx0IjpudWxsLCJFeHRyYSI6IiJ9LHsiRmllbGQiOiJBY2Nlc3MiLCJUeXBlIjoiZW51bSgnQWxsJywnRXhjbHVzaXZlJykiLCJOdWxsIjoiTk8iLCJLZXkiOiIiLCJEZWZhdWx0IjoiRXhjbHVzaXZlIiwiRXh0cmEiOiIifSx7IkZpZWxkIjoiU2hvdyIsIlR5cGUiOiJlbnVtKCdZZXMnLCdObycpIiwiTnVsbCI6IllFUyIsIktleSI6IiIsIkRlZmF1bHQiOiJObyIsIkV4dHJhIjoiIn0seyJGaWVsZCI6Ikljb25QYXRoIiwiVHlwZSI6InZhcmNoYXIoMjU1KSIsIk51bGwiOiJZRVMiLCJLZXkiOiIiLCJEZWZhdWx0IjpudWxsLCJFeHRyYSI6IiJ9LHsiRmllbGQiOiJNZW51SWQiLCJUeXBlIjoiaW50KDYpIiwiTnVsbCI6IllFUyIsIktleSI6Ik1VTCIsIkRlZmF1bHQiOm51bGwsIkV4dHJhIjoiIn0seyJGaWVsZCI6IkFwcGxpY2F0aW9uSWQiLCJUeXBlIjoiYmlnaW50KDIwKSIsIk51bGwiOiJZRVMiLCJLZXkiOiJNVUwiLCJEZWZhdWx0IjpudWxsLCJFeHRyYSI6IiJ9LHsiRmllbGQiOiJNb2R1bGVQYXRoIiwiVHlwZSI6InZhcmNoYXIoMjU1KSIsIk51bGwiOiJZRVMiLCJLZXkiOiIiLCJEZWZhdWx0IjpudWxsLCJFeHRyYSI6IiJ9LHsiRmllbGQiOiJBa3NpSWQiLCJUeXBlIjoic21hbGxpbnQoNikiLCJOdWxsIjoiWUVTIiwiS2V5IjoiTVVMIiwiRGVmYXVsdCI6bnVsbCwiRXh0cmEiOiIifSx7IkZpZWxkIjoiTGFiZWxBa3NpIiwiVHlwZSI6InZhcmNoYXIoNTApIiwiTnVsbCI6IllFUyIsIktleSI6IiIsIkRlZmF1bHQiOm51bGwsIkV4dHJhIjoiIn0seyJGaWVsZCI6IkhpbnQiLCJUeXBlIjoidmFyY2hhcigxMDApIiwiTnVsbCI6IllFUyIsIktleSI6IiIsIkRlZmF1bHQiOm51bGwsIkV4dHJhIjoiIn0seyJGaWVsZCI6Ik5lZWRTc2wiLCJUeXBlIjoiZW51bSgnWWVzJywnTm8nKSIsIk51bGwiOiJZRVMiLCJLZXkiOiIiLCJEZWZhdWx0IjpudWxsLCJFeHRyYSI6IiJ9XSI7YWt0aXZlX3VzZXJfZ3JvdXBfaWR8czoyOiI2MyI7YWNjZXNzX21vZHVsZXxhOjM6e3M6MTE6Im1vZHVsZUNvdW50IjtzOjQ6IiIzMyIiO3M6NjoibW9kdWxlIjtzOjUxOToieyJsb2dpbl9kZWZhdWx0bG9naW52aWV3aHRtbDIwMCI6Ijc2MiIsImxvZ2luX2RlZmF1bHRsb2dpbmRvaHRtbDIwMCI6Ijc1OSIsImhvbWVob21ldmlld2h0bWwyMDAiOiIwIiwibmF2aWdhdGlvbm5hdmlnYXRpb252aWV3aHRtbDIwMCI6IjEyNTgiLCJtZW51bWVudXZpZXdodG1sMjAwIjoiMCIsInRlc3RUZXN0Vmlld2h0bWwyMDAiOiIwIiwiZ3Rmd19tZW51TWVudVZpZXdodG1sMjAwIjoiMCIsImd0ZndfZ3JvdXBHcm91cFZpZXdodG1sMjAwIjoiMCIsInBhZ2luZ3BhZ2luZ3ZpZXdodG1sMjAwIjoiMCIsImd0ZndfdXNlclVzZXJWaWV3aHRtbDIwMCI6IjAiLCJndGZ3X21vZHVsZWd0ZndNb2R1bGV2aWV3aHRtbDIwMCI6IjAiLCJndGZ3X21lbnVkZXRhaWx2aWV3aHRtbDIwMCI6IjAiLCJndGZ3X21lbnV1cGRhdGV2aWV3aHRtbDIwMCI6IjAiLCJjb21ib2JveGNvbWJvYm94dmlld2h0bWwyMDAiOiIwIiwiZ3Rmd19tZW51bWVudXZpZXdodG1sMjAwIjoiMCIsImd0ZndfbWVudWFkZHZpZXdodG1sMjAwIjoiMCJ9IjtzOjQ6InVzZXIiO3M6NzoiImFkbWluIiI7fQ==','2014-05-16 11:29:59'),('7qm6r10sppiakp497g9tgtrdn6','dGFibGVfZ3Rmd19jb25maWdfYXZhaWxhYmxlfGE6MTp7aTowO2E6MTp7czozNToiVGFibGVzX2luX2d0ZndfcHVibGljIChndGZ3X2NvbmZpZykiO3M6MTE6Imd0ZndfY29uZmlnIjt9fWNoZWNrX2d0ZndfbWVudV90YWJsZXxhOjE6e2k6MDthOjE6e3M6MzM6IlRhYmxlc19pbl9ndGZ3X3B1YmxpYyAoZ3Rmd19tZW51KSI7czo5OiJndGZ3X21lbnUiO319bWVzc2VuZ2VyX3F1ZXVlfHM6MTQ0OiJPOjEyOiJNZXNzYWdlUXVldWUiOjM6e3M6MzE6IgBNZXNzYWdlUXVldWUAbUN1cnJlbnRSZXF1ZXN0SWQiO2k6MTtzOjI4OiIATWVzc2FnZVF1ZXVlAG1OZXh0UmVxdWVzdElkIjtpOjI7czoyMzoiAE1lc3NhZ2VRdWV1ZQBtTWVzc2FnZXMiO2E6MDp7fX0iO3N0YXJ0X2tleXxpOjE4NDU2MDk4ODI7bXVsdF9rZXl8aToyMDg2MTA1Mzc1O2FkZF9rZXl8aToxNjg1MDk0OTk2O2lzX2xvZ2dlZF9pbnxiOjA7dXNlcm5hbWV8czo2OiJub2JvZHkiO2FjY2Vzc19tb2R1bGV8YToyOntzOjY6Im1vZHVsZSI7czozOToieyJsb2dpbl9kZWZhdWx0bG9naW52aWV3aHRtbDIwMCI6Ijc2MiJ9IjtzOjQ6InVzZXIiO3M6ODoiIm5vYm9keSIiO31zYWx0fGk6MjExNjQwNjI3MDtsb2dpbl9zYWx0fGk6MjExNjQwNjI3MDtkZXNjcmliZV9ndGZ3X21vZHVsZXxzOjE1NzQ6Ilt7IkZpZWxkIjoiTW9kdWxlSWQiLCJUeXBlIjoiYmlnaW50KDIwKSB1bnNpZ25lZCIsIk51bGwiOiJOTyIsIktleSI6IlBSSSIsIkRlZmF1bHQiOm51bGwsIkV4dHJhIjoiYXV0b19pbmNyZW1lbnQifSx7IkZpZWxkIjoiTW9kdWxlIiwiVHlwZSI6InZhcmNoYXIoMTAwKSIsIk51bGwiOiJOTyIsIktleSI6IiIsIkRlZmF1bHQiOiIiLCJFeHRyYSI6IiJ9LHsiRmllbGQiOiJMYWJlbE1vZHVsZSIsIlR5cGUiOiJ2YXJjaGFyKDEwMCkiLCJOdWxsIjoiTk8iLCJLZXkiOiIiLCJEZWZhdWx0IjoiIiwiRXh0cmEiOiIifSx7IkZpZWxkIjoiU3ViTW9kdWxlIiwiVHlwZSI6InZhcmNoYXIoMTAwKSIsIk51bGwiOiJOTyIsIktleSI6IiIsIkRlZmF1bHQiOiIiLCJFeHRyYSI6IiJ9LHsiRmllbGQiOiJBY3Rpb24iLCJUeXBlIjoidmFyY2hhcigxMDApIiwiTnVsbCI6IllFUyIsIktleSI6IiIsIkRlZmF1bHQiOiJ2aWV3IiwiRXh0cmEiOiIifSx7IkZpZWxkIjoiVHlwZSIsIlR5cGUiOiJ2YXJjaGFyKDEwMCkiLCJOdWxsIjoiWUVTIiwiS2V5IjoiIiwiRGVmYXVsdCI6Imh0bWwiLCJFeHRyYSI6IiJ9LHsiRmllbGQiOiJEZXNjcmlwdGlvbiIsIlR5cGUiOiJ0ZXh0IiwiTnVsbCI6IllFUyIsIktleSI6IiIsIkRlZmF1bHQiOm51bGwsIkV4dHJhIjoiIn0seyJGaWVsZCI6IkFjY2VzcyIsIlR5cGUiOiJlbnVtKCdBbGwnLCdFeGNsdXNpdmUnKSIsIk51bGwiOiJOTyIsIktleSI6IiIsIkRlZmF1bHQiOiJFeGNsdXNpdmUiLCJFeHRyYSI6IiJ9LHsiRmllbGQiOiJTaG93IiwiVHlwZSI6ImVudW0oJ1llcycsJ05vJykiLCJOdWxsIjoiWUVTIiwiS2V5IjoiIiwiRGVmYXVsdCI6Ik5vIiwiRXh0cmEiOiIifSx7IkZpZWxkIjoiSWNvblBhdGgiLCJUeXBlIjoidmFyY2hhcigyNTUpIiwiTnVsbCI6IllFUyIsIktleSI6IiIsIkRlZmF1bHQiOm51bGwsIkV4dHJhIjoiIn0seyJGaWVsZCI6Ik1lbnVJZCIsIlR5cGUiOiJpbnQoNikiLCJOdWxsIjoiWUVTIiwiS2V5IjoiTVVMIiwiRGVmYXVsdCI6bnVsbCwiRXh0cmEiOiIifSx7IkZpZWxkIjoiQXBwbGljYXRpb25JZCIsIlR5cGUiOiJiaWdpbnQoMjApIiwiTnVsbCI6IllFUyIsIktleSI6Ik1VTCIsIkRlZmF1bHQiOm51bGwsIkV4dHJhIjoiIn0seyJGaWVsZCI6Ik1vZHVsZVBhdGgiLCJUeXBlIjoidmFyY2hhcigyNTUpIiwiTnVsbCI6IllFUyIsIktleSI6IiIsIkRlZmF1bHQiOm51bGwsIkV4dHJhIjoiIn0seyJGaWVsZCI6IkFrc2lJZCIsIlR5cGUiOiJzbWFsbGludCg2KSIsIk51bGwiOiJZRVMiLCJLZXkiOiJNVUwiLCJEZWZhdWx0IjpudWxsLCJFeHRyYSI6IiJ9LHsiRmllbGQiOiJMYWJlbEFrc2kiLCJUeXBlIjoidmFyY2hhcig1MCkiLCJOdWxsIjoiWUVTIiwiS2V5IjoiIiwiRGVmYXVsdCI6bnVsbCwiRXh0cmEiOiIifSx7IkZpZWxkIjoiSGludCIsIlR5cGUiOiJ2YXJjaGFyKDEwMCkiLCJOdWxsIjoiWUVTIiwiS2V5IjoiIiwiRGVmYXVsdCI6bnVsbCwiRXh0cmEiOiIifSx7IkZpZWxkIjoiTmVlZFNzbCIsIlR5cGUiOiJlbnVtKCdZZXMnLCdObycpIiwiTnVsbCI6IllFUyIsIktleSI6IiIsIkRlZmF1bHQiOm51bGwsIkV4dHJhIjoiIn1dIjs=','2014-05-16 15:31:00'),('025957h5p9uicigt2pl07h0mp3','dGFibGVfZ3Rmd19jb25maWdfYXZhaWxhYmxlfGE6MTp7aTowO2E6MTp7czozNToiVGFibGVzX2luX2d0ZndfcHVibGljIChndGZ3X2NvbmZpZykiO3M6MTE6Imd0ZndfY29uZmlnIjt9fWNoZWNrX2d0ZndfbWVudV90YWJsZXxhOjE6e2k6MDthOjE6e3M6MzM6IlRhYmxlc19pbl9ndGZ3X3B1YmxpYyAoZ3Rmd19tZW51KSI7czo5OiJndGZ3X21lbnUiO319bWVzc2VuZ2VyX3F1ZXVlfHM6NDI5OiJPOjEyOiJNZXNzYWdlUXVldWUiOjM6e3M6MzE6IgBNZXNzYWdlUXVldWUAbUN1cnJlbnRSZXF1ZXN0SWQiO2k6MjU7czoyODoiAE1lc3NhZ2VRdWV1ZQBtTmV4dFJlcXVlc3RJZCI7aToyNjtzOjIzOiIATWVzc2FnZVF1ZXVlAG1NZXNzYWdlcyI7YToxOntzOjgyOiIvbWVkaWEvd3d3L3d3dy9yaXNldC9hcHBfcHVibGljL21vZHVsZS9ndGZ3X21lbnUvcmVzcG9uc2UvVmlld01lbnUuaHRtbC5jbGFzcy5waHBfIjthOjE6e2k6MTtPOjc6Ik1lc3NhZ2UiOjM6e3M6MTk6IgBNZXNzYWdlAG1SZXF1ZXN0SWQiO2k6MDtzOjE3OiIATWVzc2FnZQBtTWVzc2FnZSI7YToxOntpOjA7YTo0OntzOjQ6InBhZ2UiO2k6MTtzOjc6ImRpc3BsYXkiO2k6NTtzOjU6InN0YXJ0IjtpOjA7czo0OiJuYW1lIjtzOjE6ImEiO319czoxMzoiAE1lc3NhZ2UAbU9sZCI7YjowO319fX0iO3N0YXJ0X2tleXxpOjE5ODkzNDI3NjttdWx0X2tleXxpOjk1NTk3NjI5ODthZGRfa2V5fGk6MjEyNzE4OTQyMjtpc19sb2dnZWRfaW58YjoxO3VzZXJuYW1lfHM6NToiYWRtaW4iO3NhbHR8aToxNDM3NDM2OTUwO2xvZ2luX3NhbHR8aToxNDM3NDM2OTUwO2Rlc2NyaWJlX2d0ZndfbW9kdWxlfHM6MTU3NDoiW3siRmllbGQiOiJNb2R1bGVJZCIsIlR5cGUiOiJiaWdpbnQoMjApIHVuc2lnbmVkIiwiTnVsbCI6Ik5PIiwiS2V5IjoiUFJJIiwiRGVmYXVsdCI6bnVsbCwiRXh0cmEiOiJhdXRvX2luY3JlbWVudCJ9LHsiRmllbGQiOiJNb2R1bGUiLCJUeXBlIjoidmFyY2hhcigxMDApIiwiTnVsbCI6Ik5PIiwiS2V5IjoiIiwiRGVmYXVsdCI6IiIsIkV4dHJhIjoiIn0seyJGaWVsZCI6IkxhYmVsTW9kdWxlIiwiVHlwZSI6InZhcmNoYXIoMTAwKSIsIk51bGwiOiJOTyIsIktleSI6IiIsIkRlZmF1bHQiOiIiLCJFeHRyYSI6IiJ9LHsiRmllbGQiOiJTdWJNb2R1bGUiLCJUeXBlIjoidmFyY2hhcigxMDApIiwiTnVsbCI6Ik5PIiwiS2V5IjoiIiwiRGVmYXVsdCI6IiIsIkV4dHJhIjoiIn0seyJGaWVsZCI6IkFjdGlvbiIsIlR5cGUiOiJ2YXJjaGFyKDEwMCkiLCJOdWxsIjoiWUVTIiwiS2V5IjoiIiwiRGVmYXVsdCI6InZpZXciLCJFeHRyYSI6IiJ9LHsiRmllbGQiOiJUeXBlIiwiVHlwZSI6InZhcmNoYXIoMTAwKSIsIk51bGwiOiJZRVMiLCJLZXkiOiIiLCJEZWZhdWx0IjoiaHRtbCIsIkV4dHJhIjoiIn0seyJGaWVsZCI6IkRlc2NyaXB0aW9uIiwiVHlwZSI6InRleHQiLCJOdWxsIjoiWUVTIiwiS2V5IjoiIiwiRGVmYXVsdCI6bnVsbCwiRXh0cmEiOiIifSx7IkZpZWxkIjoiQWNjZXNzIiwiVHlwZSI6ImVudW0oJ0FsbCcsJ0V4Y2x1c2l2ZScpIiwiTnVsbCI6Ik5PIiwiS2V5IjoiIiwiRGVmYXVsdCI6IkV4Y2x1c2l2ZSIsIkV4dHJhIjoiIn0seyJGaWVsZCI6IlNob3ciLCJUeXBlIjoiZW51bSgnWWVzJywnTm8nKSIsIk51bGwiOiJZRVMiLCJLZXkiOiIiLCJEZWZhdWx0IjoiTm8iLCJFeHRyYSI6IiJ9LHsiRmllbGQiOiJJY29uUGF0aCIsIlR5cGUiOiJ2YXJjaGFyKDI1NSkiLCJOdWxsIjoiWUVTIiwiS2V5IjoiIiwiRGVmYXVsdCI6bnVsbCwiRXh0cmEiOiIifSx7IkZpZWxkIjoiTWVudUlkIiwiVHlwZSI6ImludCg2KSIsIk51bGwiOiJZRVMiLCJLZXkiOiJNVUwiLCJEZWZhdWx0IjpudWxsLCJFeHRyYSI6IiJ9LHsiRmllbGQiOiJBcHBsaWNhdGlvbklkIiwiVHlwZSI6ImJpZ2ludCgyMCkiLCJOdWxsIjoiWUVTIiwiS2V5IjoiTVVMIiwiRGVmYXVsdCI6bnVsbCwiRXh0cmEiOiIifSx7IkZpZWxkIjoiTW9kdWxlUGF0aCIsIlR5cGUiOiJ2YXJjaGFyKDI1NSkiLCJOdWxsIjoiWUVTIiwiS2V5IjoiIiwiRGVmYXVsdCI6bnVsbCwiRXh0cmEiOiIifSx7IkZpZWxkIjoiQWtzaUlkIiwiVHlwZSI6InNtYWxsaW50KDYpIiwiTnVsbCI6IllFUyIsIktleSI6Ik1VTCIsIkRlZmF1bHQiOm51bGwsIkV4dHJhIjoiIn0seyJGaWVsZCI6IkxhYmVsQWtzaSIsIlR5cGUiOiJ2YXJjaGFyKDUwKSIsIk51bGwiOiJZRVMiLCJLZXkiOiIiLCJEZWZhdWx0IjpudWxsLCJFeHRyYSI6IiJ9LHsiRmllbGQiOiJIaW50IiwiVHlwZSI6InZhcmNoYXIoMTAwKSIsIk51bGwiOiJZRVMiLCJLZXkiOiIiLCJEZWZhdWx0IjpudWxsLCJFeHRyYSI6IiJ9LHsiRmllbGQiOiJOZWVkU3NsIiwiVHlwZSI6ImVudW0oJ1llcycsJ05vJykiLCJOdWxsIjoiWUVTIiwiS2V5IjoiIiwiRGVmYXVsdCI6bnVsbCwiRXh0cmEiOiIifV0iO2FrdGl2ZV91c2VyX2dyb3VwX2lkfHM6MjoiNjMiO2FjY2Vzc19tb2R1bGV8YTozOntzOjExOiJtb2R1bGVDb3VudCI7czo0OiIiMzMiIjtzOjY6Im1vZHVsZSI7czozODE6InsibG9naW5fZGVmYXVsdGxvZ2ludmlld2h0bWwyMDAiOiI3NjIiLCJsb2dpbl9kZWZhdWx0bG9naW5kb2h0bWwyMDAiOiI3NTkiLCJob21laG9tZXZpZXdodG1sMjAwIjoiMCIsIm1lbnVtZW51dmlld2h0bWwyMDAiOiIwIiwiZ3Rmd19tZW51TWVudVZpZXdodG1sMjAwIjoiMCIsInBhZ2luZ3BhZ2luZ3ZpZXdodG1sMjAwIjoiMCIsInRlc3RUZXN0Vmlld2h0bWwyMDAiOiIwIiwiZ3Rmd19ncm91cEdyb3VwVmlld2h0bWwyMDAiOiIxNzc3IiwiZ3Rmd19tZW51YWRkdmlld2h0bWwyMDAiOiIwIiwiY29tYm9ib3hjb21ib2JveHZpZXdodG1sMjAwIjoiMCIsImd0ZndfbWVudW1lbnV2aWV3aHRtbDIwMCI6IjAiLCJndGZ3X21lbnVkZXRhaWx2aWV3aHRtbDIwMCI6IjE3OTUifSI7czo0OiJ1c2VyIjtzOjc6IiJhZG1pbiIiO30=','2014-05-16 16:09:44'),('didrumvfv7t5gr0jkjao3ugau6','dGFibGVfZ3Rmd19jb25maWdfYXZhaWxhYmxlfGE6MTp7aTowO2E6MTp7czozNToiVGFibGVzX2luX2d0ZndfcHVibGljIChndGZ3X2NvbmZpZykiO3M6MTE6Imd0ZndfY29uZmlnIjt9fWNoZWNrX2d0ZndfbWVudV90YWJsZXxhOjE6e2k6MDthOjE6e3M6MzM6IlRhYmxlc19pbl9ndGZ3X3B1YmxpYyAoZ3Rmd19tZW51KSI7czo5OiJndGZ3X21lbnUiO319bWVzc2VuZ2VyX3F1ZXVlfHM6MTQ0OiJPOjEyOiJNZXNzYWdlUXVldWUiOjM6e3M6MzE6IgBNZXNzYWdlUXVldWUAbUN1cnJlbnRSZXF1ZXN0SWQiO2k6MTtzOjI4OiIATWVzc2FnZVF1ZXVlAG1OZXh0UmVxdWVzdElkIjtpOjI7czoyMzoiAE1lc3NhZ2VRdWV1ZQBtTWVzc2FnZXMiO2E6MDp7fX0iO3N0YXJ0X2tleXxpOjEzOTg2MTkyMzA7bXVsdF9rZXl8aTo5ODU5OTc5NzE7YWRkX2tleXxpOjE1OTg2MDIxNzY7aXNfbG9nZ2VkX2lufGI6MDt1c2VybmFtZXxzOjY6Im5vYm9keSI7YWNjZXNzX21vZHVsZXxhOjI6e3M6NjoibW9kdWxlIjtzOjU3OiJ7ImhvbWVob21ldmlld2h0bWwyMDAiOiI3NTciLCJtZW51bWVudXZpZXdodG1sMjAwIjoiNzYzIn0iO3M6NDoidXNlciI7czo4OiIibm9ib2R5IiI7fWRlc2NyaWJlX2d0ZndfbW9kdWxlfHM6MTU3NDoiW3siRmllbGQiOiJNb2R1bGVJZCIsIlR5cGUiOiJiaWdpbnQoMjApIHVuc2lnbmVkIiwiTnVsbCI6Ik5PIiwiS2V5IjoiUFJJIiwiRGVmYXVsdCI6bnVsbCwiRXh0cmEiOiJhdXRvX2luY3JlbWVudCJ9LHsiRmllbGQiOiJNb2R1bGUiLCJUeXBlIjoidmFyY2hhcigxMDApIiwiTnVsbCI6Ik5PIiwiS2V5IjoiIiwiRGVmYXVsdCI6IiIsIkV4dHJhIjoiIn0seyJGaWVsZCI6IkxhYmVsTW9kdWxlIiwiVHlwZSI6InZhcmNoYXIoMTAwKSIsIk51bGwiOiJOTyIsIktleSI6IiIsIkRlZmF1bHQiOiIiLCJFeHRyYSI6IiJ9LHsiRmllbGQiOiJTdWJNb2R1bGUiLCJUeXBlIjoidmFyY2hhcigxMDApIiwiTnVsbCI6Ik5PIiwiS2V5IjoiIiwiRGVmYXVsdCI6IiIsIkV4dHJhIjoiIn0seyJGaWVsZCI6IkFjdGlvbiIsIlR5cGUiOiJ2YXJjaGFyKDEwMCkiLCJOdWxsIjoiWUVTIiwiS2V5IjoiIiwiRGVmYXVsdCI6InZpZXciLCJFeHRyYSI6IiJ9LHsiRmllbGQiOiJUeXBlIiwiVHlwZSI6InZhcmNoYXIoMTAwKSIsIk51bGwiOiJZRVMiLCJLZXkiOiIiLCJEZWZhdWx0IjoiaHRtbCIsIkV4dHJhIjoiIn0seyJGaWVsZCI6IkRlc2NyaXB0aW9uIiwiVHlwZSI6InRleHQiLCJOdWxsIjoiWUVTIiwiS2V5IjoiIiwiRGVmYXVsdCI6bnVsbCwiRXh0cmEiOiIifSx7IkZpZWxkIjoiQWNjZXNzIiwiVHlwZSI6ImVudW0oJ0FsbCcsJ0V4Y2x1c2l2ZScpIiwiTnVsbCI6Ik5PIiwiS2V5IjoiIiwiRGVmYXVsdCI6IkV4Y2x1c2l2ZSIsIkV4dHJhIjoiIn0seyJGaWVsZCI6IlNob3ciLCJUeXBlIjoiZW51bSgnWWVzJywnTm8nKSIsIk51bGwiOiJZRVMiLCJLZXkiOiIiLCJEZWZhdWx0IjoiTm8iLCJFeHRyYSI6IiJ9LHsiRmllbGQiOiJJY29uUGF0aCIsIlR5cGUiOiJ2YXJjaGFyKDI1NSkiLCJOdWxsIjoiWUVTIiwiS2V5IjoiIiwiRGVmYXVsdCI6bnVsbCwiRXh0cmEiOiIifSx7IkZpZWxkIjoiTWVudUlkIiwiVHlwZSI6ImludCg2KSIsIk51bGwiOiJZRVMiLCJLZXkiOiJNVUwiLCJEZWZhdWx0IjpudWxsLCJFeHRyYSI6IiJ9LHsiRmllbGQiOiJBcHBsaWNhdGlvbklkIiwiVHlwZSI6ImJpZ2ludCgyMCkiLCJOdWxsIjoiWUVTIiwiS2V5IjoiTVVMIiwiRGVmYXVsdCI6bnVsbCwiRXh0cmEiOiIifSx7IkZpZWxkIjoiTW9kdWxlUGF0aCIsIlR5cGUiOiJ2YXJjaGFyKDI1NSkiLCJOdWxsIjoiWUVTIiwiS2V5IjoiIiwiRGVmYXVsdCI6bnVsbCwiRXh0cmEiOiIifSx7IkZpZWxkIjoiQWtzaUlkIiwiVHlwZSI6InNtYWxsaW50KDYpIiwiTnVsbCI6IllFUyIsIktleSI6Ik1VTCIsIkRlZmF1bHQiOm51bGwsIkV4dHJhIjoiIn0seyJGaWVsZCI6IkxhYmVsQWtzaSIsIlR5cGUiOiJ2YXJjaGFyKDUwKSIsIk51bGwiOiJZRVMiLCJLZXkiOiIiLCJEZWZhdWx0IjpudWxsLCJFeHRyYSI6IiJ9LHsiRmllbGQiOiJIaW50IiwiVHlwZSI6InZhcmNoYXIoMTAwKSIsIk51bGwiOiJZRVMiLCJLZXkiOiIiLCJEZWZhdWx0IjpudWxsLCJFeHRyYSI6IiJ9LHsiRmllbGQiOiJOZWVkU3NsIiwiVHlwZSI6ImVudW0oJ1llcycsJ05vJykiLCJOdWxsIjoiWUVTIiwiS2V5IjoiIiwiRGVmYXVsdCI6bnVsbCwiRXh0cmEiOiIifV0iOw==','2014-05-19 11:10:29'),('cj7qehkqs0j9n3321ki7c9bml7','dGFibGVfZ3Rmd19jb25maWdfYXZhaWxhYmxlfGE6MTp7aTowO2E6MTp7czozNToiVGFibGVzX2luX2d0ZndfcHVibGljIChndGZ3X2NvbmZpZykiO3M6MTE6Imd0ZndfY29uZmlnIjt9fWNoZWNrX2d0ZndfbWVudV90YWJsZXxhOjE6e2k6MDthOjE6e3M6MzM6IlRhYmxlc19pbl9ndGZ3X3B1YmxpYyAoZ3Rmd19tZW51KSI7czo5OiJndGZ3X21lbnUiO319bWVzc2VuZ2VyX3F1ZXVlfHM6NDA4OiJPOjEyOiJNZXNzYWdlUXVldWUiOjM6e3M6MzE6IgBNZXNzYWdlUXVldWUAbUN1cnJlbnRSZXF1ZXN0SWQiO2k6NjtzOjI4OiIATWVzc2FnZVF1ZXVlAG1OZXh0UmVxdWVzdElkIjtpOjc7czoyMzoiAE1lc3NhZ2VRdWV1ZQBtTWVzc2FnZXMiO2E6MTp7czo4MjoiL21lZGlhL3d3dy93d3cvcmlzZXQvYXBwX3B1YmxpYy9tb2R1bGUvZ3Rmd19tZW51L3Jlc3BvbnNlL1ZpZXdNZW51Lmh0bWwuY2xhc3MucGhwXyI7YToxOntpOjA7Tzo3OiJNZXNzYWdlIjozOntzOjE5OiIATWVzc2FnZQBtUmVxdWVzdElkIjtpOjA7czoxNzoiAE1lc3NhZ2UAbU1lc3NhZ2UiO2E6MTp7aTowO2E6Mzp7czo0OiJwYWdlIjtpOjE7czo3OiJkaXNwbGF5IjtpOjU7czo1OiJzdGFydCI7aTowO319czoxMzoiAE1lc3NhZ2UAbU9sZCI7YjowO319fX0iO3N0YXJ0X2tleXxpOjE0Mzg4NDEzNzU7bXVsdF9rZXl8aTo0NzQ0ODM4ODQ7YWRkX2tleXxpOjkzMzczMDYyO2lzX2xvZ2dlZF9pbnxiOjE7dXNlcm5hbWV8czo1OiJhZG1pbiI7c2FsdHxpOjcwNDkyMTU1Nztsb2dpbl9zYWx0fGk6NzA0OTIxNTU3O2Rlc2NyaWJlX2d0ZndfbW9kdWxlfHM6MTU3NDoiW3siRmllbGQiOiJNb2R1bGVJZCIsIlR5cGUiOiJiaWdpbnQoMjApIHVuc2lnbmVkIiwiTnVsbCI6Ik5PIiwiS2V5IjoiUFJJIiwiRGVmYXVsdCI6bnVsbCwiRXh0cmEiOiJhdXRvX2luY3JlbWVudCJ9LHsiRmllbGQiOiJNb2R1bGUiLCJUeXBlIjoidmFyY2hhcigxMDApIiwiTnVsbCI6Ik5PIiwiS2V5IjoiIiwiRGVmYXVsdCI6IiIsIkV4dHJhIjoiIn0seyJGaWVsZCI6IkxhYmVsTW9kdWxlIiwiVHlwZSI6InZhcmNoYXIoMTAwKSIsIk51bGwiOiJOTyIsIktleSI6IiIsIkRlZmF1bHQiOiIiLCJFeHRyYSI6IiJ9LHsiRmllbGQiOiJTdWJNb2R1bGUiLCJUeXBlIjoidmFyY2hhcigxMDApIiwiTnVsbCI6Ik5PIiwiS2V5IjoiIiwiRGVmYXVsdCI6IiIsIkV4dHJhIjoiIn0seyJGaWVsZCI6IkFjdGlvbiIsIlR5cGUiOiJ2YXJjaGFyKDEwMCkiLCJOdWxsIjoiWUVTIiwiS2V5IjoiIiwiRGVmYXVsdCI6InZpZXciLCJFeHRyYSI6IiJ9LHsiRmllbGQiOiJUeXBlIiwiVHlwZSI6InZhcmNoYXIoMTAwKSIsIk51bGwiOiJZRVMiLCJLZXkiOiIiLCJEZWZhdWx0IjoiaHRtbCIsIkV4dHJhIjoiIn0seyJGaWVsZCI6IkRlc2NyaXB0aW9uIiwiVHlwZSI6InRleHQiLCJOdWxsIjoiWUVTIiwiS2V5IjoiIiwiRGVmYXVsdCI6bnVsbCwiRXh0cmEiOiIifSx7IkZpZWxkIjoiQWNjZXNzIiwiVHlwZSI6ImVudW0oJ0FsbCcsJ0V4Y2x1c2l2ZScpIiwiTnVsbCI6Ik5PIiwiS2V5IjoiIiwiRGVmYXVsdCI6IkV4Y2x1c2l2ZSIsIkV4dHJhIjoiIn0seyJGaWVsZCI6IlNob3ciLCJUeXBlIjoiZW51bSgnWWVzJywnTm8nKSIsIk51bGwiOiJZRVMiLCJLZXkiOiIiLCJEZWZhdWx0IjoiTm8iLCJFeHRyYSI6IiJ9LHsiRmllbGQiOiJJY29uUGF0aCIsIlR5cGUiOiJ2YXJjaGFyKDI1NSkiLCJOdWxsIjoiWUVTIiwiS2V5IjoiIiwiRGVmYXVsdCI6bnVsbCwiRXh0cmEiOiIifSx7IkZpZWxkIjoiTWVudUlkIiwiVHlwZSI6ImludCg2KSIsIk51bGwiOiJZRVMiLCJLZXkiOiJNVUwiLCJEZWZhdWx0IjpudWxsLCJFeHRyYSI6IiJ9LHsiRmllbGQiOiJBcHBsaWNhdGlvbklkIiwiVHlwZSI6ImJpZ2ludCgyMCkiLCJOdWxsIjoiWUVTIiwiS2V5IjoiTVVMIiwiRGVmYXVsdCI6bnVsbCwiRXh0cmEiOiIifSx7IkZpZWxkIjoiTW9kdWxlUGF0aCIsIlR5cGUiOiJ2YXJjaGFyKDI1NSkiLCJOdWxsIjoiWUVTIiwiS2V5IjoiIiwiRGVmYXVsdCI6bnVsbCwiRXh0cmEiOiIifSx7IkZpZWxkIjoiQWtzaUlkIiwiVHlwZSI6InNtYWxsaW50KDYpIiwiTnVsbCI6IllFUyIsIktleSI6Ik1VTCIsIkRlZmF1bHQiOm51bGwsIkV4dHJhIjoiIn0seyJGaWVsZCI6IkxhYmVsQWtzaSIsIlR5cGUiOiJ2YXJjaGFyKDUwKSIsIk51bGwiOiJZRVMiLCJLZXkiOiIiLCJEZWZhdWx0IjpudWxsLCJFeHRyYSI6IiJ9LHsiRmllbGQiOiJIaW50IiwiVHlwZSI6InZhcmNoYXIoMTAwKSIsIk51bGwiOiJZRVMiLCJLZXkiOiIiLCJEZWZhdWx0IjpudWxsLCJFeHRyYSI6IiJ9LHsiRmllbGQiOiJOZWVkU3NsIiwiVHlwZSI6ImVudW0oJ1llcycsJ05vJykiLCJOdWxsIjoiWUVTIiwiS2V5IjoiIiwiRGVmYXVsdCI6bnVsbCwiRXh0cmEiOiIifV0iO2FrdGl2ZV91c2VyX2dyb3VwX2lkfHM6MjoiNjMiO2FjY2Vzc19tb2R1bGV8YTozOntzOjExOiJtb2R1bGVDb3VudCI7czo0OiIiMzMiIjtzOjY6Im1vZHVsZSI7czoyMjE6InsibG9naW5fZGVmYXVsdGxvZ2ludmlld2h0bWwyMDAiOiI3NjIiLCJsb2dpbl9kZWZhdWx0bG9naW5kb2h0bWwyMDAiOiI3NTkiLCJob21laG9tZXZpZXdodG1sMjAwIjoiNzU3IiwibWVudW1lbnV2aWV3aHRtbDIwMCI6Ijc2MyIsImd0ZndfbWVudU1lbnVWaWV3aHRtbDIwMCI6IjAiLCJwYWdpbmdwYWdpbmd2aWV3aHRtbDIwMCI6IjAiLCJ0ZXN0VGVzdFZpZXdodG1sMjAwIjoiMTc5MiJ9IjtzOjQ6InVzZXIiO3M6NzoiImFkbWluIiI7fQ==','2014-05-20 09:23:51'),('nrgh566f8sc6c8dna8u928s3u1','dGFibGVfZ3Rmd19jb25maWdfYXZhaWxhYmxlfGE6MTp7aTowO2E6MTp7czozNToiVGFibGVzX2luX2d0ZndfcHVibGljIChndGZ3X2NvbmZpZykiO3M6MTE6Imd0ZndfY29uZmlnIjt9fWNoZWNrX2d0ZndfbWVudV90YWJsZXxhOjE6e2k6MDthOjE6e3M6MzM6IlRhYmxlc19pbl9ndGZ3X3B1YmxpYyAoZ3Rmd19tZW51KSI7czo5OiJndGZ3X21lbnUiO319bWVzc2VuZ2VyX3F1ZXVlfHM6NDI4OiJPOjEyOiJNZXNzYWdlUXVldWUiOjM6e3M6MzE6IgBNZXNzYWdlUXVldWUAbUN1cnJlbnRSZXF1ZXN0SWQiO2k6MTI7czoyODoiAE1lc3NhZ2VRdWV1ZQBtTmV4dFJlcXVlc3RJZCI7aToxMztzOjIzOiIATWVzc2FnZVF1ZXVlAG1NZXNzYWdlcyI7YToxOntzOjgyOiIvbWVkaWEvd3d3L3d3dy9yaXNldC9hcHBfcHVibGljL21vZHVsZS9ndGZ3X21lbnUvcmVzcG9uc2UvVmlld01lbnUuaHRtbC5jbGFzcy5waHBfIjthOjE6e2k6MztPOjc6Ik1lc3NhZ2UiOjM6e3M6MTk6IgBNZXNzYWdlAG1SZXF1ZXN0SWQiO2k6MDtzOjE3OiIATWVzc2FnZQBtTWVzc2FnZSI7YToxOntpOjA7YTo0OntzOjQ6InBhZ2UiO2k6MTtzOjc6ImRpc3BsYXkiO2k6NTtzOjU6InN0YXJ0IjtpOjA7czo0OiJuYW1lIjtzOjA6IiI7fX1zOjEzOiIATWVzc2FnZQBtT2xkIjtiOjA7fX19fSI7c3RhcnRfa2V5fGk6Njc5MjI1MjEwO211bHRfa2V5fGk6MTIxNzAzNTY1NjthZGRfa2V5fGk6MTI2NDY1MDI4Mztpc19sb2dnZWRfaW58YjoxO3VzZXJuYW1lfHM6NToiYWRtaW4iO3NhbHR8aTo3MzMyODM2MDY7bG9naW5fc2FsdHxpOjczMzI4MzYwNjtkZXNjcmliZV9ndGZ3X21vZHVsZXxzOjE1NzQ6Ilt7IkZpZWxkIjoiTW9kdWxlSWQiLCJUeXBlIjoiYmlnaW50KDIwKSB1bnNpZ25lZCIsIk51bGwiOiJOTyIsIktleSI6IlBSSSIsIkRlZmF1bHQiOm51bGwsIkV4dHJhIjoiYXV0b19pbmNyZW1lbnQifSx7IkZpZWxkIjoiTW9kdWxlIiwiVHlwZSI6InZhcmNoYXIoMTAwKSIsIk51bGwiOiJOTyIsIktleSI6IiIsIkRlZmF1bHQiOiIiLCJFeHRyYSI6IiJ9LHsiRmllbGQiOiJMYWJlbE1vZHVsZSIsIlR5cGUiOiJ2YXJjaGFyKDEwMCkiLCJOdWxsIjoiTk8iLCJLZXkiOiIiLCJEZWZhdWx0IjoiIiwiRXh0cmEiOiIifSx7IkZpZWxkIjoiU3ViTW9kdWxlIiwiVHlwZSI6InZhcmNoYXIoMTAwKSIsIk51bGwiOiJOTyIsIktleSI6IiIsIkRlZmF1bHQiOiIiLCJFeHRyYSI6IiJ9LHsiRmllbGQiOiJBY3Rpb24iLCJUeXBlIjoidmFyY2hhcigxMDApIiwiTnVsbCI6IllFUyIsIktleSI6IiIsIkRlZmF1bHQiOiJ2aWV3IiwiRXh0cmEiOiIifSx7IkZpZWxkIjoiVHlwZSIsIlR5cGUiOiJ2YXJjaGFyKDEwMCkiLCJOdWxsIjoiWUVTIiwiS2V5IjoiIiwiRGVmYXVsdCI6Imh0bWwiLCJFeHRyYSI6IiJ9LHsiRmllbGQiOiJEZXNjcmlwdGlvbiIsIlR5cGUiOiJ0ZXh0IiwiTnVsbCI6IllFUyIsIktleSI6IiIsIkRlZmF1bHQiOm51bGwsIkV4dHJhIjoiIn0seyJGaWVsZCI6IkFjY2VzcyIsIlR5cGUiOiJlbnVtKCdBbGwnLCdFeGNsdXNpdmUnKSIsIk51bGwiOiJOTyIsIktleSI6IiIsIkRlZmF1bHQiOiJFeGNsdXNpdmUiLCJFeHRyYSI6IiJ9LHsiRmllbGQiOiJTaG93IiwiVHlwZSI6ImVudW0oJ1llcycsJ05vJykiLCJOdWxsIjoiWUVTIiwiS2V5IjoiIiwiRGVmYXVsdCI6Ik5vIiwiRXh0cmEiOiIifSx7IkZpZWxkIjoiSWNvblBhdGgiLCJUeXBlIjoidmFyY2hhcigyNTUpIiwiTnVsbCI6IllFUyIsIktleSI6IiIsIkRlZmF1bHQiOm51bGwsIkV4dHJhIjoiIn0seyJGaWVsZCI6Ik1lbnVJZCIsIlR5cGUiOiJpbnQoNikiLCJOdWxsIjoiWUVTIiwiS2V5IjoiTVVMIiwiRGVmYXVsdCI6bnVsbCwiRXh0cmEiOiIifSx7IkZpZWxkIjoiQXBwbGljYXRpb25JZCIsIlR5cGUiOiJiaWdpbnQoMjApIiwiTnVsbCI6IllFUyIsIktleSI6Ik1VTCIsIkRlZmF1bHQiOm51bGwsIkV4dHJhIjoiIn0seyJGaWVsZCI6Ik1vZHVsZVBhdGgiLCJUeXBlIjoidmFyY2hhcigyNTUpIiwiTnVsbCI6IllFUyIsIktleSI6IiIsIkRlZmF1bHQiOm51bGwsIkV4dHJhIjoiIn0seyJGaWVsZCI6IkFrc2lJZCIsIlR5cGUiOiJzbWFsbGludCg2KSIsIk51bGwiOiJZRVMiLCJLZXkiOiJNVUwiLCJEZWZhdWx0IjpudWxsLCJFeHRyYSI6IiJ9LHsiRmllbGQiOiJMYWJlbEFrc2kiLCJUeXBlIjoidmFyY2hhcig1MCkiLCJOdWxsIjoiWUVTIiwiS2V5IjoiIiwiRGVmYXVsdCI6bnVsbCwiRXh0cmEiOiIifSx7IkZpZWxkIjoiSGludCIsIlR5cGUiOiJ2YXJjaGFyKDEwMCkiLCJOdWxsIjoiWUVTIiwiS2V5IjoiIiwiRGVmYXVsdCI6bnVsbCwiRXh0cmEiOiIifSx7IkZpZWxkIjoiTmVlZFNzbCIsIlR5cGUiOiJlbnVtKCdZZXMnLCdObycpIiwiTnVsbCI6IllFUyIsIktleSI6IiIsIkRlZmF1bHQiOm51bGwsIkV4dHJhIjoiIn1dIjtha3RpdmVfdXNlcl9ncm91cF9pZHxzOjI6IjYzIjthY2Nlc3NfbW9kdWxlfGE6Mzp7czoxMToibW9kdWxlQ291bnQiO3M6NDoiIjMzIiI7czo2OiJtb2R1bGUiO3M6MjU1OiJ7ImxvZ2luX2RlZmF1bHRsb2dpbnZpZXdodG1sMjAwIjoiMCIsImxvZ2luX2RlZmF1bHRsb2dpbmRvaHRtbDIwMCI6Ijc1OSIsImhvbWVob21ldmlld2h0bWwyMDAiOiI3NTciLCJtZW51bWVudXZpZXdodG1sMjAwIjoiNzYzIiwiZ3Rmd19tZW51TWVudVZpZXdodG1sMjAwIjoiMCIsInBhZ2luZ3BhZ2luZ3ZpZXdodG1sMjAwIjoiMCIsInRlc3RUZXN0Vmlld2h0bWwyMDAiOiIxNzkyIiwiZ3Rmd19ncm91cEdyb3VwVmlld2h0bWwyMDAiOiIxNzc3In0iO3M6NDoidXNlciI7czo3OiIiYWRtaW4iIjt9','2014-05-20 09:25:16'),('r6mq6v7dljghol4tfsro8psl77','dGFibGVfZ3Rmd19jb25maWdfYXZhaWxhYmxlfGE6MTp7aTowO2E6MTp7czozNToiVGFibGVzX2luX2d0ZndfcHVibGljIChndGZ3X2NvbmZpZykiO3M6MTE6Imd0ZndfY29uZmlnIjt9fWNoZWNrX2d0ZndfbWVudV90YWJsZXxhOjE6e2k6MDthOjE6e3M6MzM6IlRhYmxlc19pbl9ndGZ3X3B1YmxpYyAoZ3Rmd19tZW51KSI7czo5OiJndGZ3X21lbnUiO319bWVzc2VuZ2VyX3F1ZXVlfHM6NDA4OiJPOjEyOiJNZXNzYWdlUXVldWUiOjM6e3M6MzE6IgBNZXNzYWdlUXVldWUAbUN1cnJlbnRSZXF1ZXN0SWQiO2k6NDtzOjI4OiIATWVzc2FnZVF1ZXVlAG1OZXh0UmVxdWVzdElkIjtpOjU7czoyMzoiAE1lc3NhZ2VRdWV1ZQBtTWVzc2FnZXMiO2E6MTp7czo4MjoiL21lZGlhL3d3dy93d3cvcmlzZXQvYXBwX3B1YmxpYy9tb2R1bGUvZ3Rmd19tZW51L3Jlc3BvbnNlL1ZpZXdNZW51Lmh0bWwuY2xhc3MucGhwXyI7YToxOntpOjA7Tzo3OiJNZXNzYWdlIjozOntzOjE5OiIATWVzc2FnZQBtUmVxdWVzdElkIjtpOjA7czoxNzoiAE1lc3NhZ2UAbU1lc3NhZ2UiO2E6MTp7aTowO2E6Mzp7czo0OiJwYWdlIjtpOjE7czo3OiJkaXNwbGF5IjtpOjU7czo1OiJzdGFydCI7aTowO319czoxMzoiAE1lc3NhZ2UAbU9sZCI7YjowO319fX0iO3N0YXJ0X2tleXxpOjY5MzY3OTc5MTttdWx0X2tleXxpOjE1ODk5OTcxMzM7YWRkX2tleXxpOjE2ODgxMDMwMzY7aXNfbG9nZ2VkX2lufGI6MTt1c2VybmFtZXxzOjU6ImFkbWluIjtzYWx0fGk6MTc0NTc4MzMyMTtsb2dpbl9zYWx0fGk6MTc0NTc4MzMyMTtkZXNjcmliZV9ndGZ3X21vZHVsZXxzOjE1NzQ6Ilt7IkZpZWxkIjoiTW9kdWxlSWQiLCJUeXBlIjoiYmlnaW50KDIwKSB1bnNpZ25lZCIsIk51bGwiOiJOTyIsIktleSI6IlBSSSIsIkRlZmF1bHQiOm51bGwsIkV4dHJhIjoiYXV0b19pbmNyZW1lbnQifSx7IkZpZWxkIjoiTW9kdWxlIiwiVHlwZSI6InZhcmNoYXIoMTAwKSIsIk51bGwiOiJOTyIsIktleSI6IiIsIkRlZmF1bHQiOiIiLCJFeHRyYSI6IiJ9LHsiRmllbGQiOiJMYWJlbE1vZHVsZSIsIlR5cGUiOiJ2YXJjaGFyKDEwMCkiLCJOdWxsIjoiTk8iLCJLZXkiOiIiLCJEZWZhdWx0IjoiIiwiRXh0cmEiOiIifSx7IkZpZWxkIjoiU3ViTW9kdWxlIiwiVHlwZSI6InZhcmNoYXIoMTAwKSIsIk51bGwiOiJOTyIsIktleSI6IiIsIkRlZmF1bHQiOiIiLCJFeHRyYSI6IiJ9LHsiRmllbGQiOiJBY3Rpb24iLCJUeXBlIjoidmFyY2hhcigxMDApIiwiTnVsbCI6IllFUyIsIktleSI6IiIsIkRlZmF1bHQiOiJ2aWV3IiwiRXh0cmEiOiIifSx7IkZpZWxkIjoiVHlwZSIsIlR5cGUiOiJ2YXJjaGFyKDEwMCkiLCJOdWxsIjoiWUVTIiwiS2V5IjoiIiwiRGVmYXVsdCI6Imh0bWwiLCJFeHRyYSI6IiJ9LHsiRmllbGQiOiJEZXNjcmlwdGlvbiIsIlR5cGUiOiJ0ZXh0IiwiTnVsbCI6IllFUyIsIktleSI6IiIsIkRlZmF1bHQiOm51bGwsIkV4dHJhIjoiIn0seyJGaWVsZCI6IkFjY2VzcyIsIlR5cGUiOiJlbnVtKCdBbGwnLCdFeGNsdXNpdmUnKSIsIk51bGwiOiJOTyIsIktleSI6IiIsIkRlZmF1bHQiOiJFeGNsdXNpdmUiLCJFeHRyYSI6IiJ9LHsiRmllbGQiOiJTaG93IiwiVHlwZSI6ImVudW0oJ1llcycsJ05vJykiLCJOdWxsIjoiWUVTIiwiS2V5IjoiIiwiRGVmYXVsdCI6Ik5vIiwiRXh0cmEiOiIifSx7IkZpZWxkIjoiSWNvblBhdGgiLCJUeXBlIjoidmFyY2hhcigyNTUpIiwiTnVsbCI6IllFUyIsIktleSI6IiIsIkRlZmF1bHQiOm51bGwsIkV4dHJhIjoiIn0seyJGaWVsZCI6Ik1lbnVJZCIsIlR5cGUiOiJpbnQoNikiLCJOdWxsIjoiWUVTIiwiS2V5IjoiTVVMIiwiRGVmYXVsdCI6bnVsbCwiRXh0cmEiOiIifSx7IkZpZWxkIjoiQXBwbGljYXRpb25JZCIsIlR5cGUiOiJiaWdpbnQoMjApIiwiTnVsbCI6IllFUyIsIktleSI6Ik1VTCIsIkRlZmF1bHQiOm51bGwsIkV4dHJhIjoiIn0seyJGaWVsZCI6Ik1vZHVsZVBhdGgiLCJUeXBlIjoidmFyY2hhcigyNTUpIiwiTnVsbCI6IllFUyIsIktleSI6IiIsIkRlZmF1bHQiOm51bGwsIkV4dHJhIjoiIn0seyJGaWVsZCI6IkFrc2lJZCIsIlR5cGUiOiJzbWFsbGludCg2KSIsIk51bGwiOiJZRVMiLCJLZXkiOiJNVUwiLCJEZWZhdWx0IjpudWxsLCJFeHRyYSI6IiJ9LHsiRmllbGQiOiJMYWJlbEFrc2kiLCJUeXBlIjoidmFyY2hhcig1MCkiLCJOdWxsIjoiWUVTIiwiS2V5IjoiIiwiRGVmYXVsdCI6bnVsbCwiRXh0cmEiOiIifSx7IkZpZWxkIjoiSGludCIsIlR5cGUiOiJ2YXJjaGFyKDEwMCkiLCJOdWxsIjoiWUVTIiwiS2V5IjoiIiwiRGVmYXVsdCI6bnVsbCwiRXh0cmEiOiIifSx7IkZpZWxkIjoiTmVlZFNzbCIsIlR5cGUiOiJlbnVtKCdZZXMnLCdObycpIiwiTnVsbCI6IllFUyIsIktleSI6IiIsIkRlZmF1bHQiOm51bGwsIkV4dHJhIjoiIn1dIjtha3RpdmVfdXNlcl9ncm91cF9pZHxzOjI6IjYzIjthY2Nlc3NfbW9kdWxlfGE6Mzp7czoxMToibW9kdWxlQ291bnQiO3M6NDoiIjMzIiI7czo2OiJtb2R1bGUiO3M6MTk3OiJ7ImxvZ2luX2RlZmF1bHRsb2dpbnZpZXdodG1sMjAwIjoiNzYyIiwibG9naW5fZGVmYXVsdGxvZ2luZG9odG1sMjAwIjoiNzU5IiwiaG9tZWhvbWV2aWV3aHRtbDIwMCI6Ijc1NyIsIm1lbnVtZW51dmlld2h0bWwyMDAiOiI3NjMiLCJndGZ3X21lbnVNZW51Vmlld2h0bWwyMDAiOiIxNzkzIiwicGFnaW5ncGFnaW5ndmlld2h0bWwyMDAiOiI3NjUifSI7czo0OiJ1c2VyIjtzOjc6IiJhZG1pbiIiO30=','2014-05-20 09:24:56'),('gk64h9056qtp02jetkt1mljo62','dGFibGVfZ3Rmd19jb25maWdfYXZhaWxhYmxlfGE6MTp7aTowO2E6MTp7czozNToiVGFibGVzX2luX2d0ZndfcHVibGljIChndGZ3X2NvbmZpZykiO3M6MTE6Imd0ZndfY29uZmlnIjt9fWNoZWNrX2d0ZndfbWVudV90YWJsZXxhOjE6e2k6MDthOjE6e3M6MzM6IlRhYmxlc19pbl9ndGZ3X3B1YmxpYyAoZ3Rmd19tZW51KSI7czo5OiJndGZ3X21lbnUiO319bWVzc2VuZ2VyX3F1ZXVlfHM6NDA4OiJPOjEyOiJNZXNzYWdlUXVldWUiOjM6e3M6MzE6IgBNZXNzYWdlUXVldWUAbUN1cnJlbnRSZXF1ZXN0SWQiO2k6ODtzOjI4OiIATWVzc2FnZVF1ZXVlAG1OZXh0UmVxdWVzdElkIjtpOjk7czoyMzoiAE1lc3NhZ2VRdWV1ZQBtTWVzc2FnZXMiO2E6MTp7czo4MjoiL21lZGlhL3d3dy93d3cvcmlzZXQvYXBwX3B1YmxpYy9tb2R1bGUvZ3Rmd19tZW51L3Jlc3BvbnNlL1ZpZXdNZW51Lmh0bWwuY2xhc3MucGhwXyI7YToxOntpOjA7Tzo3OiJNZXNzYWdlIjozOntzOjE5OiIATWVzc2FnZQBtUmVxdWVzdElkIjtpOjA7czoxNzoiAE1lc3NhZ2UAbU1lc3NhZ2UiO2E6MTp7aTowO2E6Mzp7czo0OiJwYWdlIjtpOjE7czo3OiJkaXNwbGF5IjtpOjU7czo1OiJzdGFydCI7aTowO319czoxMzoiAE1lc3NhZ2UAbU9sZCI7YjowO319fX0iO3N0YXJ0X2tleXxpOjUzNTA0ODA5MDttdWx0X2tleXxpOjE1MDMxMDY3MjI7YWRkX2tleXxpOjE0NjA5MjI0NjU7aXNfbG9nZ2VkX2lufGI6MTt1c2VybmFtZXxzOjU6ImFkbWluIjtkZXNjcmliZV9ndGZ3X21vZHVsZXxzOjE1NzQ6Ilt7IkZpZWxkIjoiTW9kdWxlSWQiLCJUeXBlIjoiYmlnaW50KDIwKSB1bnNpZ25lZCIsIk51bGwiOiJOTyIsIktleSI6IlBSSSIsIkRlZmF1bHQiOm51bGwsIkV4dHJhIjoiYXV0b19pbmNyZW1lbnQifSx7IkZpZWxkIjoiTW9kdWxlIiwiVHlwZSI6InZhcmNoYXIoMTAwKSIsIk51bGwiOiJOTyIsIktleSI6IiIsIkRlZmF1bHQiOiIiLCJFeHRyYSI6IiJ9LHsiRmllbGQiOiJMYWJlbE1vZHVsZSIsIlR5cGUiOiJ2YXJjaGFyKDEwMCkiLCJOdWxsIjoiTk8iLCJLZXkiOiIiLCJEZWZhdWx0IjoiIiwiRXh0cmEiOiIifSx7IkZpZWxkIjoiU3ViTW9kdWxlIiwiVHlwZSI6InZhcmNoYXIoMTAwKSIsIk51bGwiOiJOTyIsIktleSI6IiIsIkRlZmF1bHQiOiIiLCJFeHRyYSI6IiJ9LHsiRmllbGQiOiJBY3Rpb24iLCJUeXBlIjoidmFyY2hhcigxMDApIiwiTnVsbCI6IllFUyIsIktleSI6IiIsIkRlZmF1bHQiOiJ2aWV3IiwiRXh0cmEiOiIifSx7IkZpZWxkIjoiVHlwZSIsIlR5cGUiOiJ2YXJjaGFyKDEwMCkiLCJOdWxsIjoiWUVTIiwiS2V5IjoiIiwiRGVmYXVsdCI6Imh0bWwiLCJFeHRyYSI6IiJ9LHsiRmllbGQiOiJEZXNjcmlwdGlvbiIsIlR5cGUiOiJ0ZXh0IiwiTnVsbCI6IllFUyIsIktleSI6IiIsIkRlZmF1bHQiOm51bGwsIkV4dHJhIjoiIn0seyJGaWVsZCI6IkFjY2VzcyIsIlR5cGUiOiJlbnVtKCdBbGwnLCdFeGNsdXNpdmUnKSIsIk51bGwiOiJOTyIsIktleSI6IiIsIkRlZmF1bHQiOiJFeGNsdXNpdmUiLCJFeHRyYSI6IiJ9LHsiRmllbGQiOiJTaG93IiwiVHlwZSI6ImVudW0oJ1llcycsJ05vJykiLCJOdWxsIjoiWUVTIiwiS2V5IjoiIiwiRGVmYXVsdCI6Ik5vIiwiRXh0cmEiOiIifSx7IkZpZWxkIjoiSWNvblBhdGgiLCJUeXBlIjoidmFyY2hhcigyNTUpIiwiTnVsbCI6IllFUyIsIktleSI6IiIsIkRlZmF1bHQiOm51bGwsIkV4dHJhIjoiIn0seyJGaWVsZCI6Ik1lbnVJZCIsIlR5cGUiOiJpbnQoNikiLCJOdWxsIjoiWUVTIiwiS2V5IjoiTVVMIiwiRGVmYXVsdCI6bnVsbCwiRXh0cmEiOiIifSx7IkZpZWxkIjoiQXBwbGljYXRpb25JZCIsIlR5cGUiOiJiaWdpbnQoMjApIiwiTnVsbCI6IllFUyIsIktleSI6Ik1VTCIsIkRlZmF1bHQiOm51bGwsIkV4dHJhIjoiIn0seyJGaWVsZCI6Ik1vZHVsZVBhdGgiLCJUeXBlIjoidmFyY2hhcigyNTUpIiwiTnVsbCI6IllFUyIsIktleSI6IiIsIkRlZmF1bHQiOm51bGwsIkV4dHJhIjoiIn0seyJGaWVsZCI6IkFrc2lJZCIsIlR5cGUiOiJzbWFsbGludCg2KSIsIk51bGwiOiJZRVMiLCJLZXkiOiJNVUwiLCJEZWZhdWx0IjpudWxsLCJFeHRyYSI6IiJ9LHsiRmllbGQiOiJMYWJlbEFrc2kiLCJUeXBlIjoidmFyY2hhcig1MCkiLCJOdWxsIjoiWUVTIiwiS2V5IjoiIiwiRGVmYXVsdCI6bnVsbCwiRXh0cmEiOiIifSx7IkZpZWxkIjoiSGludCIsIlR5cGUiOiJ2YXJjaGFyKDEwMCkiLCJOdWxsIjoiWUVTIiwiS2V5IjoiIiwiRGVmYXVsdCI6bnVsbCwiRXh0cmEiOiIifSx7IkZpZWxkIjoiTmVlZFNzbCIsIlR5cGUiOiJlbnVtKCdZZXMnLCdObycpIiwiTnVsbCI6IllFUyIsIktleSI6IiIsIkRlZmF1bHQiOm51bGwsIkV4dHJhIjoiIn1dIjtzYWx0fGk6MTA0MDM0MzA3Mztsb2dpbl9zYWx0fGk6MTA0MDM0MzA3Mztha3RpdmVfdXNlcl9ncm91cF9pZHxzOjI6IjYzIjthY2Nlc3NfbW9kdWxlfGE6Mzp7czoxMToibW9kdWxlQ291bnQiO3M6NDoiIjMzIiI7czo2OiJtb2R1bGUiO3M6MjY0OiJ7ImhvbWVob21ldmlld2h0bWwyMDAiOiI3NTciLCJtZW51bWVudXZpZXdodG1sMjAwIjoiNzYzIiwibG9naW5fZGVmYXVsdGxvZ2ludmlld2h0bWwyMDAiOiI3NjIiLCJsb2dpbl9kZWZhdWx0bG9naW5kb2h0bWwyMDAiOiI3NTkiLCJndGZ3X21lbnVNZW51Vmlld2h0bWwyMDAiOiIwIiwicGFnaW5ncGFnaW5ndmlld2h0bWwyMDAiOiIwIiwiZ3Rmd19tZW51ZGV0YWlsdmlld2h0bWwyMDAiOiIxNzk1IiwiZ3Rmd19ncm91cEdyb3VwVmlld2h0bWwyMDAiOiIxNzc3In0iO3M6NDoidXNlciI7czo3OiIiYWRtaW4iIjt9','2014-05-20 09:26:06'),('p0uelthv7apo3emfg0kasc6jv6','dGFibGVfZ3Rmd19jb25maWdfYXZhaWxhYmxlfGE6MTp7aTowO2E6MTp7czozNToiVGFibGVzX2luX2d0ZndfcHVibGljIChndGZ3X2NvbmZpZykiO3M6MTE6Imd0ZndfY29uZmlnIjt9fWNoZWNrX2d0ZndfbWVudV90YWJsZXxhOjE6e2k6MDthOjE6e3M6MzM6IlRhYmxlc19pbl9ndGZ3X3B1YmxpYyAoZ3Rmd19tZW51KSI7czo5OiJndGZ3X21lbnUiO319bWVzc2VuZ2VyX3F1ZXVlfHM6MTQ0OiJPOjEyOiJNZXNzYWdlUXVldWUiOjM6e3M6MzE6IgBNZXNzYWdlUXVldWUAbUN1cnJlbnRSZXF1ZXN0SWQiO2k6MTtzOjI4OiIATWVzc2FnZVF1ZXVlAG1OZXh0UmVxdWVzdElkIjtpOjI7czoyMzoiAE1lc3NhZ2VRdWV1ZQBtTWVzc2FnZXMiO2E6MDp7fX0iO3N0YXJ0X2tleXxpOjE1MTM2MTI5NjE7bXVsdF9rZXl8aToxODAzODUzODY7YWRkX2tleXxpOjUwMzg1NjQ2Mjtpc19sb2dnZWRfaW58YjowO3VzZXJuYW1lfHM6Njoibm9ib2R5IjthY2Nlc3NfbW9kdWxlfGE6Mjp7czo2OiJtb2R1bGUiO3M6Mzk6InsibG9naW5fZGVmYXVsdGxvZ2ludmlld2h0bWwyMDAiOiI3NjIifSI7czo0OiJ1c2VyIjtzOjg6IiJub2JvZHkiIjt9c2FsdHxpOjE0MzY0NDI1ODM7bG9naW5fc2FsdHxpOjE0MzY0NDI1ODM7ZGVzY3JpYmVfZ3Rmd19tb2R1bGV8czoxNTc0OiJbeyJGaWVsZCI6Ik1vZHVsZUlkIiwiVHlwZSI6ImJpZ2ludCgyMCkgdW5zaWduZWQiLCJOdWxsIjoiTk8iLCJLZXkiOiJQUkkiLCJEZWZhdWx0IjpudWxsLCJFeHRyYSI6ImF1dG9faW5jcmVtZW50In0seyJGaWVsZCI6Ik1vZHVsZSIsIlR5cGUiOiJ2YXJjaGFyKDEwMCkiLCJOdWxsIjoiTk8iLCJLZXkiOiIiLCJEZWZhdWx0IjoiIiwiRXh0cmEiOiIifSx7IkZpZWxkIjoiTGFiZWxNb2R1bGUiLCJUeXBlIjoidmFyY2hhcigxMDApIiwiTnVsbCI6Ik5PIiwiS2V5IjoiIiwiRGVmYXVsdCI6IiIsIkV4dHJhIjoiIn0seyJGaWVsZCI6IlN1Yk1vZHVsZSIsIlR5cGUiOiJ2YXJjaGFyKDEwMCkiLCJOdWxsIjoiTk8iLCJLZXkiOiIiLCJEZWZhdWx0IjoiIiwiRXh0cmEiOiIifSx7IkZpZWxkIjoiQWN0aW9uIiwiVHlwZSI6InZhcmNoYXIoMTAwKSIsIk51bGwiOiJZRVMiLCJLZXkiOiIiLCJEZWZhdWx0IjoidmlldyIsIkV4dHJhIjoiIn0seyJGaWVsZCI6IlR5cGUiLCJUeXBlIjoidmFyY2hhcigxMDApIiwiTnVsbCI6IllFUyIsIktleSI6IiIsIkRlZmF1bHQiOiJodG1sIiwiRXh0cmEiOiIifSx7IkZpZWxkIjoiRGVzY3JpcHRpb24iLCJUeXBlIjoidGV4dCIsIk51bGwiOiJZRVMiLCJLZXkiOiIiLCJEZWZhdWx0IjpudWxsLCJFeHRyYSI6IiJ9LHsiRmllbGQiOiJBY2Nlc3MiLCJUeXBlIjoiZW51bSgnQWxsJywnRXhjbHVzaXZlJykiLCJOdWxsIjoiTk8iLCJLZXkiOiIiLCJEZWZhdWx0IjoiRXhjbHVzaXZlIiwiRXh0cmEiOiIifSx7IkZpZWxkIjoiU2hvdyIsIlR5cGUiOiJlbnVtKCdZZXMnLCdObycpIiwiTnVsbCI6IllFUyIsIktleSI6IiIsIkRlZmF1bHQiOiJObyIsIkV4dHJhIjoiIn0seyJGaWVsZCI6Ikljb25QYXRoIiwiVHlwZSI6InZhcmNoYXIoMjU1KSIsIk51bGwiOiJZRVMiLCJLZXkiOiIiLCJEZWZhdWx0IjpudWxsLCJFeHRyYSI6IiJ9LHsiRmllbGQiOiJNZW51SWQiLCJUeXBlIjoiaW50KDYpIiwiTnVsbCI6IllFUyIsIktleSI6Ik1VTCIsIkRlZmF1bHQiOm51bGwsIkV4dHJhIjoiIn0seyJGaWVsZCI6IkFwcGxpY2F0aW9uSWQiLCJUeXBlIjoiYmlnaW50KDIwKSIsIk51bGwiOiJZRVMiLCJLZXkiOiJNVUwiLCJEZWZhdWx0IjpudWxsLCJFeHRyYSI6IiJ9LHsiRmllbGQiOiJNb2R1bGVQYXRoIiwiVHlwZSI6InZhcmNoYXIoMjU1KSIsIk51bGwiOiJZRVMiLCJLZXkiOiIiLCJEZWZhdWx0IjpudWxsLCJFeHRyYSI6IiJ9LHsiRmllbGQiOiJBa3NpSWQiLCJUeXBlIjoic21hbGxpbnQoNikiLCJOdWxsIjoiWUVTIiwiS2V5IjoiTVVMIiwiRGVmYXVsdCI6bnVsbCwiRXh0cmEiOiIifSx7IkZpZWxkIjoiTGFiZWxBa3NpIiwiVHlwZSI6InZhcmNoYXIoNTApIiwiTnVsbCI6IllFUyIsIktleSI6IiIsIkRlZmF1bHQiOm51bGwsIkV4dHJhIjoiIn0seyJGaWVsZCI6IkhpbnQiLCJUeXBlIjoidmFyY2hhcigxMDApIiwiTnVsbCI6IllFUyIsIktleSI6IiIsIkRlZmF1bHQiOm51bGwsIkV4dHJhIjoiIn0seyJGaWVsZCI6Ik5lZWRTc2wiLCJUeXBlIjoiZW51bSgnWWVzJywnTm8nKSIsIk51bGwiOiJZRVMiLCJLZXkiOiIiLCJEZWZhdWx0IjpudWxsLCJFeHRyYSI6IiJ9XSI7','2014-05-20 13:05:30'),('ts7rtn27lavqt2c0ovfkqlo3e2','dGFibGVfZ3Rmd19jb25maWdfYXZhaWxhYmxlfGE6MTp7aTowO2E6MTp7czozNToiVGFibGVzX2luX2d0ZndfcHVibGljIChndGZ3X2NvbmZpZykiO3M6MTE6Imd0ZndfY29uZmlnIjt9fWNoZWNrX2d0ZndfbWVudV90YWJsZXxhOjE6e2k6MDthOjE6e3M6MzM6IlRhYmxlc19pbl9ndGZ3X3B1YmxpYyAoZ3Rmd19tZW51KSI7czo5OiJndGZ3X21lbnUiO319bWVzc2VuZ2VyX3F1ZXVlfHM6MjQyOiJPOjEyOiJNZXNzYWdlUXVldWUiOjM6e3M6MzE6IgBNZXNzYWdlUXVldWUAbUN1cnJlbnRSZXF1ZXN0SWQiO2k6MTk7czoyODoiAE1lc3NhZ2VRdWV1ZQBtTmV4dFJlcXVlc3RJZCI7aToyMDtzOjIzOiIATWVzc2FnZVF1ZXVlAG1NZXNzYWdlcyI7YToxOntzOjgyOiIvbWVkaWEvd3d3L3d3dy9yaXNldC9hcHBfcHVibGljL21vZHVsZS9ndGZ3X21lbnUvcmVzcG9uc2UvVmlld01lbnUuaHRtbC5jbGFzcy5waHBfIjthOjA6e319fSI7c3RhcnRfa2V5fGk6MjAwMDEwNTA3MDttdWx0X2tleXxpOjcyNzU3MTk4NDthZGRfa2V5fGk6MTA2MzEwNDUwOTtpc19sb2dnZWRfaW58YjoxO3VzZXJuYW1lfHM6NToiYWRtaW4iO3NhbHR8aTozMzA4NTQwNjY7bG9naW5fc2FsdHxpOjMzMDg1NDA2NjtkZXNjcmliZV9ndGZ3X21vZHVsZXxzOjE1NzQ6Ilt7IkZpZWxkIjoiTW9kdWxlSWQiLCJUeXBlIjoiYmlnaW50KDIwKSB1bnNpZ25lZCIsIk51bGwiOiJOTyIsIktleSI6IlBSSSIsIkRlZmF1bHQiOm51bGwsIkV4dHJhIjoiYXV0b19pbmNyZW1lbnQifSx7IkZpZWxkIjoiTW9kdWxlIiwiVHlwZSI6InZhcmNoYXIoMTAwKSIsIk51bGwiOiJOTyIsIktleSI6IiIsIkRlZmF1bHQiOiIiLCJFeHRyYSI6IiJ9LHsiRmllbGQiOiJMYWJlbE1vZHVsZSIsIlR5cGUiOiJ2YXJjaGFyKDEwMCkiLCJOdWxsIjoiTk8iLCJLZXkiOiIiLCJEZWZhdWx0IjoiIiwiRXh0cmEiOiIifSx7IkZpZWxkIjoiU3ViTW9kdWxlIiwiVHlwZSI6InZhcmNoYXIoMTAwKSIsIk51bGwiOiJOTyIsIktleSI6IiIsIkRlZmF1bHQiOiIiLCJFeHRyYSI6IiJ9LHsiRmllbGQiOiJBY3Rpb24iLCJUeXBlIjoidmFyY2hhcigxMDApIiwiTnVsbCI6IllFUyIsIktleSI6IiIsIkRlZmF1bHQiOiJ2aWV3IiwiRXh0cmEiOiIifSx7IkZpZWxkIjoiVHlwZSIsIlR5cGUiOiJ2YXJjaGFyKDEwMCkiLCJOdWxsIjoiWUVTIiwiS2V5IjoiIiwiRGVmYXVsdCI6Imh0bWwiLCJFeHRyYSI6IiJ9LHsiRmllbGQiOiJEZXNjcmlwdGlvbiIsIlR5cGUiOiJ0ZXh0IiwiTnVsbCI6IllFUyIsIktleSI6IiIsIkRlZmF1bHQiOm51bGwsIkV4dHJhIjoiIn0seyJGaWVsZCI6IkFjY2VzcyIsIlR5cGUiOiJlbnVtKCdBbGwnLCdFeGNsdXNpdmUnKSIsIk51bGwiOiJOTyIsIktleSI6IiIsIkRlZmF1bHQiOiJFeGNsdXNpdmUiLCJFeHRyYSI6IiJ9LHsiRmllbGQiOiJTaG93IiwiVHlwZSI6ImVudW0oJ1llcycsJ05vJykiLCJOdWxsIjoiWUVTIiwiS2V5IjoiIiwiRGVmYXVsdCI6Ik5vIiwiRXh0cmEiOiIifSx7IkZpZWxkIjoiSWNvblBhdGgiLCJUeXBlIjoidmFyY2hhcigyNTUpIiwiTnVsbCI6IllFUyIsIktleSI6IiIsIkRlZmF1bHQiOm51bGwsIkV4dHJhIjoiIn0seyJGaWVsZCI6Ik1lbnVJZCIsIlR5cGUiOiJpbnQoNikiLCJOdWxsIjoiWUVTIiwiS2V5IjoiTVVMIiwiRGVmYXVsdCI6bnVsbCwiRXh0cmEiOiIifSx7IkZpZWxkIjoiQXBwbGljYXRpb25JZCIsIlR5cGUiOiJiaWdpbnQoMjApIiwiTnVsbCI6IllFUyIsIktleSI6Ik1VTCIsIkRlZmF1bHQiOm51bGwsIkV4dHJhIjoiIn0seyJGaWVsZCI6Ik1vZHVsZVBhdGgiLCJUeXBlIjoidmFyY2hhcigyNTUpIiwiTnVsbCI6IllFUyIsIktleSI6IiIsIkRlZmF1bHQiOm51bGwsIkV4dHJhIjoiIn0seyJGaWVsZCI6IkFrc2lJZCIsIlR5cGUiOiJzbWFsbGludCg2KSIsIk51bGwiOiJZRVMiLCJLZXkiOiJNVUwiLCJEZWZhdWx0IjpudWxsLCJFeHRyYSI6IiJ9LHsiRmllbGQiOiJMYWJlbEFrc2kiLCJUeXBlIjoidmFyY2hhcig1MCkiLCJOdWxsIjoiWUVTIiwiS2V5IjoiIiwiRGVmYXVsdCI6bnVsbCwiRXh0cmEiOiIifSx7IkZpZWxkIjoiSGludCIsIlR5cGUiOiJ2YXJjaGFyKDEwMCkiLCJOdWxsIjoiWUVTIiwiS2V5IjoiIiwiRGVmYXVsdCI6bnVsbCwiRXh0cmEiOiIifSx7IkZpZWxkIjoiTmVlZFNzbCIsIlR5cGUiOiJlbnVtKCdZZXMnLCdObycpIiwiTnVsbCI6IllFUyIsIktleSI6IiIsIkRlZmF1bHQiOm51bGwsIkV4dHJhIjoiIn1dIjtha3RpdmVfdXNlcl9ncm91cF9pZHxzOjI6IjYzIjthY2Nlc3NfbW9kdWxlfGE6Mzp7czoxMToibW9kdWxlQ291bnQiO3M6NDoiIjMzIiI7czo2OiJtb2R1bGUiO3M6MzQ4OiJ7ImxvZ2luX2RlZmF1bHRsb2dpbnZpZXdodG1sMjAwIjoiNzYyIiwibG9naW5fZGVmYXVsdGxvZ2luZG9odG1sMjAwIjoiNzU5IiwiaG9tZWhvbWV2aWV3aHRtbDIwMCI6IjAiLCJtZW51bWVudXZpZXdodG1sMjAwIjoiMCIsInRlc3RUZXN0Vmlld2h0bWwyMDAiOiIwIiwiZ3Rmd19tZW51TWVudVZpZXdodG1sMjAwIjoiMCIsInBhZ2luZ3BhZ2luZ3ZpZXdodG1sMjAwIjoiMCIsImd0ZndfbWVudWFkZHZpZXdodG1sMjAwIjoiMTc5NCIsImNvbWJvYm94Y29tYm9ib3h2aWV3aHRtbDIwMCI6IjAiLCJndGZ3X21lbnVtZW51dmlld2h0bWwyMDAiOiIxNzkzIiwiZ3Rmd19ncm91cEdyb3VwVmlld2h0bWwyMDAiOiIwIn0iO3M6NDoidXNlciI7czo3OiIiYWRtaW4iIjt9','2014-05-20 14:35:19'),('7hdd3j828dkcojqhf2cu980df7','dGFibGVfZ3Rmd19jb25maWdfYXZhaWxhYmxlfGE6MTp7aTowO2E6MTp7czozNToiVGFibGVzX2luX2d0ZndfcHVibGljIChndGZ3X2NvbmZpZykiO3M6MTE6Imd0ZndfY29uZmlnIjt9fWNoZWNrX2d0ZndfbWVudV90YWJsZXxhOjE6e2k6MDthOjE6e3M6MzM6IlRhYmxlc19pbl9ndGZ3X3B1YmxpYyAoZ3Rmd19tZW51KSI7czo5OiJndGZ3X21lbnUiO319bWVzc2VuZ2VyX3F1ZXVlfHM6MTQ0OiJPOjEyOiJNZXNzYWdlUXVldWUiOjM6e3M6MzE6IgBNZXNzYWdlUXVldWUAbUN1cnJlbnRSZXF1ZXN0SWQiO2k6MztzOjI4OiIATWVzc2FnZVF1ZXVlAG1OZXh0UmVxdWVzdElkIjtpOjQ7czoyMzoiAE1lc3NhZ2VRdWV1ZQBtTWVzc2FnZXMiO2E6MDp7fX0iO3N0YXJ0X2tleXxpOjEzNzA1NDM5NzA7bXVsdF9rZXl8aTo3NDAxODI4NDI7YWRkX2tleXxpOjY5OTA1MzE2NTtpc19sb2dnZWRfaW58YjoxO3VzZXJuYW1lfHM6NToiYWRtaW4iO3NhbHR8aToxNjMzMTg1MDQ0O2xvZ2luX3NhbHR8aToxNjMzMTg1MDQ0O2Rlc2NyaWJlX2d0ZndfbW9kdWxlfHM6MTU3NDoiW3siRmllbGQiOiJNb2R1bGVJZCIsIlR5cGUiOiJiaWdpbnQoMjApIHVuc2lnbmVkIiwiTnVsbCI6Ik5PIiwiS2V5IjoiUFJJIiwiRGVmYXVsdCI6bnVsbCwiRXh0cmEiOiJhdXRvX2luY3JlbWVudCJ9LHsiRmllbGQiOiJNb2R1bGUiLCJUeXBlIjoidmFyY2hhcigxMDApIiwiTnVsbCI6Ik5PIiwiS2V5IjoiIiwiRGVmYXVsdCI6IiIsIkV4dHJhIjoiIn0seyJGaWVsZCI6IkxhYmVsTW9kdWxlIiwiVHlwZSI6InZhcmNoYXIoMTAwKSIsIk51bGwiOiJOTyIsIktleSI6IiIsIkRlZmF1bHQiOiIiLCJFeHRyYSI6IiJ9LHsiRmllbGQiOiJTdWJNb2R1bGUiLCJUeXBlIjoidmFyY2hhcigxMDApIiwiTnVsbCI6Ik5PIiwiS2V5IjoiIiwiRGVmYXVsdCI6IiIsIkV4dHJhIjoiIn0seyJGaWVsZCI6IkFjdGlvbiIsIlR5cGUiOiJ2YXJjaGFyKDEwMCkiLCJOdWxsIjoiWUVTIiwiS2V5IjoiIiwiRGVmYXVsdCI6InZpZXciLCJFeHRyYSI6IiJ9LHsiRmllbGQiOiJUeXBlIiwiVHlwZSI6InZhcmNoYXIoMTAwKSIsIk51bGwiOiJZRVMiLCJLZXkiOiIiLCJEZWZhdWx0IjoiaHRtbCIsIkV4dHJhIjoiIn0seyJGaWVsZCI6IkRlc2NyaXB0aW9uIiwiVHlwZSI6InRleHQiLCJOdWxsIjoiWUVTIiwiS2V5IjoiIiwiRGVmYXVsdCI6bnVsbCwiRXh0cmEiOiIifSx7IkZpZWxkIjoiQWNjZXNzIiwiVHlwZSI6ImVudW0oJ0FsbCcsJ0V4Y2x1c2l2ZScpIiwiTnVsbCI6Ik5PIiwiS2V5IjoiIiwiRGVmYXVsdCI6IkV4Y2x1c2l2ZSIsIkV4dHJhIjoiIn0seyJGaWVsZCI6IlNob3ciLCJUeXBlIjoiZW51bSgnWWVzJywnTm8nKSIsIk51bGwiOiJZRVMiLCJLZXkiOiIiLCJEZWZhdWx0IjoiTm8iLCJFeHRyYSI6IiJ9LHsiRmllbGQiOiJJY29uUGF0aCIsIlR5cGUiOiJ2YXJjaGFyKDI1NSkiLCJOdWxsIjoiWUVTIiwiS2V5IjoiIiwiRGVmYXVsdCI6bnVsbCwiRXh0cmEiOiIifSx7IkZpZWxkIjoiTWVudUlkIiwiVHlwZSI6ImludCg2KSIsIk51bGwiOiJZRVMiLCJLZXkiOiJNVUwiLCJEZWZhdWx0IjpudWxsLCJFeHRyYSI6IiJ9LHsiRmllbGQiOiJBcHBsaWNhdGlvbklkIiwiVHlwZSI6ImJpZ2ludCgyMCkiLCJOdWxsIjoiWUVTIiwiS2V5IjoiTVVMIiwiRGVmYXVsdCI6bnVsbCwiRXh0cmEiOiIifSx7IkZpZWxkIjoiTW9kdWxlUGF0aCIsIlR5cGUiOiJ2YXJjaGFyKDI1NSkiLCJOdWxsIjoiWUVTIiwiS2V5IjoiIiwiRGVmYXVsdCI6bnVsbCwiRXh0cmEiOiIifSx7IkZpZWxkIjoiQWtzaUlkIiwiVHlwZSI6InNtYWxsaW50KDYpIiwiTnVsbCI6IllFUyIsIktleSI6Ik1VTCIsIkRlZmF1bHQiOm51bGwsIkV4dHJhIjoiIn0seyJGaWVsZCI6IkxhYmVsQWtzaSIsIlR5cGUiOiJ2YXJjaGFyKDUwKSIsIk51bGwiOiJZRVMiLCJLZXkiOiIiLCJEZWZhdWx0IjpudWxsLCJFeHRyYSI6IiJ9LHsiRmllbGQiOiJIaW50IiwiVHlwZSI6InZhcmNoYXIoMTAwKSIsIk51bGwiOiJZRVMiLCJLZXkiOiIiLCJEZWZhdWx0IjpudWxsLCJFeHRyYSI6IiJ9LHsiRmllbGQiOiJOZWVkU3NsIiwiVHlwZSI6ImVudW0oJ1llcycsJ05vJykiLCJOdWxsIjoiWUVTIiwiS2V5IjoiIiwiRGVmYXVsdCI6bnVsbCwiRXh0cmEiOiIifV0iO2FrdGl2ZV91c2VyX2dyb3VwX2lkfHM6MjoiNjMiO2FjY2Vzc19tb2R1bGV8YToyOntzOjY6Im1vZHVsZSI7czoxMzE6InsibG9naW5fZGVmYXVsdGxvZ2ludmlld2h0bWwyMDAiOiI3NjIiLCJsb2dpbl9kZWZhdWx0bG9naW5kb2h0bWwyMDAiOiI3NTkiLCJob21laG9tZXZpZXdodG1sMjAwIjoiNzU3IiwibWVudW1lbnV2aWV3aHRtbDIwMCI6Ijc2MyJ9IjtzOjQ6InVzZXIiO3M6NzoiImFkbWluIiI7fQ==','2014-05-23 10:42:52'),('0m9c1tpdak1q5hglaj4at2j992','dGFibGVfZ3Rmd19jb25maWdfYXZhaWxhYmxlfGE6MTp7aTowO2E6MTp7czozNToiVGFibGVzX2luX2d0ZndfcHVibGljIChndGZ3X2NvbmZpZykiO3M6MTE6Imd0ZndfY29uZmlnIjt9fWNoZWNrX2d0ZndfbWVudV90YWJsZXxhOjE6e2k6MDthOjE6e3M6MzM6IlRhYmxlc19pbl9ndGZ3X3B1YmxpYyAoZ3Rmd19tZW51KSI7czo5OiJndGZ3X21lbnUiO319bWVzc2VuZ2VyX3F1ZXVlfHM6MjQwOiJPOjEyOiJNZXNzYWdlUXVldWUiOjM6e3M6MzE6IgBNZXNzYWdlUXVldWUAbUN1cnJlbnRSZXF1ZXN0SWQiO2k6NTtzOjI4OiIATWVzc2FnZVF1ZXVlAG1OZXh0UmVxdWVzdElkIjtpOjY7czoyMzoiAE1lc3NhZ2VRdWV1ZQBtTWVzc2FnZXMiO2E6MTp7czo4MjoiL21lZGlhL3d3dy93d3cvcmlzZXQvYXBwX3B1YmxpYy9tb2R1bGUvZ3Rmd19tZW51L3Jlc3BvbnNlL1ZpZXdNZW51Lmh0bWwuY2xhc3MucGhwXyI7YTowOnt9fX0iO3N0YXJ0X2tleXxpOjY1NDI5MzI3NTttdWx0X2tleXxpOjM1NDY5ODUwMTthZGRfa2V5fGk6MTUxMzI0MjU3Mztpc19sb2dnZWRfaW58YjoxO3VzZXJuYW1lfHM6NToiYWRtaW4iO3NhbHR8aTo0NzQxODc3NDk7bG9naW5fc2FsdHxpOjQ3NDE4Nzc0OTtkZXNjcmliZV9ndGZ3X21vZHVsZXxzOjE1NzQ6Ilt7IkZpZWxkIjoiTW9kdWxlSWQiLCJUeXBlIjoiYmlnaW50KDIwKSB1bnNpZ25lZCIsIk51bGwiOiJOTyIsIktleSI6IlBSSSIsIkRlZmF1bHQiOm51bGwsIkV4dHJhIjoiYXV0b19pbmNyZW1lbnQifSx7IkZpZWxkIjoiTW9kdWxlIiwiVHlwZSI6InZhcmNoYXIoMTAwKSIsIk51bGwiOiJOTyIsIktleSI6IiIsIkRlZmF1bHQiOiIiLCJFeHRyYSI6IiJ9LHsiRmllbGQiOiJMYWJlbE1vZHVsZSIsIlR5cGUiOiJ2YXJjaGFyKDEwMCkiLCJOdWxsIjoiTk8iLCJLZXkiOiIiLCJEZWZhdWx0IjoiIiwiRXh0cmEiOiIifSx7IkZpZWxkIjoiU3ViTW9kdWxlIiwiVHlwZSI6InZhcmNoYXIoMTAwKSIsIk51bGwiOiJOTyIsIktleSI6IiIsIkRlZmF1bHQiOiIiLCJFeHRyYSI6IiJ9LHsiRmllbGQiOiJBY3Rpb24iLCJUeXBlIjoidmFyY2hhcigxMDApIiwiTnVsbCI6IllFUyIsIktleSI6IiIsIkRlZmF1bHQiOiJ2aWV3IiwiRXh0cmEiOiIifSx7IkZpZWxkIjoiVHlwZSIsIlR5cGUiOiJ2YXJjaGFyKDEwMCkiLCJOdWxsIjoiWUVTIiwiS2V5IjoiIiwiRGVmYXVsdCI6Imh0bWwiLCJFeHRyYSI6IiJ9LHsiRmllbGQiOiJEZXNjcmlwdGlvbiIsIlR5cGUiOiJ0ZXh0IiwiTnVsbCI6IllFUyIsIktleSI6IiIsIkRlZmF1bHQiOm51bGwsIkV4dHJhIjoiIn0seyJGaWVsZCI6IkFjY2VzcyIsIlR5cGUiOiJlbnVtKCdBbGwnLCdFeGNsdXNpdmUnKSIsIk51bGwiOiJOTyIsIktleSI6IiIsIkRlZmF1bHQiOiJFeGNsdXNpdmUiLCJFeHRyYSI6IiJ9LHsiRmllbGQiOiJTaG93IiwiVHlwZSI6ImVudW0oJ1llcycsJ05vJykiLCJOdWxsIjoiWUVTIiwiS2V5IjoiIiwiRGVmYXVsdCI6Ik5vIiwiRXh0cmEiOiIifSx7IkZpZWxkIjoiSWNvblBhdGgiLCJUeXBlIjoidmFyY2hhcigyNTUpIiwiTnVsbCI6IllFUyIsIktleSI6IiIsIkRlZmF1bHQiOm51bGwsIkV4dHJhIjoiIn0seyJGaWVsZCI6Ik1lbnVJZCIsIlR5cGUiOiJpbnQoNikiLCJOdWxsIjoiWUVTIiwiS2V5IjoiTVVMIiwiRGVmYXVsdCI6bnVsbCwiRXh0cmEiOiIifSx7IkZpZWxkIjoiQXBwbGljYXRpb25JZCIsIlR5cGUiOiJiaWdpbnQoMjApIiwiTnVsbCI6IllFUyIsIktleSI6Ik1VTCIsIkRlZmF1bHQiOm51bGwsIkV4dHJhIjoiIn0seyJGaWVsZCI6Ik1vZHVsZVBhdGgiLCJUeXBlIjoidmFyY2hhcigyNTUpIiwiTnVsbCI6IllFUyIsIktleSI6IiIsIkRlZmF1bHQiOm51bGwsIkV4dHJhIjoiIn0seyJGaWVsZCI6IkFrc2lJZCIsIlR5cGUiOiJzbWFsbGludCg2KSIsIk51bGwiOiJZRVMiLCJLZXkiOiJNVUwiLCJEZWZhdWx0IjpudWxsLCJFeHRyYSI6IiJ9LHsiRmllbGQiOiJMYWJlbEFrc2kiLCJUeXBlIjoidmFyY2hhcig1MCkiLCJOdWxsIjoiWUVTIiwiS2V5IjoiIiwiRGVmYXVsdCI6bnVsbCwiRXh0cmEiOiIifSx7IkZpZWxkIjoiSGludCIsIlR5cGUiOiJ2YXJjaGFyKDEwMCkiLCJOdWxsIjoiWUVTIiwiS2V5IjoiIiwiRGVmYXVsdCI6bnVsbCwiRXh0cmEiOiIifSx7IkZpZWxkIjoiTmVlZFNzbCIsIlR5cGUiOiJlbnVtKCdZZXMnLCdObycpIiwiTnVsbCI6IllFUyIsIktleSI6IiIsIkRlZmF1bHQiOm51bGwsIkV4dHJhIjoiIn1dIjtha3RpdmVfdXNlcl9ncm91cF9pZHxzOjI6IjYzIjthY2Nlc3NfbW9kdWxlfGE6Mzp7czoxMToibW9kdWxlQ291bnQiO3M6NDoiIjMzIiI7czo2OiJtb2R1bGUiO3M6MjI2OiJ7ImxvZ2luX2RlZmF1bHRsb2dpbnZpZXdodG1sMjAwIjoiNzYyIiwibG9naW5fZGVmYXVsdGxvZ2luZG9odG1sMjAwIjoiNzU5IiwiaG9tZWhvbWV2aWV3aHRtbDIwMCI6Ijc1NyIsIm1lbnVtZW51dmlld2h0bWwyMDAiOiI3NjMiLCJndGZ3X21lbnVNZW51Vmlld2h0bWwyMDAiOiIxNzkzIiwicGFnaW5ncGFnaW5ndmlld2h0bWwyMDAiOiI3NjUiLCJ0ZXN0VGVzdFZpZXdodG1sMjAwIjoiMTc5MiJ9IjtzOjQ6InVzZXIiO3M6NzoiImFkbWluIiI7fQ==','2014-05-23 16:24:18'),('ghu8nufh4vhod6u436hfsgiln2','dGFibGVfZ3Rmd19jb25maWdfYXZhaWxhYmxlfGE6MTp7aTowO2E6MTp7czozNToiVGFibGVzX2luX2d0ZndfcHVibGljIChndGZ3X2NvbmZpZykiO3M6MTE6Imd0ZndfY29uZmlnIjt9fWNoZWNrX2d0ZndfbWVudV90YWJsZXxhOjE6e2k6MDthOjE6e3M6MzM6IlRhYmxlc19pbl9ndGZ3X3B1YmxpYyAoZ3Rmd19tZW51KSI7czo5OiJndGZ3X21lbnUiO319bWVzc2VuZ2VyX3F1ZXVlfHM6MTQ2OiJPOjEyOiJNZXNzYWdlUXVldWUiOjM6e3M6MzE6IgBNZXNzYWdlUXVldWUAbUN1cnJlbnRSZXF1ZXN0SWQiO2k6OTA7czoyODoiAE1lc3NhZ2VRdWV1ZQBtTmV4dFJlcXVlc3RJZCI7aTo5MTtzOjIzOiIATWVzc2FnZVF1ZXVlAG1NZXNzYWdlcyI7YTowOnt9fSI7c3RhcnRfa2V5fGk6MTg4MDMwMDAxNjttdWx0X2tleXxpOjM2ODI5NzI3MjthZGRfa2V5fGk6MjExMDQwNjQ4Mztpc19sb2dnZWRfaW58YjoxO3VzZXJuYW1lfHM6NToiYWRtaW4iO3NhbHR8aToxNDYzMzI1ODMzO2xvZ2luX3NhbHR8aToxNDYzMzI1ODMzO2Rlc2NyaWJlX2d0ZndfbW9kdWxlfHM6MTU3NDoiW3siRmllbGQiOiJNb2R1bGVJZCIsIlR5cGUiOiJiaWdpbnQoMjApIHVuc2lnbmVkIiwiTnVsbCI6Ik5PIiwiS2V5IjoiUFJJIiwiRGVmYXVsdCI6bnVsbCwiRXh0cmEiOiJhdXRvX2luY3JlbWVudCJ9LHsiRmllbGQiOiJNb2R1bGUiLCJUeXBlIjoidmFyY2hhcigxMDApIiwiTnVsbCI6Ik5PIiwiS2V5IjoiIiwiRGVmYXVsdCI6IiIsIkV4dHJhIjoiIn0seyJGaWVsZCI6IkxhYmVsTW9kdWxlIiwiVHlwZSI6InZhcmNoYXIoMTAwKSIsIk51bGwiOiJOTyIsIktleSI6IiIsIkRlZmF1bHQiOiIiLCJFeHRyYSI6IiJ9LHsiRmllbGQiOiJTdWJNb2R1bGUiLCJUeXBlIjoidmFyY2hhcigxMDApIiwiTnVsbCI6Ik5PIiwiS2V5IjoiIiwiRGVmYXVsdCI6IiIsIkV4dHJhIjoiIn0seyJGaWVsZCI6IkFjdGlvbiIsIlR5cGUiOiJ2YXJjaGFyKDEwMCkiLCJOdWxsIjoiWUVTIiwiS2V5IjoiIiwiRGVmYXVsdCI6InZpZXciLCJFeHRyYSI6IiJ9LHsiRmllbGQiOiJUeXBlIiwiVHlwZSI6InZhcmNoYXIoMTAwKSIsIk51bGwiOiJZRVMiLCJLZXkiOiIiLCJEZWZhdWx0IjoiaHRtbCIsIkV4dHJhIjoiIn0seyJGaWVsZCI6IkRlc2NyaXB0aW9uIiwiVHlwZSI6InRleHQiLCJOdWxsIjoiWUVTIiwiS2V5IjoiIiwiRGVmYXVsdCI6bnVsbCwiRXh0cmEiOiIifSx7IkZpZWxkIjoiQWNjZXNzIiwiVHlwZSI6ImVudW0oJ0FsbCcsJ0V4Y2x1c2l2ZScpIiwiTnVsbCI6Ik5PIiwiS2V5IjoiIiwiRGVmYXVsdCI6IkV4Y2x1c2l2ZSIsIkV4dHJhIjoiIn0seyJGaWVsZCI6IlNob3ciLCJUeXBlIjoiZW51bSgnWWVzJywnTm8nKSIsIk51bGwiOiJZRVMiLCJLZXkiOiIiLCJEZWZhdWx0IjoiTm8iLCJFeHRyYSI6IiJ9LHsiRmllbGQiOiJJY29uUGF0aCIsIlR5cGUiOiJ2YXJjaGFyKDI1NSkiLCJOdWxsIjoiWUVTIiwiS2V5IjoiIiwiRGVmYXVsdCI6bnVsbCwiRXh0cmEiOiIifSx7IkZpZWxkIjoiTWVudUlkIiwiVHlwZSI6ImludCg2KSIsIk51bGwiOiJZRVMiLCJLZXkiOiJNVUwiLCJEZWZhdWx0IjpudWxsLCJFeHRyYSI6IiJ9LHsiRmllbGQiOiJBcHBsaWNhdGlvbklkIiwiVHlwZSI6ImJpZ2ludCgyMCkiLCJOdWxsIjoiWUVTIiwiS2V5IjoiTVVMIiwiRGVmYXVsdCI6bnVsbCwiRXh0cmEiOiIifSx7IkZpZWxkIjoiTW9kdWxlUGF0aCIsIlR5cGUiOiJ2YXJjaGFyKDI1NSkiLCJOdWxsIjoiWUVTIiwiS2V5IjoiIiwiRGVmYXVsdCI6bnVsbCwiRXh0cmEiOiIifSx7IkZpZWxkIjoiQWtzaUlkIiwiVHlwZSI6InNtYWxsaW50KDYpIiwiTnVsbCI6IllFUyIsIktleSI6Ik1VTCIsIkRlZmF1bHQiOm51bGwsIkV4dHJhIjoiIn0seyJGaWVsZCI6IkxhYmVsQWtzaSIsIlR5cGUiOiJ2YXJjaGFyKDUwKSIsIk51bGwiOiJZRVMiLCJLZXkiOiIiLCJEZWZhdWx0IjpudWxsLCJFeHRyYSI6IiJ9LHsiRmllbGQiOiJIaW50IiwiVHlwZSI6InZhcmNoYXIoMTAwKSIsIk51bGwiOiJZRVMiLCJLZXkiOiIiLCJEZWZhdWx0IjpudWxsLCJFeHRyYSI6IiJ9LHsiRmllbGQiOiJOZWVkU3NsIiwiVHlwZSI6ImVudW0oJ1llcycsJ05vJykiLCJOdWxsIjoiWUVTIiwiS2V5IjoiIiwiRGVmYXVsdCI6bnVsbCwiRXh0cmEiOiIifV0iO2FrdGl2ZV91c2VyX2dyb3VwX2lkfHM6MjoiNjMiO2FjY2Vzc19tb2R1bGV8YTozOntzOjExOiJtb2R1bGVDb3VudCI7czo0OiIiMzQiIjtzOjY6Im1vZHVsZSI7czo0NDg6InsibG9naW5fZGVmYXVsdGxvZ2ludmlld2h0bWwyMDAiOiIwIiwibG9naW5fZGVmYXVsdGxvZ2luZG9odG1sMjAwIjoiNzU5IiwiaG9tZWhvbWV2aWV3aHRtbDIwMCI6IjAiLCJtZW51bWVudXZpZXdodG1sMjAwIjoiMCIsInRlc3RUZXN0Vmlld2h0bWwyMDAiOiIwIiwiZ3Rmd19tb2R1bGVndGZ3TW9kdWxldmlld2h0bWwyMDAiOiIwIiwiZ3Rmd19tb2R1bGVndGZ3U3ViTW9kdWxldmlld2h0bWwyMDAiOiIwIiwiY29tYm9ib3hjb21ib2JveHZpZXdodG1sMjAwIjoiMCIsImd0ZndfZ3JvdXBHcm91cFZpZXdodG1sMjAwIjoiMTc3NyIsImd0ZndfZ3JvdXBpbnB1dEdyb3Vwdmlld2h0bWwyMDAiOiIxNzc4IiwiZ3Rmd19ncm91cHVwZGF0ZUdyb3VwZG9qc29uMjAwIjoiMTc3NiIsImd0ZndfZ3JvdXBncm91cHZpZXdodG1sMjAwIjoiMTc3NyIsInRlc3R0aW55bWNldmlld2h0bWwyMDAiOiIwIn0iO3M6NDoidXNlciI7czo3OiIiYWRtaW4iIjt9','2014-05-26 11:16:57'),('9ug82p7r7251aboeuaadrme3g2','dGFibGVfZ3Rmd19jb25maWdfYXZhaWxhYmxlfGE6MTp7aTowO2E6MTp7czozNToiVGFibGVzX2luX2d0ZndfcHVibGljIChndGZ3X2NvbmZpZykiO3M6MTE6Imd0ZndfY29uZmlnIjt9fWNoZWNrX2d0ZndfbWVudV90YWJsZXxhOjE6e2k6MDthOjE6e3M6MzM6IlRhYmxlc19pbl9ndGZ3X3B1YmxpYyAoZ3Rmd19tZW51KSI7czo5OiJndGZ3X21lbnUiO319bWVzc2VuZ2VyX3F1ZXVlfHM6MTQ0OiJPOjEyOiJNZXNzYWdlUXVldWUiOjM6e3M6MzE6IgBNZXNzYWdlUXVldWUAbUN1cnJlbnRSZXF1ZXN0SWQiO2k6NTtzOjI4OiIATWVzc2FnZVF1ZXVlAG1OZXh0UmVxdWVzdElkIjtpOjY7czoyMzoiAE1lc3NhZ2VRdWV1ZQBtTWVzc2FnZXMiO2E6MDp7fX0iO3N0YXJ0X2tleXxpOjE2Mjg3OTEyNDU7bXVsdF9rZXl8aTo0MzU3NTkwMDI7YWRkX2tleXxpOjIwNzA2MDgyMzg7aXNfbG9nZ2VkX2lufGI6MTt1c2VybmFtZXxzOjU6ImFkbWluIjtzYWx0fGk6MjA1NzcxMTE2NDtsb2dpbl9zYWx0fGk6MjA1NzcxMTE2NDtkZXNjcmliZV9ndGZ3X21vZHVsZXxzOjE1NzQ6Ilt7IkZpZWxkIjoiTW9kdWxlSWQiLCJUeXBlIjoiYmlnaW50KDIwKSB1bnNpZ25lZCIsIk51bGwiOiJOTyIsIktleSI6IlBSSSIsIkRlZmF1bHQiOm51bGwsIkV4dHJhIjoiYXV0b19pbmNyZW1lbnQifSx7IkZpZWxkIjoiTW9kdWxlIiwiVHlwZSI6InZhcmNoYXIoMTAwKSIsIk51bGwiOiJOTyIsIktleSI6IiIsIkRlZmF1bHQiOiIiLCJFeHRyYSI6IiJ9LHsiRmllbGQiOiJMYWJlbE1vZHVsZSIsIlR5cGUiOiJ2YXJjaGFyKDEwMCkiLCJOdWxsIjoiTk8iLCJLZXkiOiIiLCJEZWZhdWx0IjoiIiwiRXh0cmEiOiIifSx7IkZpZWxkIjoiU3ViTW9kdWxlIiwiVHlwZSI6InZhcmNoYXIoMTAwKSIsIk51bGwiOiJOTyIsIktleSI6IiIsIkRlZmF1bHQiOiIiLCJFeHRyYSI6IiJ9LHsiRmllbGQiOiJBY3Rpb24iLCJUeXBlIjoidmFyY2hhcigxMDApIiwiTnVsbCI6IllFUyIsIktleSI6IiIsIkRlZmF1bHQiOiJ2aWV3IiwiRXh0cmEiOiIifSx7IkZpZWxkIjoiVHlwZSIsIlR5cGUiOiJ2YXJjaGFyKDEwMCkiLCJOdWxsIjoiWUVTIiwiS2V5IjoiIiwiRGVmYXVsdCI6Imh0bWwiLCJFeHRyYSI6IiJ9LHsiRmllbGQiOiJEZXNjcmlwdGlvbiIsIlR5cGUiOiJ0ZXh0IiwiTnVsbCI6IllFUyIsIktleSI6IiIsIkRlZmF1bHQiOm51bGwsIkV4dHJhIjoiIn0seyJGaWVsZCI6IkFjY2VzcyIsIlR5cGUiOiJlbnVtKCdBbGwnLCdFeGNsdXNpdmUnKSIsIk51bGwiOiJOTyIsIktleSI6IiIsIkRlZmF1bHQiOiJFeGNsdXNpdmUiLCJFeHRyYSI6IiJ9LHsiRmllbGQiOiJTaG93IiwiVHlwZSI6ImVudW0oJ1llcycsJ05vJykiLCJOdWxsIjoiWUVTIiwiS2V5IjoiIiwiRGVmYXVsdCI6Ik5vIiwiRXh0cmEiOiIifSx7IkZpZWxkIjoiSWNvblBhdGgiLCJUeXBlIjoidmFyY2hhcigyNTUpIiwiTnVsbCI6IllFUyIsIktleSI6IiIsIkRlZmF1bHQiOm51bGwsIkV4dHJhIjoiIn0seyJGaWVsZCI6Ik1lbnVJZCIsIlR5cGUiOiJpbnQoNikiLCJOdWxsIjoiWUVTIiwiS2V5IjoiTVVMIiwiRGVmYXVsdCI6bnVsbCwiRXh0cmEiOiIifSx7IkZpZWxkIjoiQXBwbGljYXRpb25JZCIsIlR5cGUiOiJiaWdpbnQoMjApIiwiTnVsbCI6IllFUyIsIktleSI6Ik1VTCIsIkRlZmF1bHQiOm51bGwsIkV4dHJhIjoiIn0seyJGaWVsZCI6Ik1vZHVsZVBhdGgiLCJUeXBlIjoidmFyY2hhcigyNTUpIiwiTnVsbCI6IllFUyIsIktleSI6IiIsIkRlZmF1bHQiOm51bGwsIkV4dHJhIjoiIn0seyJGaWVsZCI6IkFrc2lJZCIsIlR5cGUiOiJzbWFsbGludCg2KSIsIk51bGwiOiJZRVMiLCJLZXkiOiJNVUwiLCJEZWZhdWx0IjpudWxsLCJFeHRyYSI6IiJ9LHsiRmllbGQiOiJMYWJlbEFrc2kiLCJUeXBlIjoidmFyY2hhcig1MCkiLCJOdWxsIjoiWUVTIiwiS2V5IjoiIiwiRGVmYXVsdCI6bnVsbCwiRXh0cmEiOiIifSx7IkZpZWxkIjoiSGludCIsIlR5cGUiOiJ2YXJjaGFyKDEwMCkiLCJOdWxsIjoiWUVTIiwiS2V5IjoiIiwiRGVmYXVsdCI6bnVsbCwiRXh0cmEiOiIifSx7IkZpZWxkIjoiTmVlZFNzbCIsIlR5cGUiOiJlbnVtKCdZZXMnLCdObycpIiwiTnVsbCI6IllFUyIsIktleSI6IiIsIkRlZmF1bHQiOm51bGwsIkV4dHJhIjoiIn1dIjtha3RpdmVfdXNlcl9ncm91cF9pZHxzOjI6IjYzIjthY2Nlc3NfbW9kdWxlfGE6Mzp7czoxMToibW9kdWxlQ291bnQiO3M6NDoiIjM0IiI7czo2OiJtb2R1bGUiO3M6MTYwOiJ7ImxvZ2luX2RlZmF1bHRsb2dpbnZpZXdodG1sMjAwIjoiNzYyIiwibG9naW5fZGVmYXVsdGxvZ2luZG9odG1sMjAwIjoiNzU5IiwiaG9tZWhvbWV2aWV3aHRtbDIwMCI6Ijc1NyIsIm1lbnVtZW51dmlld2h0bWwyMDAiOiI3NjMiLCJ0ZXN0VGVzdFZpZXdodG1sMjAwIjoiMTc5MiJ9IjtzOjQ6InVzZXIiO3M6NzoiImFkbWluIiI7fQ==','2014-05-28 14:59:51'),('qqk0lbnk2nmsbblhiq5n04jsi2','dGFibGVfZ3Rmd19jb25maWdfYXZhaWxhYmxlfGE6MTp7aTowO2E6MTp7czozNToiVGFibGVzX2luX2d0ZndfcHVibGljIChndGZ3X2NvbmZpZykiO3M6MTE6Imd0ZndfY29uZmlnIjt9fWNoZWNrX2d0ZndfbWVudV90YWJsZXxhOjE6e2k6MDthOjE6e3M6MzM6IlRhYmxlc19pbl9ndGZ3X3B1YmxpYyAoZ3Rmd19tZW51KSI7czo5OiJndGZ3X21lbnUiO319bWVzc2VuZ2VyX3F1ZXVlfHM6MjQyOiJPOjEyOiJNZXNzYWdlUXVldWUiOjM6e3M6MzE6IgBNZXNzYWdlUXVldWUAbUN1cnJlbnRSZXF1ZXN0SWQiO2k6MTY7czoyODoiAE1lc3NhZ2VRdWV1ZQBtTmV4dFJlcXVlc3RJZCI7aToxNztzOjIzOiIATWVzc2FnZVF1ZXVlAG1NZXNzYWdlcyI7YToxOntzOjgyOiIvbWVkaWEvd3d3L3d3dy9yaXNldC9hcHBfcHVibGljL21vZHVsZS9ndGZ3X21lbnUvcmVzcG9uc2UvVmlld01lbnUuaHRtbC5jbGFzcy5waHBfIjthOjA6e319fSI7c3RhcnRfa2V5fGk6MTI3ODU1NzI2NjttdWx0X2tleXxpOjIxMTY5NzM2ODM7YWRkX2tleXxpOjM0ODYxMzgwODtpc19sb2dnZWRfaW58YjoxO3VzZXJuYW1lfHM6NToiYWRtaW4iO3NhbHR8aToxMTY2NDk2MjA5O2xvZ2luX3NhbHR8aToxMTY2NDk2MjA5O2Rlc2NyaWJlX2d0ZndfbW9kdWxlfHM6MTU3NDoiW3siRmllbGQiOiJNb2R1bGVJZCIsIlR5cGUiOiJiaWdpbnQoMjApIHVuc2lnbmVkIiwiTnVsbCI6Ik5PIiwiS2V5IjoiUFJJIiwiRGVmYXVsdCI6bnVsbCwiRXh0cmEiOiJhdXRvX2luY3JlbWVudCJ9LHsiRmllbGQiOiJNb2R1bGUiLCJUeXBlIjoidmFyY2hhcigxMDApIiwiTnVsbCI6Ik5PIiwiS2V5IjoiIiwiRGVmYXVsdCI6IiIsIkV4dHJhIjoiIn0seyJGaWVsZCI6IkxhYmVsTW9kdWxlIiwiVHlwZSI6InZhcmNoYXIoMTAwKSIsIk51bGwiOiJOTyIsIktleSI6IiIsIkRlZmF1bHQiOiIiLCJFeHRyYSI6IiJ9LHsiRmllbGQiOiJTdWJNb2R1bGUiLCJUeXBlIjoidmFyY2hhcigxMDApIiwiTnVsbCI6Ik5PIiwiS2V5IjoiIiwiRGVmYXVsdCI6IiIsIkV4dHJhIjoiIn0seyJGaWVsZCI6IkFjdGlvbiIsIlR5cGUiOiJ2YXJjaGFyKDEwMCkiLCJOdWxsIjoiWUVTIiwiS2V5IjoiIiwiRGVmYXVsdCI6InZpZXciLCJFeHRyYSI6IiJ9LHsiRmllbGQiOiJUeXBlIiwiVHlwZSI6InZhcmNoYXIoMTAwKSIsIk51bGwiOiJZRVMiLCJLZXkiOiIiLCJEZWZhdWx0IjoiaHRtbCIsIkV4dHJhIjoiIn0seyJGaWVsZCI6IkRlc2NyaXB0aW9uIiwiVHlwZSI6InRleHQiLCJOdWxsIjoiWUVTIiwiS2V5IjoiIiwiRGVmYXVsdCI6bnVsbCwiRXh0cmEiOiIifSx7IkZpZWxkIjoiQWNjZXNzIiwiVHlwZSI6ImVudW0oJ0FsbCcsJ0V4Y2x1c2l2ZScpIiwiTnVsbCI6Ik5PIiwiS2V5IjoiIiwiRGVmYXVsdCI6IkV4Y2x1c2l2ZSIsIkV4dHJhIjoiIn0seyJGaWVsZCI6IlNob3ciLCJUeXBlIjoiZW51bSgnWWVzJywnTm8nKSIsIk51bGwiOiJZRVMiLCJLZXkiOiIiLCJEZWZhdWx0IjoiTm8iLCJFeHRyYSI6IiJ9LHsiRmllbGQiOiJJY29uUGF0aCIsIlR5cGUiOiJ2YXJjaGFyKDI1NSkiLCJOdWxsIjoiWUVTIiwiS2V5IjoiIiwiRGVmYXVsdCI6bnVsbCwiRXh0cmEiOiIifSx7IkZpZWxkIjoiTWVudUlkIiwiVHlwZSI6ImludCg2KSIsIk51bGwiOiJZRVMiLCJLZXkiOiJNVUwiLCJEZWZhdWx0IjpudWxsLCJFeHRyYSI6IiJ9LHsiRmllbGQiOiJBcHBsaWNhdGlvbklkIiwiVHlwZSI6ImJpZ2ludCgyMCkiLCJOdWxsIjoiWUVTIiwiS2V5IjoiTVVMIiwiRGVmYXVsdCI6bnVsbCwiRXh0cmEiOiIifSx7IkZpZWxkIjoiTW9kdWxlUGF0aCIsIlR5cGUiOiJ2YXJjaGFyKDI1NSkiLCJOdWxsIjoiWUVTIiwiS2V5IjoiIiwiRGVmYXVsdCI6bnVsbCwiRXh0cmEiOiIifSx7IkZpZWxkIjoiQWtzaUlkIiwiVHlwZSI6InNtYWxsaW50KDYpIiwiTnVsbCI6IllFUyIsIktleSI6Ik1VTCIsIkRlZmF1bHQiOm51bGwsIkV4dHJhIjoiIn0seyJGaWVsZCI6IkxhYmVsQWtzaSIsIlR5cGUiOiJ2YXJjaGFyKDUwKSIsIk51bGwiOiJZRVMiLCJLZXkiOiIiLCJEZWZhdWx0IjpudWxsLCJFeHRyYSI6IiJ9LHsiRmllbGQiOiJIaW50IiwiVHlwZSI6InZhcmNoYXIoMTAwKSIsIk51bGwiOiJZRVMiLCJLZXkiOiIiLCJEZWZhdWx0IjpudWxsLCJFeHRyYSI6IiJ9LHsiRmllbGQiOiJOZWVkU3NsIiwiVHlwZSI6ImVudW0oJ1llcycsJ05vJykiLCJOdWxsIjoiWUVTIiwiS2V5IjoiIiwiRGVmYXVsdCI6bnVsbCwiRXh0cmEiOiIifV0iO2FrdGl2ZV91c2VyX2dyb3VwX2lkfHM6MjoiNjMiO2FjY2Vzc19tb2R1bGV8YTozOntzOjExOiJtb2R1bGVDb3VudCI7czo0OiIiMzQiIjtzOjY6Im1vZHVsZSI7czoyNDk6InsibG9naW5fZGVmYXVsdGxvZ2ludmlld2h0bWwyMDAiOiIwIiwibG9naW5fZGVmYXVsdGxvZ2luZG9odG1sMjAwIjoiNzU5IiwiaG9tZWhvbWV2aWV3aHRtbDIwMCI6Ijc1NyIsIm1lbnVtZW51dmlld2h0bWwyMDAiOiI3NjMiLCJ0ZXN0VGVzdFZpZXdodG1sMjAwIjoiMCIsImd0ZndfbWVudU1lbnVWaWV3aHRtbDIwMCI6IjAiLCJwYWdpbmdwYWdpbmd2aWV3aHRtbDIwMCI6IjAiLCJndGZ3X2dyb3VwR3JvdXBWaWV3aHRtbDIwMCI6IjAifSI7czo0OiJ1c2VyIjtzOjc6IiJhZG1pbiIiO30=','2014-05-28 11:35:46'),('pu8n7bnj6ocdlcbnklpm8ogf23','dGFibGVfZ3Rmd19jb25maWdfYXZhaWxhYmxlfGE6MTp7aTowO2E6MTp7czozNToiVGFibGVzX2luX2d0ZndfcHVibGljIChndGZ3X2NvbmZpZykiO3M6MTE6Imd0ZndfY29uZmlnIjt9fWNoZWNrX2d0ZndfbWVudV90YWJsZXxhOjE6e2k6MDthOjE6e3M6MzM6IlRhYmxlc19pbl9ndGZ3X3B1YmxpYyAoZ3Rmd19tZW51KSI7czo5OiJndGZ3X21lbnUiO319bWVzc2VuZ2VyX3F1ZXVlfHM6MTQ2OiJPOjEyOiJNZXNzYWdlUXVldWUiOjM6e3M6MzE6IgBNZXNzYWdlUXVldWUAbUN1cnJlbnRSZXF1ZXN0SWQiO2k6MTA7czoyODoiAE1lc3NhZ2VRdWV1ZQBtTmV4dFJlcXVlc3RJZCI7aToxMTtzOjIzOiIATWVzc2FnZVF1ZXVlAG1NZXNzYWdlcyI7YTowOnt9fSI7c3RhcnRfa2V5fGk6MTAzNTk0MTI2ODttdWx0X2tleXxpOjY0MjY5MTczMTthZGRfa2V5fGk6NzczNTU0NjgyO2lzX2xvZ2dlZF9pbnxiOjE7dXNlcm5hbWV8czo1OiJhZG1pbiI7c2FsdHxpOjE1NDUxNzcwMDM7bG9naW5fc2FsdHxpOjE1NDUxNzcwMDM7ZGVzY3JpYmVfZ3Rmd19tb2R1bGV8czoxNTc0OiJbeyJGaWVsZCI6Ik1vZHVsZUlkIiwiVHlwZSI6ImJpZ2ludCgyMCkgdW5zaWduZWQiLCJOdWxsIjoiTk8iLCJLZXkiOiJQUkkiLCJEZWZhdWx0IjpudWxsLCJFeHRyYSI6ImF1dG9faW5jcmVtZW50In0seyJGaWVsZCI6Ik1vZHVsZSIsIlR5cGUiOiJ2YXJjaGFyKDEwMCkiLCJOdWxsIjoiTk8iLCJLZXkiOiIiLCJEZWZhdWx0IjoiIiwiRXh0cmEiOiIifSx7IkZpZWxkIjoiTGFiZWxNb2R1bGUiLCJUeXBlIjoidmFyY2hhcigxMDApIiwiTnVsbCI6Ik5PIiwiS2V5IjoiIiwiRGVmYXVsdCI6IiIsIkV4dHJhIjoiIn0seyJGaWVsZCI6IlN1Yk1vZHVsZSIsIlR5cGUiOiJ2YXJjaGFyKDEwMCkiLCJOdWxsIjoiTk8iLCJLZXkiOiIiLCJEZWZhdWx0IjoiIiwiRXh0cmEiOiIifSx7IkZpZWxkIjoiQWN0aW9uIiwiVHlwZSI6InZhcmNoYXIoMTAwKSIsIk51bGwiOiJZRVMiLCJLZXkiOiIiLCJEZWZhdWx0IjoidmlldyIsIkV4dHJhIjoiIn0seyJGaWVsZCI6IlR5cGUiLCJUeXBlIjoidmFyY2hhcigxMDApIiwiTnVsbCI6IllFUyIsIktleSI6IiIsIkRlZmF1bHQiOiJodG1sIiwiRXh0cmEiOiIifSx7IkZpZWxkIjoiRGVzY3JpcHRpb24iLCJUeXBlIjoidGV4dCIsIk51bGwiOiJZRVMiLCJLZXkiOiIiLCJEZWZhdWx0IjpudWxsLCJFeHRyYSI6IiJ9LHsiRmllbGQiOiJBY2Nlc3MiLCJUeXBlIjoiZW51bSgnQWxsJywnRXhjbHVzaXZlJykiLCJOdWxsIjoiTk8iLCJLZXkiOiIiLCJEZWZhdWx0IjoiRXhjbHVzaXZlIiwiRXh0cmEiOiIifSx7IkZpZWxkIjoiU2hvdyIsIlR5cGUiOiJlbnVtKCdZZXMnLCdObycpIiwiTnVsbCI6IllFUyIsIktleSI6IiIsIkRlZmF1bHQiOiJObyIsIkV4dHJhIjoiIn0seyJGaWVsZCI6Ikljb25QYXRoIiwiVHlwZSI6InZhcmNoYXIoMjU1KSIsIk51bGwiOiJZRVMiLCJLZXkiOiIiLCJEZWZhdWx0IjpudWxsLCJFeHRyYSI6IiJ9LHsiRmllbGQiOiJNZW51SWQiLCJUeXBlIjoiaW50KDYpIiwiTnVsbCI6IllFUyIsIktleSI6Ik1VTCIsIkRlZmF1bHQiOm51bGwsIkV4dHJhIjoiIn0seyJGaWVsZCI6IkFwcGxpY2F0aW9uSWQiLCJUeXBlIjoiYmlnaW50KDIwKSIsIk51bGwiOiJZRVMiLCJLZXkiOiJNVUwiLCJEZWZhdWx0IjpudWxsLCJFeHRyYSI6IiJ9LHsiRmllbGQiOiJNb2R1bGVQYXRoIiwiVHlwZSI6InZhcmNoYXIoMjU1KSIsIk51bGwiOiJZRVMiLCJLZXkiOiIiLCJEZWZhdWx0IjpudWxsLCJFeHRyYSI6IiJ9LHsiRmllbGQiOiJBa3NpSWQiLCJUeXBlIjoic21hbGxpbnQoNikiLCJOdWxsIjoiWUVTIiwiS2V5IjoiTVVMIiwiRGVmYXVsdCI6bnVsbCwiRXh0cmEiOiIifSx7IkZpZWxkIjoiTGFiZWxBa3NpIiwiVHlwZSI6InZhcmNoYXIoNTApIiwiTnVsbCI6IllFUyIsIktleSI6IiIsIkRlZmF1bHQiOm51bGwsIkV4dHJhIjoiIn0seyJGaWVsZCI6IkhpbnQiLCJUeXBlIjoidmFyY2hhcigxMDApIiwiTnVsbCI6IllFUyIsIktleSI6IiIsIkRlZmF1bHQiOm51bGwsIkV4dHJhIjoiIn0seyJGaWVsZCI6Ik5lZWRTc2wiLCJUeXBlIjoiZW51bSgnWWVzJywnTm8nKSIsIk51bGwiOiJZRVMiLCJLZXkiOiIiLCJEZWZhdWx0IjpudWxsLCJFeHRyYSI6IiJ9XSI7YWt0aXZlX3VzZXJfZ3JvdXBfaWR8czoyOiI2MyI7YWNjZXNzX21vZHVsZXxhOjM6e3M6MTE6Im1vZHVsZUNvdW50IjtzOjQ6IiIzNCIiO3M6NjoibW9kdWxlIjtzOjMzMzoieyJsb2dpbl9kZWZhdWx0bG9naW52aWV3aHRtbDIwMCI6Ijc2MiIsImxvZ2luX2RlZmF1bHRsb2dpbmRvaHRtbDIwMCI6Ijc1OSIsImhvbWVob21ldmlld2h0bWwyMDAiOiI3NTciLCJtZW51bWVudXZpZXdodG1sMjAwIjoiNzYzIiwidGVzdFRlc3RWaWV3aHRtbDIwMCI6IjE3OTIiLCJndGZ3X21lbnVNZW51Vmlld2h0bWwyMDAiOiIxNzkzIiwicGFnaW5ncGFnaW5ndmlld2h0bWwyMDAiOiIwIiwiZ3Rmd19ncm91cEdyb3VwVmlld2h0bWwyMDAiOiIxNzc3IiwiZ3Rmd19tb2R1bGVndGZ3TW9kdWxldmlld2h0bWwyMDAiOiIwIiwiZ3Rmd191c2VyVXNlclZpZXdodG1sMjAwIjoiMTc5MCJ9IjtzOjQ6InVzZXIiO3M6NzoiImFkbWluIiI7fQ==','2014-05-30 08:29:47'),('o5aa24au8s2of8te36jp2c7fv0','dGFibGVfZ3Rmd19jb25maWdfYXZhaWxhYmxlfGE6MTp7aTowO2E6MTp7czozNToiVGFibGVzX2luX2d0ZndfcHVibGljIChndGZ3X2NvbmZpZykiO3M6MTE6Imd0ZndfY29uZmlnIjt9fWNoZWNrX2d0ZndfbWVudV90YWJsZXxhOjE6e2k6MDthOjE6e3M6MzM6IlRhYmxlc19pbl9ndGZ3X3B1YmxpYyAoZ3Rmd19tZW51KSI7czo5OiJndGZ3X21lbnUiO319bWVzc2VuZ2VyX3F1ZXVlfHM6MTQ2OiJPOjEyOiJNZXNzYWdlUXVldWUiOjM6e3M6MzE6IgBNZXNzYWdlUXVldWUAbUN1cnJlbnRSZXF1ZXN0SWQiO2k6MTQ7czoyODoiAE1lc3NhZ2VRdWV1ZQBtTmV4dFJlcXVlc3RJZCI7aToxNTtzOjIzOiIATWVzc2FnZVF1ZXVlAG1NZXNzYWdlcyI7YTowOnt9fSI7c3RhcnRfa2V5fGk6NDkzNTI3NTgyO211bHRfa2V5fGk6MTY0NTMwNDYzOTthZGRfa2V5fGk6MTM5MDI1MDk0Mjtpc19sb2dnZWRfaW58YjoxO3VzZXJuYW1lfHM6NToiYWRtaW4iO3NhbHR8aToxNDMwMjA2MTk7bG9naW5fc2FsdHxpOjE0MzAyMDYxOTtkZXNjcmliZV9ndGZ3X21vZHVsZXxzOjE1NzQ6Ilt7IkZpZWxkIjoiTW9kdWxlSWQiLCJUeXBlIjoiYmlnaW50KDIwKSB1bnNpZ25lZCIsIk51bGwiOiJOTyIsIktleSI6IlBSSSIsIkRlZmF1bHQiOm51bGwsIkV4dHJhIjoiYXV0b19pbmNyZW1lbnQifSx7IkZpZWxkIjoiTW9kdWxlIiwiVHlwZSI6InZhcmNoYXIoMTAwKSIsIk51bGwiOiJOTyIsIktleSI6IiIsIkRlZmF1bHQiOiIiLCJFeHRyYSI6IiJ9LHsiRmllbGQiOiJMYWJlbE1vZHVsZSIsIlR5cGUiOiJ2YXJjaGFyKDEwMCkiLCJOdWxsIjoiTk8iLCJLZXkiOiIiLCJEZWZhdWx0IjoiIiwiRXh0cmEiOiIifSx7IkZpZWxkIjoiU3ViTW9kdWxlIiwiVHlwZSI6InZhcmNoYXIoMTAwKSIsIk51bGwiOiJOTyIsIktleSI6IiIsIkRlZmF1bHQiOiIiLCJFeHRyYSI6IiJ9LHsiRmllbGQiOiJBY3Rpb24iLCJUeXBlIjoidmFyY2hhcigxMDApIiwiTnVsbCI6IllFUyIsIktleSI6IiIsIkRlZmF1bHQiOiJ2aWV3IiwiRXh0cmEiOiIifSx7IkZpZWxkIjoiVHlwZSIsIlR5cGUiOiJ2YXJjaGFyKDEwMCkiLCJOdWxsIjoiWUVTIiwiS2V5IjoiIiwiRGVmYXVsdCI6Imh0bWwiLCJFeHRyYSI6IiJ9LHsiRmllbGQiOiJEZXNjcmlwdGlvbiIsIlR5cGUiOiJ0ZXh0IiwiTnVsbCI6IllFUyIsIktleSI6IiIsIkRlZmF1bHQiOm51bGwsIkV4dHJhIjoiIn0seyJGaWVsZCI6IkFjY2VzcyIsIlR5cGUiOiJlbnVtKCdBbGwnLCdFeGNsdXNpdmUnKSIsIk51bGwiOiJOTyIsIktleSI6IiIsIkRlZmF1bHQiOiJFeGNsdXNpdmUiLCJFeHRyYSI6IiJ9LHsiRmllbGQiOiJTaG93IiwiVHlwZSI6ImVudW0oJ1llcycsJ05vJykiLCJOdWxsIjoiWUVTIiwiS2V5IjoiIiwiRGVmYXVsdCI6Ik5vIiwiRXh0cmEiOiIifSx7IkZpZWxkIjoiSWNvblBhdGgiLCJUeXBlIjoidmFyY2hhcigyNTUpIiwiTnVsbCI6IllFUyIsIktleSI6IiIsIkRlZmF1bHQiOm51bGwsIkV4dHJhIjoiIn0seyJGaWVsZCI6Ik1lbnVJZCIsIlR5cGUiOiJpbnQoNikiLCJOdWxsIjoiWUVTIiwiS2V5IjoiTVVMIiwiRGVmYXVsdCI6bnVsbCwiRXh0cmEiOiIifSx7IkZpZWxkIjoiQXBwbGljYXRpb25JZCIsIlR5cGUiOiJiaWdpbnQoMjApIiwiTnVsbCI6IllFUyIsIktleSI6Ik1VTCIsIkRlZmF1bHQiOm51bGwsIkV4dHJhIjoiIn0seyJGaWVsZCI6Ik1vZHVsZVBhdGgiLCJUeXBlIjoidmFyY2hhcigyNTUpIiwiTnVsbCI6IllFUyIsIktleSI6IiIsIkRlZmF1bHQiOm51bGwsIkV4dHJhIjoiIn0seyJGaWVsZCI6IkFrc2lJZCIsIlR5cGUiOiJzbWFsbGludCg2KSIsIk51bGwiOiJZRVMiLCJLZXkiOiJNVUwiLCJEZWZhdWx0IjpudWxsLCJFeHRyYSI6IiJ9LHsiRmllbGQiOiJMYWJlbEFrc2kiLCJUeXBlIjoidmFyY2hhcig1MCkiLCJOdWxsIjoiWUVTIiwiS2V5IjoiIiwiRGVmYXVsdCI6bnVsbCwiRXh0cmEiOiIifSx7IkZpZWxkIjoiSGludCIsIlR5cGUiOiJ2YXJjaGFyKDEwMCkiLCJOdWxsIjoiWUVTIiwiS2V5IjoiIiwiRGVmYXVsdCI6bnVsbCwiRXh0cmEiOiIifSx7IkZpZWxkIjoiTmVlZFNzbCIsIlR5cGUiOiJlbnVtKCdZZXMnLCdObycpIiwiTnVsbCI6IllFUyIsIktleSI6IiIsIkRlZmF1bHQiOm51bGwsIkV4dHJhIjoiIn1dIjtha3RpdmVfdXNlcl9ncm91cF9pZHxzOjI6IjYzIjthY2Nlc3NfbW9kdWxlfGE6Mzp7czoxMToibW9kdWxlQ291bnQiO3M6NDoiIjM0IiI7czo2OiJtb2R1bGUiO3M6MzgyOiJ7ImxvZ2luX2RlZmF1bHRsb2dpbnZpZXdodG1sMjAwIjoiNzYyIiwibG9naW5fZGVmYXVsdGxvZ2luZG9odG1sMjAwIjoiNzU5IiwiaG9tZWhvbWV2aWV3aHRtbDIwMCI6Ijc1NyIsIm1lbnVtZW51dmlld2h0bWwyMDAiOiI3NjMiLCJ0ZXN0VGVzdFZpZXdodG1sMjAwIjoiMCIsImd0ZndfbWVudU1lbnVWaWV3aHRtbDIwMCI6IjAiLCJwYWdpbmdwYWdpbmd2aWV3aHRtbDIwMCI6IjAiLCJndGZ3X2dyb3VwR3JvdXBWaWV3aHRtbDIwMCI6IjAiLCJndGZ3X3VzZXJVc2VyVmlld2h0bWwyMDAiOiIwIiwiZ3Rmd19tb2R1bGVndGZ3TW9kdWxldmlld2h0bWwyMDAiOiIxMTMyIiwidGVzdGV4Y2Vsdmlld3hsczIwMCI6IjE4MDAiLCJ0ZXN0cGRmeHZpZXdwZGZ4MjAwIjoiMTgwMSJ9IjtzOjQ6InVzZXIiO3M6NzoiImFkbWluIiI7fQ==','2014-06-10 13:01:33'),('m8oibj06fqlvdbgbaf98dj8g91','dGFibGVfZ3Rmd19jb25maWdfYXZhaWxhYmxlfGE6MTp7aTowO2E6MTp7czozNToiVGFibGVzX2luX2d0ZndfcHVibGljIChndGZ3X2NvbmZpZykiO3M6MTE6Imd0ZndfY29uZmlnIjt9fWNoZWNrX2d0ZndfbWVudV90YWJsZXxhOjE6e2k6MDthOjE6e3M6MzM6IlRhYmxlc19pbl9ndGZ3X3B1YmxpYyAoZ3Rmd19tZW51KSI7czo5OiJndGZ3X21lbnUiO319bWVzc2VuZ2VyX3F1ZXVlfHM6NDExOiJPOjEyOiJNZXNzYWdlUXVldWUiOjM6e3M6MzE6IgBNZXNzYWdlUXVldWUAbUN1cnJlbnRSZXF1ZXN0SWQiO2k6MzQ7czoyODoiAE1lc3NhZ2VRdWV1ZQBtTmV4dFJlcXVlc3RJZCI7aTozNTtzOjIzOiIATWVzc2FnZVF1ZXVlAG1NZXNzYWdlcyI7YToxOntzOjgyOiIvbWVkaWEvd3d3L3d3dy9yaXNldC9hcHBfcHVibGljL21vZHVsZS9ndGZ3X21lbnUvcmVzcG9uc2UvVmlld01lbnUuaHRtbC5jbGFzcy5waHBfIjthOjE6e2k6MjY7Tzo3OiJNZXNzYWdlIjozOntzOjE5OiIATWVzc2FnZQBtUmVxdWVzdElkIjtpOjA7czoxNzoiAE1lc3NhZ2UAbU1lc3NhZ2UiO2E6MTp7aTowO2E6Mzp7czo0OiJwYWdlIjtpOjE7czo3OiJkaXNwbGF5IjtpOjU7czo1OiJzdGFydCI7aTowO319czoxMzoiAE1lc3NhZ2UAbU9sZCI7YjowO319fX0iO3N0YXJ0X2tleXxpOjE5MTI2NTQwMDQ7bXVsdF9rZXl8aToxNTY4NDg2MjMzO2FkZF9rZXl8aToxMjQ2OTY2NDIzO2lzX2xvZ2dlZF9pbnxiOjE7dXNlcm5hbWV8czo1OiJhZG1pbiI7c2FsdHxpOjcwOTc3Mjg4Mjtsb2dpbl9zYWx0fGk6NzA5NzcyODgyO2Rlc2NyaWJlX2d0ZndfbW9kdWxlfHM6MTU3NDoiW3siRmllbGQiOiJNb2R1bGVJZCIsIlR5cGUiOiJiaWdpbnQoMjApIHVuc2lnbmVkIiwiTnVsbCI6Ik5PIiwiS2V5IjoiUFJJIiwiRGVmYXVsdCI6bnVsbCwiRXh0cmEiOiJhdXRvX2luY3JlbWVudCJ9LHsiRmllbGQiOiJNb2R1bGUiLCJUeXBlIjoidmFyY2hhcigxMDApIiwiTnVsbCI6Ik5PIiwiS2V5IjoiIiwiRGVmYXVsdCI6IiIsIkV4dHJhIjoiIn0seyJGaWVsZCI6IkxhYmVsTW9kdWxlIiwiVHlwZSI6InZhcmNoYXIoMTAwKSIsIk51bGwiOiJOTyIsIktleSI6IiIsIkRlZmF1bHQiOiIiLCJFeHRyYSI6IiJ9LHsiRmllbGQiOiJTdWJNb2R1bGUiLCJUeXBlIjoidmFyY2hhcigxMDApIiwiTnVsbCI6Ik5PIiwiS2V5IjoiIiwiRGVmYXVsdCI6IiIsIkV4dHJhIjoiIn0seyJGaWVsZCI6IkFjdGlvbiIsIlR5cGUiOiJ2YXJjaGFyKDEwMCkiLCJOdWxsIjoiWUVTIiwiS2V5IjoiIiwiRGVmYXVsdCI6InZpZXciLCJFeHRyYSI6IiJ9LHsiRmllbGQiOiJUeXBlIiwiVHlwZSI6InZhcmNoYXIoMTAwKSIsIk51bGwiOiJZRVMiLCJLZXkiOiIiLCJEZWZhdWx0IjoiaHRtbCIsIkV4dHJhIjoiIn0seyJGaWVsZCI6IkRlc2NyaXB0aW9uIiwiVHlwZSI6InRleHQiLCJOdWxsIjoiWUVTIiwiS2V5IjoiIiwiRGVmYXVsdCI6bnVsbCwiRXh0cmEiOiIifSx7IkZpZWxkIjoiQWNjZXNzIiwiVHlwZSI6ImVudW0oJ0FsbCcsJ0V4Y2x1c2l2ZScpIiwiTnVsbCI6Ik5PIiwiS2V5IjoiIiwiRGVmYXVsdCI6IkV4Y2x1c2l2ZSIsIkV4dHJhIjoiIn0seyJGaWVsZCI6IlNob3ciLCJUeXBlIjoiZW51bSgnWWVzJywnTm8nKSIsIk51bGwiOiJZRVMiLCJLZXkiOiIiLCJEZWZhdWx0IjoiTm8iLCJFeHRyYSI6IiJ9LHsiRmllbGQiOiJJY29uUGF0aCIsIlR5cGUiOiJ2YXJjaGFyKDI1NSkiLCJOdWxsIjoiWUVTIiwiS2V5IjoiIiwiRGVmYXVsdCI6bnVsbCwiRXh0cmEiOiIifSx7IkZpZWxkIjoiTWVudUlkIiwiVHlwZSI6ImludCg2KSIsIk51bGwiOiJZRVMiLCJLZXkiOiJNVUwiLCJEZWZhdWx0IjpudWxsLCJFeHRyYSI6IiJ9LHsiRmllbGQiOiJBcHBsaWNhdGlvbklkIiwiVHlwZSI6ImJpZ2ludCgyMCkiLCJOdWxsIjoiWUVTIiwiS2V5IjoiTVVMIiwiRGVmYXVsdCI6bnVsbCwiRXh0cmEiOiIifSx7IkZpZWxkIjoiTW9kdWxlUGF0aCIsIlR5cGUiOiJ2YXJjaGFyKDI1NSkiLCJOdWxsIjoiWUVTIiwiS2V5IjoiIiwiRGVmYXVsdCI6bnVsbCwiRXh0cmEiOiIifSx7IkZpZWxkIjoiQWtzaUlkIiwiVHlwZSI6InNtYWxsaW50KDYpIiwiTnVsbCI6IllFUyIsIktleSI6Ik1VTCIsIkRlZmF1bHQiOm51bGwsIkV4dHJhIjoiIn0seyJGaWVsZCI6IkxhYmVsQWtzaSIsIlR5cGUiOiJ2YXJjaGFyKDUwKSIsIk51bGwiOiJZRVMiLCJLZXkiOiIiLCJEZWZhdWx0IjpudWxsLCJFeHRyYSI6IiJ9LHsiRmllbGQiOiJIaW50IiwiVHlwZSI6InZhcmNoYXIoMTAwKSIsIk51bGwiOiJZRVMiLCJLZXkiOiIiLCJEZWZhdWx0IjpudWxsLCJFeHRyYSI6IiJ9LHsiRmllbGQiOiJOZWVkU3NsIiwiVHlwZSI6ImVudW0oJ1llcycsJ05vJykiLCJOdWxsIjoiWUVTIiwiS2V5IjoiIiwiRGVmYXVsdCI6bnVsbCwiRXh0cmEiOiIifV0iO2FrdGl2ZV91c2VyX2dyb3VwX2lkfHM6MjoiNjMiO2FjY2Vzc19tb2R1bGV8YTozOntzOjExOiJtb2R1bGVDb3VudCI7czo0OiIiMzQiIjtzOjY6Im1vZHVsZSI7czoyMTk6InsibG9naW5fZGVmYXVsdGxvZ2ludmlld2h0bWwyMDAiOiIwIiwibG9naW5fZGVmYXVsdGxvZ2luZG9odG1sMjAwIjoiNzU5IiwiaG9tZWhvbWV2aWV3aHRtbDIwMCI6Ijc1NyIsIm1lbnVtZW51dmlld2h0bWwyMDAiOiI3NjMiLCJ0ZXN0VGVzdFZpZXdodG1sMjAwIjoiMTc5MiIsImd0ZndfbWVudU1lbnVWaWV3aHRtbDIwMCI6IjAiLCJwYWdpbmdwYWdpbmd2aWV3aHRtbDIwMCI6IjAifSI7czo0OiJ1c2VyIjtzOjc6IiJhZG1pbiIiO30=','2014-06-16 10:47:34'),('89hb65qqsfn98ni6ab8k0hjqd2','dGFibGVfZ3Rmd19jb25maWdfYXZhaWxhYmxlfGE6MTp7aTowO2E6MTp7czozNToiVGFibGVzX2luX2d0ZndfcHVibGljIChndGZ3X2NvbmZpZykiO3M6MTE6Imd0ZndfY29uZmlnIjt9fWNoZWNrX2d0ZndfbWVudV90YWJsZXxhOjE6e2k6MDthOjE6e3M6MzM6IlRhYmxlc19pbl9ndGZ3X3B1YmxpYyAoZ3Rmd19tZW51KSI7czo5OiJndGZ3X21lbnUiO319bWVzc2VuZ2VyX3F1ZXVlfHM6NDEwOiJPOjEyOiJNZXNzYWdlUXVldWUiOjM6e3M6MzE6IgBNZXNzYWdlUXVldWUAbUN1cnJlbnRSZXF1ZXN0SWQiO2k6MTA7czoyODoiAE1lc3NhZ2VRdWV1ZQBtTmV4dFJlcXVlc3RJZCI7aToxMTtzOjIzOiIATWVzc2FnZVF1ZXVlAG1NZXNzYWdlcyI7YToxOntzOjgyOiIvbWVkaWEvd3d3L3d3dy9yaXNldC9hcHBfcHVibGljL21vZHVsZS9ndGZ3X21lbnUvcmVzcG9uc2UvVmlld01lbnUuaHRtbC5jbGFzcy5waHBfIjthOjE6e2k6MDtPOjc6Ik1lc3NhZ2UiOjM6e3M6MTk6IgBNZXNzYWdlAG1SZXF1ZXN0SWQiO2k6MDtzOjE3OiIATWVzc2FnZQBtTWVzc2FnZSI7YToxOntpOjA7YTozOntzOjQ6InBhZ2UiO2k6MTtzOjc6ImRpc3BsYXkiO2k6MjtzOjU6InN0YXJ0IjtpOjA7fX1zOjEzOiIATWVzc2FnZQBtT2xkIjtiOjA7fX19fSI7c3RhcnRfa2V5fGk6MTQ4NjIzNTk1NTttdWx0X2tleXxpOjEwNTA4NDU0MTQ7YWRkX2tleXxpOjE5NDI1OTQ1OTg7aXNfbG9nZ2VkX2lufGI6MTt1c2VybmFtZXxzOjU6ImFkbWluIjtzYWx0fGk6MTk3MzE4NDAxMDtsb2dpbl9zYWx0fGk6MTk3MzE4NDAxMDtkZXNjcmliZV9ndGZ3X21vZHVsZXxzOjE1NzQ6Ilt7IkZpZWxkIjoiTW9kdWxlSWQiLCJUeXBlIjoiYmlnaW50KDIwKSB1bnNpZ25lZCIsIk51bGwiOiJOTyIsIktleSI6IlBSSSIsIkRlZmF1bHQiOm51bGwsIkV4dHJhIjoiYXV0b19pbmNyZW1lbnQifSx7IkZpZWxkIjoiTW9kdWxlIiwiVHlwZSI6InZhcmNoYXIoMTAwKSIsIk51bGwiOiJOTyIsIktleSI6IiIsIkRlZmF1bHQiOiIiLCJFeHRyYSI6IiJ9LHsiRmllbGQiOiJMYWJlbE1vZHVsZSIsIlR5cGUiOiJ2YXJjaGFyKDEwMCkiLCJOdWxsIjoiTk8iLCJLZXkiOiIiLCJEZWZhdWx0IjoiIiwiRXh0cmEiOiIifSx7IkZpZWxkIjoiU3ViTW9kdWxlIiwiVHlwZSI6InZhcmNoYXIoMTAwKSIsIk51bGwiOiJOTyIsIktleSI6IiIsIkRlZmF1bHQiOiIiLCJFeHRyYSI6IiJ9LHsiRmllbGQiOiJBY3Rpb24iLCJUeXBlIjoidmFyY2hhcigxMDApIiwiTnVsbCI6IllFUyIsIktleSI6IiIsIkRlZmF1bHQiOiJ2aWV3IiwiRXh0cmEiOiIifSx7IkZpZWxkIjoiVHlwZSIsIlR5cGUiOiJ2YXJjaGFyKDEwMCkiLCJOdWxsIjoiWUVTIiwiS2V5IjoiIiwiRGVmYXVsdCI6Imh0bWwiLCJFeHRyYSI6IiJ9LHsiRmllbGQiOiJEZXNjcmlwdGlvbiIsIlR5cGUiOiJ0ZXh0IiwiTnVsbCI6IllFUyIsIktleSI6IiIsIkRlZmF1bHQiOm51bGwsIkV4dHJhIjoiIn0seyJGaWVsZCI6IkFjY2VzcyIsIlR5cGUiOiJlbnVtKCdBbGwnLCdFeGNsdXNpdmUnKSIsIk51bGwiOiJOTyIsIktleSI6IiIsIkRlZmF1bHQiOiJFeGNsdXNpdmUiLCJFeHRyYSI6IiJ9LHsiRmllbGQiOiJTaG93IiwiVHlwZSI6ImVudW0oJ1llcycsJ05vJykiLCJOdWxsIjoiWUVTIiwiS2V5IjoiIiwiRGVmYXVsdCI6Ik5vIiwiRXh0cmEiOiIifSx7IkZpZWxkIjoiSWNvblBhdGgiLCJUeXBlIjoidmFyY2hhcigyNTUpIiwiTnVsbCI6IllFUyIsIktleSI6IiIsIkRlZmF1bHQiOm51bGwsIkV4dHJhIjoiIn0seyJGaWVsZCI6Ik1lbnVJZCIsIlR5cGUiOiJpbnQoNikiLCJOdWxsIjoiWUVTIiwiS2V5IjoiTVVMIiwiRGVmYXVsdCI6bnVsbCwiRXh0cmEiOiIifSx7IkZpZWxkIjoiQXBwbGljYXRpb25JZCIsIlR5cGUiOiJiaWdpbnQoMjApIiwiTnVsbCI6IllFUyIsIktleSI6Ik1VTCIsIkRlZmF1bHQiOm51bGwsIkV4dHJhIjoiIn0seyJGaWVsZCI6Ik1vZHVsZVBhdGgiLCJUeXBlIjoidmFyY2hhcigyNTUpIiwiTnVsbCI6IllFUyIsIktleSI6IiIsIkRlZmF1bHQiOm51bGwsIkV4dHJhIjoiIn0seyJGaWVsZCI6IkFrc2lJZCIsIlR5cGUiOiJzbWFsbGludCg2KSIsIk51bGwiOiJZRVMiLCJLZXkiOiJNVUwiLCJEZWZhdWx0IjpudWxsLCJFeHRyYSI6IiJ9LHsiRmllbGQiOiJMYWJlbEFrc2kiLCJUeXBlIjoidmFyY2hhcig1MCkiLCJOdWxsIjoiWUVTIiwiS2V5IjoiIiwiRGVmYXVsdCI6bnVsbCwiRXh0cmEiOiIifSx7IkZpZWxkIjoiSGludCIsIlR5cGUiOiJ2YXJjaGFyKDEwMCkiLCJOdWxsIjoiWUVTIiwiS2V5IjoiIiwiRGVmYXVsdCI6bnVsbCwiRXh0cmEiOiIifSx7IkZpZWxkIjoiTmVlZFNzbCIsIlR5cGUiOiJlbnVtKCdZZXMnLCdObycpIiwiTnVsbCI6IllFUyIsIktleSI6IiIsIkRlZmF1bHQiOm51bGwsIkV4dHJhIjoiIn1dIjtha3RpdmVfdXNlcl9ncm91cF9pZHxzOjI6IjYzIjthY2Nlc3NfbW9kdWxlfGE6Mzp7czoxMToibW9kdWxlQ291bnQiO3M6NDoiIjM0IiI7czo2OiJtb2R1bGUiO3M6MzMwOiJ7ImxvZ2luX2RlZmF1bHRsb2dpbnZpZXdodG1sMjAwIjoiNzYyIiwibG9naW5fZGVmYXVsdGxvZ2luZG9odG1sMjAwIjoiNzU5IiwiaG9tZWhvbWV2aWV3aHRtbDIwMCI6Ijc1NyIsIm1lbnVtZW51dmlld2h0bWwyMDAiOiI3NjMiLCJ0ZXN0VGVzdFZpZXdodG1sMjAwIjoiMCIsImd0ZndfbWVudU1lbnVWaWV3aHRtbDIwMCI6IjAiLCJwYWdpbmdwYWdpbmd2aWV3aHRtbDIwMCI6IjAiLCJndGZ3X2dyb3VwR3JvdXBWaWV3aHRtbDIwMCI6IjE3NzciLCJndGZ3X3VzZXJVc2VyVmlld2h0bWwyMDAiOiIxNzkwIiwiZ3Rmd19tb2R1bGVndGZ3TW9kdWxldmlld2h0bWwyMDAiOiIxMTMyIn0iO3M6NDoidXNlciI7czo3OiIiYWRtaW4iIjt9','2014-06-16 16:22:19'),('aaja9o8bgiq9d883pafdg81eg0','dGFibGVfZ3Rmd19jb25maWdfYXZhaWxhYmxlfGE6MTp7aTowO2E6MTp7czozNToiVGFibGVzX2luX2d0ZndfcHVibGljIChndGZ3X2NvbmZpZykiO3M6MTE6Imd0ZndfY29uZmlnIjt9fWNoZWNrX2d0ZndfbWVudV90YWJsZXxhOjE6e2k6MDthOjE6e3M6MzM6IlRhYmxlc19pbl9ndGZ3X3B1YmxpYyAoZ3Rmd19tZW51KSI7czo5OiJndGZ3X21lbnUiO319bWVzc2VuZ2VyX3F1ZXVlfHM6MTQ2OiJPOjEyOiJNZXNzYWdlUXVldWUiOjM6e3M6MzE6IgBNZXNzYWdlUXVldWUAbUN1cnJlbnRSZXF1ZXN0SWQiO2k6NDE7czoyODoiAE1lc3NhZ2VRdWV1ZQBtTmV4dFJlcXVlc3RJZCI7aTo0MjtzOjIzOiIATWVzc2FnZVF1ZXVlAG1NZXNzYWdlcyI7YTowOnt9fSI7c3RhcnRfa2V5fGk6MjE0MTQ0NDA5O211bHRfa2V5fGk6MjEzODk2NDQ5OTthZGRfa2V5fGk6MTM2MzY3MjIxMTtpc19sb2dnZWRfaW58YjoxO3VzZXJuYW1lfHM6NToiYWRtaW4iO3NhbHR8aToxMDM1NzU1MTg2O2xvZ2luX3NhbHR8aToxMDM1NzU1MTg2O2Rlc2NyaWJlX2d0ZndfbW9kdWxlfHM6MTU3NDoiW3siRmllbGQiOiJNb2R1bGVJZCIsIlR5cGUiOiJiaWdpbnQoMjApIHVuc2lnbmVkIiwiTnVsbCI6Ik5PIiwiS2V5IjoiUFJJIiwiRGVmYXVsdCI6bnVsbCwiRXh0cmEiOiJhdXRvX2luY3JlbWVudCJ9LHsiRmllbGQiOiJNb2R1bGUiLCJUeXBlIjoidmFyY2hhcigxMDApIiwiTnVsbCI6Ik5PIiwiS2V5IjoiIiwiRGVmYXVsdCI6IiIsIkV4dHJhIjoiIn0seyJGaWVsZCI6IkxhYmVsTW9kdWxlIiwiVHlwZSI6InZhcmNoYXIoMTAwKSIsIk51bGwiOiJOTyIsIktleSI6IiIsIkRlZmF1bHQiOiIiLCJFeHRyYSI6IiJ9LHsiRmllbGQiOiJTdWJNb2R1bGUiLCJUeXBlIjoidmFyY2hhcigxMDApIiwiTnVsbCI6Ik5PIiwiS2V5IjoiIiwiRGVmYXVsdCI6IiIsIkV4dHJhIjoiIn0seyJGaWVsZCI6IkFjdGlvbiIsIlR5cGUiOiJ2YXJjaGFyKDEwMCkiLCJOdWxsIjoiWUVTIiwiS2V5IjoiIiwiRGVmYXVsdCI6InZpZXciLCJFeHRyYSI6IiJ9LHsiRmllbGQiOiJUeXBlIiwiVHlwZSI6InZhcmNoYXIoMTAwKSIsIk51bGwiOiJZRVMiLCJLZXkiOiIiLCJEZWZhdWx0IjoiaHRtbCIsIkV4dHJhIjoiIn0seyJGaWVsZCI6IkRlc2NyaXB0aW9uIiwiVHlwZSI6InRleHQiLCJOdWxsIjoiWUVTIiwiS2V5IjoiIiwiRGVmYXVsdCI6bnVsbCwiRXh0cmEiOiIifSx7IkZpZWxkIjoiQWNjZXNzIiwiVHlwZSI6ImVudW0oJ0FsbCcsJ0V4Y2x1c2l2ZScpIiwiTnVsbCI6Ik5PIiwiS2V5IjoiIiwiRGVmYXVsdCI6IkV4Y2x1c2l2ZSIsIkV4dHJhIjoiIn0seyJGaWVsZCI6IlNob3ciLCJUeXBlIjoiZW51bSgnWWVzJywnTm8nKSIsIk51bGwiOiJZRVMiLCJLZXkiOiIiLCJEZWZhdWx0IjoiTm8iLCJFeHRyYSI6IiJ9LHsiRmllbGQiOiJJY29uUGF0aCIsIlR5cGUiOiJ2YXJjaGFyKDI1NSkiLCJOdWxsIjoiWUVTIiwiS2V5IjoiIiwiRGVmYXVsdCI6bnVsbCwiRXh0cmEiOiIifSx7IkZpZWxkIjoiTWVudUlkIiwiVHlwZSI6ImludCg2KSIsIk51bGwiOiJZRVMiLCJLZXkiOiJNVUwiLCJEZWZhdWx0IjpudWxsLCJFeHRyYSI6IiJ9LHsiRmllbGQiOiJBcHBsaWNhdGlvbklkIiwiVHlwZSI6ImJpZ2ludCgyMCkiLCJOdWxsIjoiWUVTIiwiS2V5IjoiTVVMIiwiRGVmYXVsdCI6bnVsbCwiRXh0cmEiOiIifSx7IkZpZWxkIjoiTW9kdWxlUGF0aCIsIlR5cGUiOiJ2YXJjaGFyKDI1NSkiLCJOdWxsIjoiWUVTIiwiS2V5IjoiIiwiRGVmYXVsdCI6bnVsbCwiRXh0cmEiOiIifSx7IkZpZWxkIjoiQWtzaUlkIiwiVHlwZSI6InNtYWxsaW50KDYpIiwiTnVsbCI6IllFUyIsIktleSI6Ik1VTCIsIkRlZmF1bHQiOm51bGwsIkV4dHJhIjoiIn0seyJGaWVsZCI6IkxhYmVsQWtzaSIsIlR5cGUiOiJ2YXJjaGFyKDUwKSIsIk51bGwiOiJZRVMiLCJLZXkiOiIiLCJEZWZhdWx0IjpudWxsLCJFeHRyYSI6IiJ9LHsiRmllbGQiOiJIaW50IiwiVHlwZSI6InZhcmNoYXIoMTAwKSIsIk51bGwiOiJZRVMiLCJLZXkiOiIiLCJEZWZhdWx0IjpudWxsLCJFeHRyYSI6IiJ9LHsiRmllbGQiOiJOZWVkU3NsIiwiVHlwZSI6ImVudW0oJ1llcycsJ05vJykiLCJOdWxsIjoiWUVTIiwiS2V5IjoiIiwiRGVmYXVsdCI6bnVsbCwiRXh0cmEiOiIifV0iO2FrdGl2ZV91c2VyX2dyb3VwX2lkfHM6MjoiNjMiO2FjY2Vzc19tb2R1bGV8YTozOntzOjExOiJtb2R1bGVDb3VudCI7czo0OiIiMzUiIjtzOjY6Im1vZHVsZSI7czo0NDQ6InsibG9naW5fZGVmYXVsdGxvZ2ludmlld2h0bWwyMDAiOiI3NjIiLCJsb2dpbl9kZWZhdWx0bG9naW5kb2h0bWwyMDAiOiI3NTkiLCJob21laG9tZXZpZXdodG1sMjAwIjoiNzU3IiwibWVudW1lbnV2aWV3aHRtbDIwMCI6IjAiLCJ0ZXN0VGVzdFZpZXdodG1sMjAwIjoiMCIsImd0ZndfbW9kdWxlZ3Rmd01vZHVsZXZpZXdodG1sMjAwIjoiMTEzMiIsImd0ZndfbW9kdWxlZ3Rmd1N1Yk1vZHVsZXZpZXdodG1sMjAwIjoiMCIsImNvbWJvYm94Y29tYm9ib3h2aWV3aHRtbDIwMCI6IjAiLCJndGZ3X2dyb3VwR3JvdXBWaWV3aHRtbDIwMCI6IjAiLCJndGZ3X2dyb3VwaW5wdXRHcm91cHZpZXdodG1sMjAwIjoiMCIsImd0ZndfZ3JvdXB1cGRhdGVHcm91cGRvanNvbjIwMCI6IjAiLCJndGZ3X2dyb3VwZ3JvdXB2aWV3aHRtbDIwMCI6IjAiLCJ0ZXN0ZXhjZWxOZXd2aWV3eGxzeDIwMCI6IjAifSI7czo0OiJ1c2VyIjtzOjc6IiJhZG1pbiIiO30=','2014-06-17 13:28:12'),('9s9jiknhvhq55rd086i2vumbs2','dGFibGVfZ3Rmd19jb25maWdfYXZhaWxhYmxlfGE6MTp7aTowO2E6MTp7czozNToiVGFibGVzX2luX2d0ZndfcHVibGljIChndGZ3X2NvbmZpZykiO3M6MTE6Imd0ZndfY29uZmlnIjt9fWNoZWNrX2d0ZndfbWVudV90YWJsZXxhOjE6e2k6MDthOjE6e3M6MzM6IlRhYmxlc19pbl9ndGZ3X3B1YmxpYyAoZ3Rmd19tZW51KSI7czo5OiJndGZ3X21lbnUiO319bWVzc2VuZ2VyX3F1ZXVlfHM6MjQyOiJPOjEyOiJNZXNzYWdlUXVldWUiOjM6e3M6MzE6IgBNZXNzYWdlUXVldWUAbUN1cnJlbnRSZXF1ZXN0SWQiO2k6MjI7czoyODoiAE1lc3NhZ2VRdWV1ZQBtTmV4dFJlcXVlc3RJZCI7aToyMztzOjIzOiIATWVzc2FnZVF1ZXVlAG1NZXNzYWdlcyI7YToxOntzOjgyOiIvbWVkaWEvd3d3L3d3dy9yaXNldC9hcHBfcHVibGljL21vZHVsZS9ndGZ3X21lbnUvcmVzcG9uc2UvVmlld01lbnUuaHRtbC5jbGFzcy5waHBfIjthOjA6e319fSI7c3RhcnRfa2V5fGk6MTAyOTQ0MTY0MTttdWx0X2tleXxpOjI3NDI4MTY5NjthZGRfa2V5fGk6NjU3MDM5Nzk3O2lzX2xvZ2dlZF9pbnxiOjE7dXNlcm5hbWV8czo1OiJhZG1pbiI7c2FsdHxpOjIxMzM1NTAzNDc7bG9naW5fc2FsdHxpOjIxMzM1NTAzNDc7ZGVzY3JpYmVfZ3Rmd19tb2R1bGV8czoxNTc0OiJbeyJGaWVsZCI6Ik1vZHVsZUlkIiwiVHlwZSI6ImJpZ2ludCgyMCkgdW5zaWduZWQiLCJOdWxsIjoiTk8iLCJLZXkiOiJQUkkiLCJEZWZhdWx0IjpudWxsLCJFeHRyYSI6ImF1dG9faW5jcmVtZW50In0seyJGaWVsZCI6Ik1vZHVsZSIsIlR5cGUiOiJ2YXJjaGFyKDEwMCkiLCJOdWxsIjoiTk8iLCJLZXkiOiIiLCJEZWZhdWx0IjoiIiwiRXh0cmEiOiIifSx7IkZpZWxkIjoiTGFiZWxNb2R1bGUiLCJUeXBlIjoidmFyY2hhcigxMDApIiwiTnVsbCI6Ik5PIiwiS2V5IjoiIiwiRGVmYXVsdCI6IiIsIkV4dHJhIjoiIn0seyJGaWVsZCI6IlN1Yk1vZHVsZSIsIlR5cGUiOiJ2YXJjaGFyKDEwMCkiLCJOdWxsIjoiTk8iLCJLZXkiOiIiLCJEZWZhdWx0IjoiIiwiRXh0cmEiOiIifSx7IkZpZWxkIjoiQWN0aW9uIiwiVHlwZSI6InZhcmNoYXIoMTAwKSIsIk51bGwiOiJZRVMiLCJLZXkiOiIiLCJEZWZhdWx0IjoidmlldyIsIkV4dHJhIjoiIn0seyJGaWVsZCI6IlR5cGUiLCJUeXBlIjoidmFyY2hhcigxMDApIiwiTnVsbCI6IllFUyIsIktleSI6IiIsIkRlZmF1bHQiOiJodG1sIiwiRXh0cmEiOiIifSx7IkZpZWxkIjoiRGVzY3JpcHRpb24iLCJUeXBlIjoidGV4dCIsIk51bGwiOiJZRVMiLCJLZXkiOiIiLCJEZWZhdWx0IjpudWxsLCJFeHRyYSI6IiJ9LHsiRmllbGQiOiJBY2Nlc3MiLCJUeXBlIjoiZW51bSgnQWxsJywnRXhjbHVzaXZlJykiLCJOdWxsIjoiTk8iLCJLZXkiOiIiLCJEZWZhdWx0IjoiRXhjbHVzaXZlIiwiRXh0cmEiOiIifSx7IkZpZWxkIjoiU2hvdyIsIlR5cGUiOiJlbnVtKCdZZXMnLCdObycpIiwiTnVsbCI6IllFUyIsIktleSI6IiIsIkRlZmF1bHQiOiJObyIsIkV4dHJhIjoiIn0seyJGaWVsZCI6Ikljb25QYXRoIiwiVHlwZSI6InZhcmNoYXIoMjU1KSIsIk51bGwiOiJZRVMiLCJLZXkiOiIiLCJEZWZhdWx0IjpudWxsLCJFeHRyYSI6IiJ9LHsiRmllbGQiOiJNZW51SWQiLCJUeXBlIjoiaW50KDYpIiwiTnVsbCI6IllFUyIsIktleSI6Ik1VTCIsIkRlZmF1bHQiOm51bGwsIkV4dHJhIjoiIn0seyJGaWVsZCI6IkFwcGxpY2F0aW9uSWQiLCJUeXBlIjoiYmlnaW50KDIwKSIsIk51bGwiOiJZRVMiLCJLZXkiOiJNVUwiLCJEZWZhdWx0IjpudWxsLCJFeHRyYSI6IiJ9LHsiRmllbGQiOiJNb2R1bGVQYXRoIiwiVHlwZSI6InZhcmNoYXIoMjU1KSIsIk51bGwiOiJZRVMiLCJLZXkiOiIiLCJEZWZhdWx0IjpudWxsLCJFeHRyYSI6IiJ9LHsiRmllbGQiOiJBa3NpSWQiLCJUeXBlIjoic21hbGxpbnQoNikiLCJOdWxsIjoiWUVTIiwiS2V5IjoiTVVMIiwiRGVmYXVsdCI6bnVsbCwiRXh0cmEiOiIifSx7IkZpZWxkIjoiTGFiZWxBa3NpIiwiVHlwZSI6InZhcmNoYXIoNTApIiwiTnVsbCI6IllFUyIsIktleSI6IiIsIkRlZmF1bHQiOm51bGwsIkV4dHJhIjoiIn0seyJGaWVsZCI6IkhpbnQiLCJUeXBlIjoidmFyY2hhcigxMDApIiwiTnVsbCI6IllFUyIsIktleSI6IiIsIkRlZmF1bHQiOm51bGwsIkV4dHJhIjoiIn0seyJGaWVsZCI6Ik5lZWRTc2wiLCJUeXBlIjoiZW51bSgnWWVzJywnTm8nKSIsIk51bGwiOiJZRVMiLCJLZXkiOiIiLCJEZWZhdWx0IjpudWxsLCJFeHRyYSI6IiJ9XSI7YWt0aXZlX3VzZXJfZ3JvdXBfaWR8czoyOiI2MyI7YWNjZXNzX21vZHVsZXxhOjM6e3M6MTE6Im1vZHVsZUNvdW50IjtzOjQ6IiIzNCIiO3M6NjoibW9kdWxlIjtzOjM1NToieyJsb2dpbl9kZWZhdWx0bG9naW52aWV3aHRtbDIwMCI6Ijc2MiIsImxvZ2luX2RlZmF1bHRsb2dpbmRvaHRtbDIwMCI6Ijc1OSIsImhvbWVob21ldmlld2h0bWwyMDAiOiI3NTciLCJtZW51bWVudXZpZXdodG1sMjAwIjoiNzYzIiwidGVzdFRlc3RWaWV3aHRtbDIwMCI6IjAiLCJndGZ3X21lbnVNZW51Vmlld2h0bWwyMDAiOiIwIiwicGFnaW5ncGFnaW5ndmlld2h0bWwyMDAiOiIwIiwiZ3Rmd19ncm91cEdyb3VwVmlld2h0bWwyMDAiOiIwIiwiZ3Rmd191c2VyVXNlclZpZXdodG1sMjAwIjoiMCIsImd0ZndfbW9kdWxlZ3Rmd01vZHVsZXZpZXdodG1sMjAwIjoiMCIsImd0ZndfdXNlcnVzZXJ2aWV3aHRtbDIwMCI6IjE3OTAifSI7czo0OiJ1c2VyIjtzOjc6IiJhZG1pbiIiO30=','2014-06-17 09:52:35'),('1uebn0oiuvlag1oercpr2caia4','dGFibGVfZ3Rmd19jb25maWdfYXZhaWxhYmxlfGE6MTp7aTowO2E6MTp7czozNToiVGFibGVzX2luX2d0ZndfcHVibGljIChndGZ3X2NvbmZpZykiO3M6MTE6Imd0ZndfY29uZmlnIjt9fWNoZWNrX2d0ZndfbWVudV90YWJsZXxhOjE6e2k6MDthOjE6e3M6MzM6IlRhYmxlc19pbl9ndGZ3X3B1YmxpYyAoZ3Rmd19tZW51KSI7czo5OiJndGZ3X21lbnUiO319bWVzc2VuZ2VyX3F1ZXVlfHM6MTQ0OiJPOjEyOiJNZXNzYWdlUXVldWUiOjM6e3M6MzE6IgBNZXNzYWdlUXVldWUAbUN1cnJlbnRSZXF1ZXN0SWQiO2k6MztzOjI4OiIATWVzc2FnZVF1ZXVlAG1OZXh0UmVxdWVzdElkIjtpOjQ7czoyMzoiAE1lc3NhZ2VRdWV1ZQBtTWVzc2FnZXMiO2E6MDp7fX0iO3N0YXJ0X2tleXxpOjE4MzQ0NTUwOTA7bXVsdF9rZXl8aToxOTM4MjkyMjg4O2FkZF9rZXl8aToyOTEzMjI0NTQ7aXNfbG9nZ2VkX2lufGI6MTt1c2VybmFtZXxzOjU6ImFkbWluIjtzYWx0fGk6MTM2NjkzOTAzNTtsb2dpbl9zYWx0fGk6MTM2NjkzOTAzNTtkZXNjcmliZV9ndGZ3X21vZHVsZXxzOjE1NzQ6Ilt7IkZpZWxkIjoiTW9kdWxlSWQiLCJUeXBlIjoiYmlnaW50KDIwKSB1bnNpZ25lZCIsIk51bGwiOiJOTyIsIktleSI6IlBSSSIsIkRlZmF1bHQiOm51bGwsIkV4dHJhIjoiYXV0b19pbmNyZW1lbnQifSx7IkZpZWxkIjoiTW9kdWxlIiwiVHlwZSI6InZhcmNoYXIoMTAwKSIsIk51bGwiOiJOTyIsIktleSI6IiIsIkRlZmF1bHQiOiIiLCJFeHRyYSI6IiJ9LHsiRmllbGQiOiJMYWJlbE1vZHVsZSIsIlR5cGUiOiJ2YXJjaGFyKDEwMCkiLCJOdWxsIjoiTk8iLCJLZXkiOiIiLCJEZWZhdWx0IjoiIiwiRXh0cmEiOiIifSx7IkZpZWxkIjoiU3ViTW9kdWxlIiwiVHlwZSI6InZhcmNoYXIoMTAwKSIsIk51bGwiOiJOTyIsIktleSI6IiIsIkRlZmF1bHQiOiIiLCJFeHRyYSI6IiJ9LHsiRmllbGQiOiJBY3Rpb24iLCJUeXBlIjoidmFyY2hhcigxMDApIiwiTnVsbCI6IllFUyIsIktleSI6IiIsIkRlZmF1bHQiOiJ2aWV3IiwiRXh0cmEiOiIifSx7IkZpZWxkIjoiVHlwZSIsIlR5cGUiOiJ2YXJjaGFyKDEwMCkiLCJOdWxsIjoiWUVTIiwiS2V5IjoiIiwiRGVmYXVsdCI6Imh0bWwiLCJFeHRyYSI6IiJ9LHsiRmllbGQiOiJEZXNjcmlwdGlvbiIsIlR5cGUiOiJ0ZXh0IiwiTnVsbCI6IllFUyIsIktleSI6IiIsIkRlZmF1bHQiOm51bGwsIkV4dHJhIjoiIn0seyJGaWVsZCI6IkFjY2VzcyIsIlR5cGUiOiJlbnVtKCdBbGwnLCdFeGNsdXNpdmUnKSIsIk51bGwiOiJOTyIsIktleSI6IiIsIkRlZmF1bHQiOiJFeGNsdXNpdmUiLCJFeHRyYSI6IiJ9LHsiRmllbGQiOiJTaG93IiwiVHlwZSI6ImVudW0oJ1llcycsJ05vJykiLCJOdWxsIjoiWUVTIiwiS2V5IjoiIiwiRGVmYXVsdCI6Ik5vIiwiRXh0cmEiOiIifSx7IkZpZWxkIjoiSWNvblBhdGgiLCJUeXBlIjoidmFyY2hhcigyNTUpIiwiTnVsbCI6IllFUyIsIktleSI6IiIsIkRlZmF1bHQiOm51bGwsIkV4dHJhIjoiIn0seyJGaWVsZCI6Ik1lbnVJZCIsIlR5cGUiOiJpbnQoNikiLCJOdWxsIjoiWUVTIiwiS2V5IjoiTVVMIiwiRGVmYXVsdCI6bnVsbCwiRXh0cmEiOiIifSx7IkZpZWxkIjoiQXBwbGljYXRpb25JZCIsIlR5cGUiOiJiaWdpbnQoMjApIiwiTnVsbCI6IllFUyIsIktleSI6Ik1VTCIsIkRlZmF1bHQiOm51bGwsIkV4dHJhIjoiIn0seyJGaWVsZCI6Ik1vZHVsZVBhdGgiLCJUeXBlIjoidmFyY2hhcigyNTUpIiwiTnVsbCI6IllFUyIsIktleSI6IiIsIkRlZmF1bHQiOm51bGwsIkV4dHJhIjoiIn0seyJGaWVsZCI6IkFrc2lJZCIsIlR5cGUiOiJzbWFsbGludCg2KSIsIk51bGwiOiJZRVMiLCJLZXkiOiJNVUwiLCJEZWZhdWx0IjpudWxsLCJFeHRyYSI6IiJ9LHsiRmllbGQiOiJMYWJlbEFrc2kiLCJUeXBlIjoidmFyY2hhcig1MCkiLCJOdWxsIjoiWUVTIiwiS2V5IjoiIiwiRGVmYXVsdCI6bnVsbCwiRXh0cmEiOiIifSx7IkZpZWxkIjoiSGludCIsIlR5cGUiOiJ2YXJjaGFyKDEwMCkiLCJOdWxsIjoiWUVTIiwiS2V5IjoiIiwiRGVmYXVsdCI6bnVsbCwiRXh0cmEiOiIifSx7IkZpZWxkIjoiTmVlZFNzbCIsIlR5cGUiOiJlbnVtKCdZZXMnLCdObycpIiwiTnVsbCI6IllFUyIsIktleSI6IiIsIkRlZmF1bHQiOm51bGwsIkV4dHJhIjoiIn1dIjtha3RpdmVfdXNlcl9ncm91cF9pZHxzOjI6IjYzIjthY2Nlc3NfbW9kdWxlfGE6Mjp7czo2OiJtb2R1bGUiO3M6MTMxOiJ7ImxvZ2luX2RlZmF1bHRsb2dpbnZpZXdodG1sMjAwIjoiNzYyIiwibG9naW5fZGVmYXVsdGxvZ2luZG9odG1sMjAwIjoiNzU5IiwiaG9tZWhvbWV2aWV3aHRtbDIwMCI6Ijc1NyIsIm1lbnVtZW51dmlld2h0bWwyMDAiOiI3NjMifSI7czo0OiJ1c2VyIjtzOjc6IiJhZG1pbiIiO30=','2014-06-18 10:42:15'),('56jaqduenfvtjtv67rlm7uspg0','dGFibGVfZ3Rmd19jb25maWdfYXZhaWxhYmxlfGE6MTp7aTowO2E6MTp7czozNToiVGFibGVzX2luX2d0ZndfcHVibGljIChndGZ3X2NvbmZpZykiO3M6MTE6Imd0ZndfY29uZmlnIjt9fWNoZWNrX2d0ZndfbWVudV90YWJsZXxhOjE6e2k6MDthOjE6e3M6MzM6IlRhYmxlc19pbl9ndGZ3X3B1YmxpYyAoZ3Rmd19tZW51KSI7czo5OiJndGZ3X21lbnUiO319bWVzc2VuZ2VyX3F1ZXVlfHM6MTQ0OiJPOjEyOiJNZXNzYWdlUXVldWUiOjM6e3M6MzE6IgBNZXNzYWdlUXVldWUAbUN1cnJlbnRSZXF1ZXN0SWQiO2k6MTtzOjI4OiIATWVzc2FnZVF1ZXVlAG1OZXh0UmVxdWVzdElkIjtpOjI7czoyMzoiAE1lc3NhZ2VRdWV1ZQBtTWVzc2FnZXMiO2E6MDp7fX0iO3N0YXJ0X2tleXxpOjM4OTMzNjAwOTttdWx0X2tleXxpOjE1NjI5OTg1NjE7YWRkX2tleXxpOjEwOTE4ODg3NTE7aXNfbG9nZ2VkX2lufGI6MDt1c2VybmFtZXxzOjY6Im5vYm9keSI7YWNjZXNzX21vZHVsZXxhOjI6e3M6NjoibW9kdWxlIjtzOjM5OiJ7ImxvZ2luX2RlZmF1bHRsb2dpbnZpZXdodG1sMjAwIjoiNzYyIn0iO3M6NDoidXNlciI7czo4OiIibm9ib2R5IiI7fXNhbHR8aTo4OTc5MTAwOTg7bG9naW5fc2FsdHxpOjg5NzkxMDA5ODtkZXNjcmliZV9ndGZ3X21vZHVsZXxzOjE1NzQ6Ilt7IkZpZWxkIjoiTW9kdWxlSWQiLCJUeXBlIjoiYmlnaW50KDIwKSB1bnNpZ25lZCIsIk51bGwiOiJOTyIsIktleSI6IlBSSSIsIkRlZmF1bHQiOm51bGwsIkV4dHJhIjoiYXV0b19pbmNyZW1lbnQifSx7IkZpZWxkIjoiTW9kdWxlIiwiVHlwZSI6InZhcmNoYXIoMTAwKSIsIk51bGwiOiJOTyIsIktleSI6IiIsIkRlZmF1bHQiOiIiLCJFeHRyYSI6IiJ9LHsiRmllbGQiOiJMYWJlbE1vZHVsZSIsIlR5cGUiOiJ2YXJjaGFyKDEwMCkiLCJOdWxsIjoiTk8iLCJLZXkiOiIiLCJEZWZhdWx0IjoiIiwiRXh0cmEiOiIifSx7IkZpZWxkIjoiU3ViTW9kdWxlIiwiVHlwZSI6InZhcmNoYXIoMTAwKSIsIk51bGwiOiJOTyIsIktleSI6IiIsIkRlZmF1bHQiOiIiLCJFeHRyYSI6IiJ9LHsiRmllbGQiOiJBY3Rpb24iLCJUeXBlIjoidmFyY2hhcigxMDApIiwiTnVsbCI6IllFUyIsIktleSI6IiIsIkRlZmF1bHQiOiJ2aWV3IiwiRXh0cmEiOiIifSx7IkZpZWxkIjoiVHlwZSIsIlR5cGUiOiJ2YXJjaGFyKDEwMCkiLCJOdWxsIjoiWUVTIiwiS2V5IjoiIiwiRGVmYXVsdCI6Imh0bWwiLCJFeHRyYSI6IiJ9LHsiRmllbGQiOiJEZXNjcmlwdGlvbiIsIlR5cGUiOiJ0ZXh0IiwiTnVsbCI6IllFUyIsIktleSI6IiIsIkRlZmF1bHQiOm51bGwsIkV4dHJhIjoiIn0seyJGaWVsZCI6IkFjY2VzcyIsIlR5cGUiOiJlbnVtKCdBbGwnLCdFeGNsdXNpdmUnKSIsIk51bGwiOiJOTyIsIktleSI6IiIsIkRlZmF1bHQiOiJFeGNsdXNpdmUiLCJFeHRyYSI6IiJ9LHsiRmllbGQiOiJTaG93IiwiVHlwZSI6ImVudW0oJ1llcycsJ05vJykiLCJOdWxsIjoiWUVTIiwiS2V5IjoiIiwiRGVmYXVsdCI6Ik5vIiwiRXh0cmEiOiIifSx7IkZpZWxkIjoiSWNvblBhdGgiLCJUeXBlIjoidmFyY2hhcigyNTUpIiwiTnVsbCI6IllFUyIsIktleSI6IiIsIkRlZmF1bHQiOm51bGwsIkV4dHJhIjoiIn0seyJGaWVsZCI6Ik1lbnVJZCIsIlR5cGUiOiJpbnQoNikiLCJOdWxsIjoiWUVTIiwiS2V5IjoiTVVMIiwiRGVmYXVsdCI6bnVsbCwiRXh0cmEiOiIifSx7IkZpZWxkIjoiQXBwbGljYXRpb25JZCIsIlR5cGUiOiJiaWdpbnQoMjApIiwiTnVsbCI6IllFUyIsIktleSI6Ik1VTCIsIkRlZmF1bHQiOm51bGwsIkV4dHJhIjoiIn0seyJGaWVsZCI6Ik1vZHVsZVBhdGgiLCJUeXBlIjoidmFyY2hhcigyNTUpIiwiTnVsbCI6IllFUyIsIktleSI6IiIsIkRlZmF1bHQiOm51bGwsIkV4dHJhIjoiIn0seyJGaWVsZCI6IkFrc2lJZCIsIlR5cGUiOiJzbWFsbGludCg2KSIsIk51bGwiOiJZRVMiLCJLZXkiOiJNVUwiLCJEZWZhdWx0IjpudWxsLCJFeHRyYSI6IiJ9LHsiRmllbGQiOiJMYWJlbEFrc2kiLCJUeXBlIjoidmFyY2hhcig1MCkiLCJOdWxsIjoiWUVTIiwiS2V5IjoiIiwiRGVmYXVsdCI6bnVsbCwiRXh0cmEiOiIifSx7IkZpZWxkIjoiSGludCIsIlR5cGUiOiJ2YXJjaGFyKDEwMCkiLCJOdWxsIjoiWUVTIiwiS2V5IjoiIiwiRGVmYXVsdCI6bnVsbCwiRXh0cmEiOiIifSx7IkZpZWxkIjoiTmVlZFNzbCIsIlR5cGUiOiJlbnVtKCdZZXMnLCdObycpIiwiTnVsbCI6IllFUyIsIktleSI6IiIsIkRlZmF1bHQiOm51bGwsIkV4dHJhIjoiIn1dIjs=','2014-06-18 15:55:47'),('8lhk9nl1om9803cp1bl9gjbhu4','dGFibGVfZ3Rmd19jb25maWdfYXZhaWxhYmxlfGE6MTp7aTowO2E6MTp7czozNToiVGFibGVzX2luX2d0ZndfcHVibGljIChndGZ3X2NvbmZpZykiO3M6MTE6Imd0ZndfY29uZmlnIjt9fWNoZWNrX2d0ZndfbWVudV90YWJsZXxhOjE6e2k6MDthOjE6e3M6MzM6IlRhYmxlc19pbl9ndGZ3X3B1YmxpYyAoZ3Rmd19tZW51KSI7czo5OiJndGZ3X21lbnUiO319bWVzc2VuZ2VyX3F1ZXVlfHM6MTQ0OiJPOjEyOiJNZXNzYWdlUXVldWUiOjM6e3M6MzE6IgBNZXNzYWdlUXVldWUAbUN1cnJlbnRSZXF1ZXN0SWQiO2k6NDtzOjI4OiIATWVzc2FnZVF1ZXVlAG1OZXh0UmVxdWVzdElkIjtpOjU7czoyMzoiAE1lc3NhZ2VRdWV1ZQBtTWVzc2FnZXMiO2E6MDp7fX0iO3N0YXJ0X2tleXxpOjY0NDY5MDkwO211bHRfa2V5fGk6MTU1NzAzNTgwMTthZGRfa2V5fGk6MTU5ODIyNTU4Nztpc19sb2dnZWRfaW58YjoxO3VzZXJuYW1lfHM6NToiYWRtaW4iO3NhbHR8aToyOTM1Nzk0OTY7bG9naW5fc2FsdHxpOjI5MzU3OTQ5NjtkZXNjcmliZV9ndGZ3X21vZHVsZXxzOjE1NzQ6Ilt7IkZpZWxkIjoiTW9kdWxlSWQiLCJUeXBlIjoiYmlnaW50KDIwKSB1bnNpZ25lZCIsIk51bGwiOiJOTyIsIktleSI6IlBSSSIsIkRlZmF1bHQiOm51bGwsIkV4dHJhIjoiYXV0b19pbmNyZW1lbnQifSx7IkZpZWxkIjoiTW9kdWxlIiwiVHlwZSI6InZhcmNoYXIoMTAwKSIsIk51bGwiOiJOTyIsIktleSI6IiIsIkRlZmF1bHQiOiIiLCJFeHRyYSI6IiJ9LHsiRmllbGQiOiJMYWJlbE1vZHVsZSIsIlR5cGUiOiJ2YXJjaGFyKDEwMCkiLCJOdWxsIjoiTk8iLCJLZXkiOiIiLCJEZWZhdWx0IjoiIiwiRXh0cmEiOiIifSx7IkZpZWxkIjoiU3ViTW9kdWxlIiwiVHlwZSI6InZhcmNoYXIoMTAwKSIsIk51bGwiOiJOTyIsIktleSI6IiIsIkRlZmF1bHQiOiIiLCJFeHRyYSI6IiJ9LHsiRmllbGQiOiJBY3Rpb24iLCJUeXBlIjoidmFyY2hhcigxMDApIiwiTnVsbCI6IllFUyIsIktleSI6IiIsIkRlZmF1bHQiOiJ2aWV3IiwiRXh0cmEiOiIifSx7IkZpZWxkIjoiVHlwZSIsIlR5cGUiOiJ2YXJjaGFyKDEwMCkiLCJOdWxsIjoiWUVTIiwiS2V5IjoiIiwiRGVmYXVsdCI6Imh0bWwiLCJFeHRyYSI6IiJ9LHsiRmllbGQiOiJEZXNjcmlwdGlvbiIsIlR5cGUiOiJ0ZXh0IiwiTnVsbCI6IllFUyIsIktleSI6IiIsIkRlZmF1bHQiOm51bGwsIkV4dHJhIjoiIn0seyJGaWVsZCI6IkFjY2VzcyIsIlR5cGUiOiJlbnVtKCdBbGwnLCdFeGNsdXNpdmUnKSIsIk51bGwiOiJOTyIsIktleSI6IiIsIkRlZmF1bHQiOiJFeGNsdXNpdmUiLCJFeHRyYSI6IiJ9LHsiRmllbGQiOiJTaG93IiwiVHlwZSI6ImVudW0oJ1llcycsJ05vJykiLCJOdWxsIjoiWUVTIiwiS2V5IjoiIiwiRGVmYXVsdCI6Ik5vIiwiRXh0cmEiOiIifSx7IkZpZWxkIjoiSWNvblBhdGgiLCJUeXBlIjoidmFyY2hhcigyNTUpIiwiTnVsbCI6IllFUyIsIktleSI6IiIsIkRlZmF1bHQiOm51bGwsIkV4dHJhIjoiIn0seyJGaWVsZCI6Ik1lbnVJZCIsIlR5cGUiOiJpbnQoNikiLCJOdWxsIjoiWUVTIiwiS2V5IjoiTVVMIiwiRGVmYXVsdCI6bnVsbCwiRXh0cmEiOiIifSx7IkZpZWxkIjoiQXBwbGljYXRpb25JZCIsIlR5cGUiOiJiaWdpbnQoMjApIiwiTnVsbCI6IllFUyIsIktleSI6Ik1VTCIsIkRlZmF1bHQiOm51bGwsIkV4dHJhIjoiIn0seyJGaWVsZCI6Ik1vZHVsZVBhdGgiLCJUeXBlIjoidmFyY2hhcigyNTUpIiwiTnVsbCI6IllFUyIsIktleSI6IiIsIkRlZmF1bHQiOm51bGwsIkV4dHJhIjoiIn0seyJGaWVsZCI6IkFrc2lJZCIsIlR5cGUiOiJzbWFsbGludCg2KSIsIk51bGwiOiJZRVMiLCJLZXkiOiJNVUwiLCJEZWZhdWx0IjpudWxsLCJFeHRyYSI6IiJ9LHsiRmllbGQiOiJMYWJlbEFrc2kiLCJUeXBlIjoidmFyY2hhcig1MCkiLCJOdWxsIjoiWUVTIiwiS2V5IjoiIiwiRGVmYXVsdCI6bnVsbCwiRXh0cmEiOiIifSx7IkZpZWxkIjoiSGludCIsIlR5cGUiOiJ2YXJjaGFyKDEwMCkiLCJOdWxsIjoiWUVTIiwiS2V5IjoiIiwiRGVmYXVsdCI6bnVsbCwiRXh0cmEiOiIifSx7IkZpZWxkIjoiTmVlZFNzbCIsIlR5cGUiOiJlbnVtKCdZZXMnLCdObycpIiwiTnVsbCI6IllFUyIsIktleSI6IiIsIkRlZmF1bHQiOm51bGwsIkV4dHJhIjoiIn1dIjtha3RpdmVfdXNlcl9ncm91cF9pZHxzOjI6IjYzIjthY2Nlc3NfbW9kdWxlfGE6Mzp7czoxMToibW9kdWxlQ291bnQiO3M6NDoiIjM1IiI7czo2OiJtb2R1bGUiO3M6MTczOiJ7ImxvZ2luX2RlZmF1bHRsb2dpbnZpZXdodG1sMjAwIjoiNzYyIiwibG9naW5fZGVmYXVsdGxvZ2luZG9odG1sMjAwIjoiNzU5IiwiaG9tZWhvbWV2aWV3aHRtbDIwMCI6Ijc1NyIsIm1lbnVtZW51dmlld2h0bWwyMDAiOiI3NjMiLCJndGZ3X21vZHVsZWd0ZndNb2R1bGV2aWV3aHRtbDIwMCI6IjExMzIifSI7czo0OiJ1c2VyIjtzOjc6IiJhZG1pbiIiO30=','2014-06-20 09:18:59'),('2248cb3vmksisprqgou5ck48u0','dGFibGVfZ3Rmd19jb25maWdfYXZhaWxhYmxlfGE6MTp7aTowO2E6MTp7czozNToiVGFibGVzX2luX2d0ZndfcHVibGljIChndGZ3X2NvbmZpZykiO3M6MTE6Imd0ZndfY29uZmlnIjt9fWNoZWNrX2d0ZndfbWVudV90YWJsZXxhOjE6e2k6MDthOjE6e3M6MzM6IlRhYmxlc19pbl9ndGZ3X3B1YmxpYyAoZ3Rmd19tZW51KSI7czo5OiJndGZ3X21lbnUiO319bWVzc2VuZ2VyX3F1ZXVlfHM6MTQ4OiJPOjEyOiJNZXNzYWdlUXVldWUiOjM6e3M6MzE6IgBNZXNzYWdlUXVldWUAbUN1cnJlbnRSZXF1ZXN0SWQiO2k6MTI3O3M6Mjg6IgBNZXNzYWdlUXVldWUAbU5leHRSZXF1ZXN0SWQiO2k6MTI4O3M6MjM6IgBNZXNzYWdlUXVldWUAbU1lc3NhZ2VzIjthOjA6e319IjtzdGFydF9rZXl8aToxMjM1NDY4NjkxO211bHRfa2V5fGk6NDg4OTc0OTQ4O2FkZF9rZXl8aToxOTIyNjk0NDI5O2lzX2xvZ2dlZF9pbnxiOjE7dXNlcm5hbWV8czo1OiJhZG1pbiI7c2FsdHxpOjcwNTgzMjA0MTtsb2dpbl9zYWx0fGk6NzA1ODMyMDQxO2Rlc2NyaWJlX2d0ZndfbW9kdWxlfHM6MTU3NDoiW3siRmllbGQiOiJNb2R1bGVJZCIsIlR5cGUiOiJiaWdpbnQoMjApIHVuc2lnbmVkIiwiTnVsbCI6Ik5PIiwiS2V5IjoiUFJJIiwiRGVmYXVsdCI6bnVsbCwiRXh0cmEiOiJhdXRvX2luY3JlbWVudCJ9LHsiRmllbGQiOiJNb2R1bGUiLCJUeXBlIjoidmFyY2hhcigxMDApIiwiTnVsbCI6Ik5PIiwiS2V5IjoiIiwiRGVmYXVsdCI6IiIsIkV4dHJhIjoiIn0seyJGaWVsZCI6IkxhYmVsTW9kdWxlIiwiVHlwZSI6InZhcmNoYXIoMTAwKSIsIk51bGwiOiJOTyIsIktleSI6IiIsIkRlZmF1bHQiOiIiLCJFeHRyYSI6IiJ9LHsiRmllbGQiOiJTdWJNb2R1bGUiLCJUeXBlIjoidmFyY2hhcigxMDApIiwiTnVsbCI6Ik5PIiwiS2V5IjoiIiwiRGVmYXVsdCI6IiIsIkV4dHJhIjoiIn0seyJGaWVsZCI6IkFjdGlvbiIsIlR5cGUiOiJ2YXJjaGFyKDEwMCkiLCJOdWxsIjoiWUVTIiwiS2V5IjoiIiwiRGVmYXVsdCI6InZpZXciLCJFeHRyYSI6IiJ9LHsiRmllbGQiOiJUeXBlIiwiVHlwZSI6InZhcmNoYXIoMTAwKSIsIk51bGwiOiJZRVMiLCJLZXkiOiIiLCJEZWZhdWx0IjoiaHRtbCIsIkV4dHJhIjoiIn0seyJGaWVsZCI6IkRlc2NyaXB0aW9uIiwiVHlwZSI6InRleHQiLCJOdWxsIjoiWUVTIiwiS2V5IjoiIiwiRGVmYXVsdCI6bnVsbCwiRXh0cmEiOiIifSx7IkZpZWxkIjoiQWNjZXNzIiwiVHlwZSI6ImVudW0oJ0FsbCcsJ0V4Y2x1c2l2ZScpIiwiTnVsbCI6Ik5PIiwiS2V5IjoiIiwiRGVmYXVsdCI6IkV4Y2x1c2l2ZSIsIkV4dHJhIjoiIn0seyJGaWVsZCI6IlNob3ciLCJUeXBlIjoiZW51bSgnWWVzJywnTm8nKSIsIk51bGwiOiJZRVMiLCJLZXkiOiIiLCJEZWZhdWx0IjoiTm8iLCJFeHRyYSI6IiJ9LHsiRmllbGQiOiJJY29uUGF0aCIsIlR5cGUiOiJ2YXJjaGFyKDI1NSkiLCJOdWxsIjoiWUVTIiwiS2V5IjoiIiwiRGVmYXVsdCI6bnVsbCwiRXh0cmEiOiIifSx7IkZpZWxkIjoiTWVudUlkIiwiVHlwZSI6ImludCg2KSIsIk51bGwiOiJZRVMiLCJLZXkiOiJNVUwiLCJEZWZhdWx0IjpudWxsLCJFeHRyYSI6IiJ9LHsiRmllbGQiOiJBcHBsaWNhdGlvbklkIiwiVHlwZSI6ImJpZ2ludCgyMCkiLCJOdWxsIjoiWUVTIiwiS2V5IjoiTVVMIiwiRGVmYXVsdCI6bnVsbCwiRXh0cmEiOiIifSx7IkZpZWxkIjoiTW9kdWxlUGF0aCIsIlR5cGUiOiJ2YXJjaGFyKDI1NSkiLCJOdWxsIjoiWUVTIiwiS2V5IjoiIiwiRGVmYXVsdCI6bnVsbCwiRXh0cmEiOiIifSx7IkZpZWxkIjoiQWtzaUlkIiwiVHlwZSI6InNtYWxsaW50KDYpIiwiTnVsbCI6IllFUyIsIktleSI6Ik1VTCIsIkRlZmF1bHQiOm51bGwsIkV4dHJhIjoiIn0seyJGaWVsZCI6IkxhYmVsQWtzaSIsIlR5cGUiOiJ2YXJjaGFyKDUwKSIsIk51bGwiOiJZRVMiLCJLZXkiOiIiLCJEZWZhdWx0IjpudWxsLCJFeHRyYSI6IiJ9LHsiRmllbGQiOiJIaW50IiwiVHlwZSI6InZhcmNoYXIoMTAwKSIsIk51bGwiOiJZRVMiLCJLZXkiOiIiLCJEZWZhdWx0IjpudWxsLCJFeHRyYSI6IiJ9LHsiRmllbGQiOiJOZWVkU3NsIiwiVHlwZSI6ImVudW0oJ1llcycsJ05vJykiLCJOdWxsIjoiWUVTIiwiS2V5IjoiIiwiRGVmYXVsdCI6bnVsbCwiRXh0cmEiOiIifV0iO2FrdGl2ZV91c2VyX2dyb3VwX2lkfHM6MjoiNjMiO2FjY2Vzc19tb2R1bGV8YTozOntzOjExOiJtb2R1bGVDb3VudCI7czo0OiIiMzUiIjtzOjY6Im1vZHVsZSI7czo3NTU6InsibG9naW5fZGVmYXVsdGxvZ2ludmlld2h0bWwyMDAiOiIwIiwibG9naW5fZGVmYXVsdGxvZ2luZG9odG1sMjAwIjoiNzU5IiwiaG9tZWhvbWV2aWV3aHRtbDIwMCI6IjAiLCJtZW51bWVudXZpZXdodG1sMjAwIjoiMCIsInRlc3RUZXN0Vmlld2h0bWwyMDAiOiIwIiwiZ3Rmd19tb2R1bGVndGZ3TW9kdWxldmlld2h0bWwyMDAiOiIwIiwiZ3Rmd19tb2R1bGVndGZ3U3ViTW9kdWxldmlld2h0bWwyMDAiOiIwIiwiY29tYm9ib3hjb21ib2JveHZpZXdodG1sMjAwIjoiMCIsImd0ZndfZ3JvdXBHcm91cFZpZXdodG1sMjAwIjoiMCIsImd0ZndfZ3JvdXBpbnB1dEdyb3Vwdmlld2h0bWwyMDAiOiIwIiwiZ3Rmd19ncm91cHVwZGF0ZUdyb3VwZG9qc29uMjAwIjoiMCIsImd0ZndfZ3JvdXBncm91cHZpZXdodG1sMjAwIjoiMCIsInRlc3R0aW55bWNldmlld2h0bWwyMDAiOiIwIiwidGVzdHBkZnhUd292aWV3cGRmeDIwMCI6IjAiLCJ0ZXN0cGRmeFRocmVldmlld3BkZngyMDAiOiIwIiwidGVzdHBkZnhGb3Vydmlld3BkZngyMDAiOiIxODA2IiwidGVzdHBkZnhGaXZldmlld3BkZngyMDAiOiIwIiwidGVzdHBkZng2NXZpZXdwZGZ4MjAwIjoiMCIsInRlc3RwZGZ4MzN2aWV3cGRmeDIwMCI6IjAiLCJ0ZXN0cGRmeHZpZXdwZGZ4MjAwIjoiMTgwMSIsInRlc3RwZGZ4MnZpZXdwZGZ4MjAwIjoiMCIsInRlc3RwZGZ4M3ZpZXdwZGZ4MjAwIjoiMCIsInRlc3RwZGZ4NHZpZXdwZGZ4MjAwIjoiMCIsInRlc3RwZGZ4NXZpZXdwZGZ4MjAwIjoiMTgwNyJ9IjtzOjQ6InVzZXIiO3M6NzoiImFkbWluIiI7fQ==','2014-06-23 15:06:52'),('g0hh93e505327gd9sdj42ios14','dGFibGVfZ3Rmd19jb25maWdfYXZhaWxhYmxlfGE6MTp7aTowO2E6MTp7czozNToiVGFibGVzX2luX2d0ZndfcHVibGljIChndGZ3X2NvbmZpZykiO3M6MTE6Imd0ZndfY29uZmlnIjt9fWNoZWNrX2d0ZndfbWVudV90YWJsZXxhOjE6e2k6MDthOjE6e3M6MzM6IlRhYmxlc19pbl9ndGZ3X3B1YmxpYyAoZ3Rmd19tZW51KSI7czo5OiJndGZ3X21lbnUiO319bWVzc2VuZ2VyX3F1ZXVlfHM6MTQ0OiJPOjEyOiJNZXNzYWdlUXVldWUiOjM6e3M6MzE6IgBNZXNzYWdlUXVldWUAbUN1cnJlbnRSZXF1ZXN0SWQiO2k6ODtzOjI4OiIATWVzc2FnZVF1ZXVlAG1OZXh0UmVxdWVzdElkIjtpOjk7czoyMzoiAE1lc3NhZ2VRdWV1ZQBtTWVzc2FnZXMiO2E6MDp7fX0iO3N0YXJ0X2tleXxpOjIwNzc1NzI3MTU7bXVsdF9rZXl8aToxNzkwOTEyMzE3O2FkZF9rZXl8aTo2MDAxMzIxODQ7aXNfbG9nZ2VkX2lufGI6MTt1c2VybmFtZXxzOjU6ImFkbWluIjtzYWx0fGk6MzgxNTA1NjQ7bG9naW5fc2FsdHxpOjM4MTUwNTY0O2Rlc2NyaWJlX2d0ZndfbW9kdWxlfHM6MTU3NDoiW3siRmllbGQiOiJNb2R1bGVJZCIsIlR5cGUiOiJiaWdpbnQoMjApIHVuc2lnbmVkIiwiTnVsbCI6Ik5PIiwiS2V5IjoiUFJJIiwiRGVmYXVsdCI6bnVsbCwiRXh0cmEiOiJhdXRvX2luY3JlbWVudCJ9LHsiRmllbGQiOiJNb2R1bGUiLCJUeXBlIjoidmFyY2hhcigxMDApIiwiTnVsbCI6Ik5PIiwiS2V5IjoiIiwiRGVmYXVsdCI6IiIsIkV4dHJhIjoiIn0seyJGaWVsZCI6IkxhYmVsTW9kdWxlIiwiVHlwZSI6InZhcmNoYXIoMTAwKSIsIk51bGwiOiJOTyIsIktleSI6IiIsIkRlZmF1bHQiOiIiLCJFeHRyYSI6IiJ9LHsiRmllbGQiOiJTdWJNb2R1bGUiLCJUeXBlIjoidmFyY2hhcigxMDApIiwiTnVsbCI6Ik5PIiwiS2V5IjoiIiwiRGVmYXVsdCI6IiIsIkV4dHJhIjoiIn0seyJGaWVsZCI6IkFjdGlvbiIsIlR5cGUiOiJ2YXJjaGFyKDEwMCkiLCJOdWxsIjoiWUVTIiwiS2V5IjoiIiwiRGVmYXVsdCI6InZpZXciLCJFeHRyYSI6IiJ9LHsiRmllbGQiOiJUeXBlIiwiVHlwZSI6InZhcmNoYXIoMTAwKSIsIk51bGwiOiJZRVMiLCJLZXkiOiIiLCJEZWZhdWx0IjoiaHRtbCIsIkV4dHJhIjoiIn0seyJGaWVsZCI6IkRlc2NyaXB0aW9uIiwiVHlwZSI6InRleHQiLCJOdWxsIjoiWUVTIiwiS2V5IjoiIiwiRGVmYXVsdCI6bnVsbCwiRXh0cmEiOiIifSx7IkZpZWxkIjoiQWNjZXNzIiwiVHlwZSI6ImVudW0oJ0FsbCcsJ0V4Y2x1c2l2ZScpIiwiTnVsbCI6Ik5PIiwiS2V5IjoiIiwiRGVmYXVsdCI6IkV4Y2x1c2l2ZSIsIkV4dHJhIjoiIn0seyJGaWVsZCI6IlNob3ciLCJUeXBlIjoiZW51bSgnWWVzJywnTm8nKSIsIk51bGwiOiJZRVMiLCJLZXkiOiIiLCJEZWZhdWx0IjoiTm8iLCJFeHRyYSI6IiJ9LHsiRmllbGQiOiJJY29uUGF0aCIsIlR5cGUiOiJ2YXJjaGFyKDI1NSkiLCJOdWxsIjoiWUVTIiwiS2V5IjoiIiwiRGVmYXVsdCI6bnVsbCwiRXh0cmEiOiIifSx7IkZpZWxkIjoiTWVudUlkIiwiVHlwZSI6ImludCg2KSIsIk51bGwiOiJZRVMiLCJLZXkiOiJNVUwiLCJEZWZhdWx0IjpudWxsLCJFeHRyYSI6IiJ9LHsiRmllbGQiOiJBcHBsaWNhdGlvbklkIiwiVHlwZSI6ImJpZ2ludCgyMCkiLCJOdWxsIjoiWUVTIiwiS2V5IjoiTVVMIiwiRGVmYXVsdCI6bnVsbCwiRXh0cmEiOiIifSx7IkZpZWxkIjoiTW9kdWxlUGF0aCIsIlR5cGUiOiJ2YXJjaGFyKDI1NSkiLCJOdWxsIjoiWUVTIiwiS2V5IjoiIiwiRGVmYXVsdCI6bnVsbCwiRXh0cmEiOiIifSx7IkZpZWxkIjoiQWtzaUlkIiwiVHlwZSI6InNtYWxsaW50KDYpIiwiTnVsbCI6IllFUyIsIktleSI6Ik1VTCIsIkRlZmF1bHQiOm51bGwsIkV4dHJhIjoiIn0seyJGaWVsZCI6IkxhYmVsQWtzaSIsIlR5cGUiOiJ2YXJjaGFyKDUwKSIsIk51bGwiOiJZRVMiLCJLZXkiOiIiLCJEZWZhdWx0IjpudWxsLCJFeHRyYSI6IiJ9LHsiRmllbGQiOiJIaW50IiwiVHlwZSI6InZhcmNoYXIoMTAwKSIsIk51bGwiOiJZRVMiLCJLZXkiOiIiLCJEZWZhdWx0IjpudWxsLCJFeHRyYSI6IiJ9LHsiRmllbGQiOiJOZWVkU3NsIiwiVHlwZSI6ImVudW0oJ1llcycsJ05vJykiLCJOdWxsIjoiWUVTIiwiS2V5IjoiIiwiRGVmYXVsdCI6bnVsbCwiRXh0cmEiOiIifV0iO2FrdGl2ZV91c2VyX2dyb3VwX2lkfHM6MjoiNjMiO2FjY2Vzc19tb2R1bGV8YTozOntzOjExOiJtb2R1bGVDb3VudCI7czo0OiIiMzUiIjtzOjY6Im1vZHVsZSI7czoxODc6InsibG9naW5fZGVmYXVsdGxvZ2ludmlld2h0bWwyMDAiOiI3NjIiLCJsb2dpbl9kZWZhdWx0bG9naW5kb2h0bWwyMDAiOiI3NTkiLCJob21laG9tZXZpZXdodG1sMjAwIjoiNzU3IiwibWVudW1lbnV2aWV3aHRtbDIwMCI6Ijc2MyIsInRlc3RUZXN0Vmlld2h0bWwyMDAiOiIxNzkyIiwidGVzdHBkZng0dmlld3BkZngyMDAiOiIwIn0iO3M6NDoidXNlciI7czo3OiIiYWRtaW4iIjt9','2014-06-24 09:11:45'),('gj3vat2tmo1v7uqged3gfrl6k7','dGFibGVfZ3Rmd19jb25maWdfYXZhaWxhYmxlfGE6MTp7aTowO2E6MTp7czozNToiVGFibGVzX2luX2d0ZndfcHVibGljIChndGZ3X2NvbmZpZykiO3M6MTE6Imd0ZndfY29uZmlnIjt9fWNoZWNrX2d0ZndfbWVudV90YWJsZXxhOjE6e2k6MDthOjE6e3M6MzM6IlRhYmxlc19pbl9ndGZ3X3B1YmxpYyAoZ3Rmd19tZW51KSI7czo5OiJndGZ3X21lbnUiO319bWVzc2VuZ2VyX3F1ZXVlfHM6MTQ0OiJPOjEyOiJNZXNzYWdlUXVldWUiOjM6e3M6MzE6IgBNZXNzYWdlUXVldWUAbUN1cnJlbnRSZXF1ZXN0SWQiO2k6MTtzOjI4OiIATWVzc2FnZVF1ZXVlAG1OZXh0UmVxdWVzdElkIjtpOjI7czoyMzoiAE1lc3NhZ2VRdWV1ZQBtTWVzc2FnZXMiO2E6MDp7fX0iO3N0YXJ0X2tleXxpOjI1NTA3MzI5MjttdWx0X2tleXxpOjEyNDYxNTE2ODk7YWRkX2tleXxpOjE3MTI1MjA1NDE7aXNfbG9nZ2VkX2lufGI6MDt1c2VybmFtZXxzOjY6Im5vYm9keSI7YWNjZXNzX21vZHVsZXxhOjI6e3M6NjoibW9kdWxlIjtzOjMxOiJ7InRlc3RwZGZ4NXZpZXdwZGZ4MjAwIjoiMTgwNyJ9IjtzOjQ6InVzZXIiO3M6ODoiIm5vYm9keSIiO30=','2014-06-24 13:13:48');

/*Table structure for table `gtfw_unit` */

DROP TABLE IF EXISTS `gtfw_unit`;

CREATE TABLE `gtfw_unit` (
  `UnitId` bigint(20) NOT NULL AUTO_INCREMENT,
  `UnitName` varchar(255) DEFAULT NULL,
  `Description` text,
  PRIMARY KEY (`UnitId`),
  UNIQUE KEY `uk_UnitName` (`UnitName`)
) ENGINE=InnoDB AUTO_INCREMENT=3 DEFAULT CHARSET=latin1;

/*Data for the table `gtfw_unit` */

insert  into `gtfw_unit`(`UnitId`,`UnitName`,`Description`) values (1,'Pusat',''),(2,'Administrasi Aplikasi',NULL);

/*Table structure for table `gtfw_unit_app_satuan_kerja` */

DROP TABLE IF EXISTS `gtfw_unit_app_satuan_kerja`;

CREATE TABLE `gtfw_unit_app_satuan_kerja` (
  `uasUnitappId` bigint(20) DEFAULT NULL,
  `uasSatkerId` bigint(20) DEFAULT NULL,
  KEY `FK_gtfw_unit_app_satuan_kerja1` (`uasUnitappId`),
  KEY `FK_gtfw_unit_app_satuan_kerja2` (`uasSatkerId`),
  CONSTRAINT `gtfw_unit_app_satuan_kerja_ibfk_1` FOREIGN KEY (`uasUnitappId`) REFERENCES `gtfw_unit_application` (`unitappId`) ON DELETE CASCADE ON UPDATE CASCADE,
  CONSTRAINT `gtfw_unit_app_satuan_kerja_ibfk_2` FOREIGN KEY (`uasSatkerId`) REFERENCES `pub_satuan_kerja` (`satkerId`) ON DELETE CASCADE ON UPDATE CASCADE
) ENGINE=InnoDB DEFAULT CHARSET=latin1;

/*Data for the table `gtfw_unit_app_satuan_kerja` */

/*Table structure for table `gtfw_unit_application` */

DROP TABLE IF EXISTS `gtfw_unit_application`;

CREATE TABLE `gtfw_unit_application` (
  `unitappId` bigint(20) NOT NULL AUTO_INCREMENT,
  `unitappUnitId` bigint(20) DEFAULT NULL,
  `unitappApplicationId` bigint(20) DEFAULT NULL,
  PRIMARY KEY (`unitappId`),
  KEY `FK_gtfw_unit_application_unit` (`unitappUnitId`),
  KEY `FK_gtfw_unit_application_app` (`unitappApplicationId`),
  CONSTRAINT `gtfw_unit_application_ibfk_1` FOREIGN KEY (`unitappUnitId`) REFERENCES `gtfw_unit` (`UnitId`) ON DELETE CASCADE ON UPDATE CASCADE,
  CONSTRAINT `gtfw_unit_application_ibfk_2` FOREIGN KEY (`unitappApplicationId`) REFERENCES `gtfw_application` (`ApplicationId`) ON DELETE CASCADE ON UPDATE CASCADE
) ENGINE=InnoDB AUTO_INCREMENT=7 DEFAULT CHARSET=latin1;

/*Data for the table `gtfw_unit_application` */

insert  into `gtfw_unit_application`(`unitappId`,`unitappUnitId`,`unitappApplicationId`) values (1,1,500),(2,2,401),(3,1,100),(4,1,300),(5,1,200),(6,2,300);

/*Table structure for table `gtfw_user` */

DROP TABLE IF EXISTS `gtfw_user`;

CREATE TABLE `gtfw_user` (
  `UserId` bigint(20) NOT NULL AUTO_INCREMENT,
  `RealName` varchar(100) NOT NULL DEFAULT '',
  `UserName` varchar(16) NOT NULL DEFAULT '',
  `Password` varchar(32) NOT NULL DEFAULT '',
  `Description` text,
  `NoPassword` enum('Yes','No') NOT NULL DEFAULT 'No',
  `Active` enum('Yes','No') NOT NULL DEFAULT 'No',
  `ForceLogout` enum('Yes','No') NOT NULL DEFAULT 'No',
  `ActiveUntil` date DEFAULT '9999-12-31',
  PRIMARY KEY (`UserId`),
  UNIQUE KEY `uk_UserName` (`UserName`)
) ENGINE=InnoDB AUTO_INCREMENT=43 DEFAULT CHARSET=latin1;

/*Data for the table `gtfw_user` */

insert  into `gtfw_user`(`UserId`,`RealName`,`UserName`,`Password`,`Description`,`NoPassword`,`Active`,`ForceLogout`,`ActiveUntil`) values (1,'nobody','nobody','','nobody','Yes','No','No','9999-12-31'),(42,'Admin aplikasi','admin','21232f297a57a5a743894a0e4a801fc3','User admin aplikasi','No','Yes','No','2015-12-01');

/*Table structure for table `gtfw_user_def_group` */

DROP TABLE IF EXISTS `gtfw_user_def_group`;

CREATE TABLE `gtfw_user_def_group` (
  `UserId` bigint(20) NOT NULL DEFAULT '0',
  `GroupId` bigint(20) NOT NULL DEFAULT '0',
  `ApplicationId` bigint(20) NOT NULL DEFAULT '0',
  PRIMARY KEY (`UserId`,`GroupId`,`ApplicationId`),
  KEY `fk_gtfw_user_def_group_GroupId` (`GroupId`),
  KEY `fk_gtfw_user_def_group_ApplicationId` (`ApplicationId`),
  CONSTRAINT `fk_gtfw_user_def_group_ApplicationId` FOREIGN KEY (`ApplicationId`) REFERENCES `gtfw_application` (`ApplicationId`) ON DELETE CASCADE ON UPDATE CASCADE,
  CONSTRAINT `fk_gtfw_user_def_group_GroupId` FOREIGN KEY (`GroupId`) REFERENCES `gtfw_group` (`GroupId`) ON DELETE CASCADE ON UPDATE CASCADE,
  CONSTRAINT `fk_gtfw_user_def_group_UserId` FOREIGN KEY (`UserId`) REFERENCES `gtfw_user` (`UserId`) ON DELETE CASCADE ON UPDATE CASCADE
) ENGINE=InnoDB DEFAULT CHARSET=latin1;

/*Data for the table `gtfw_user_def_group` */

insert  into `gtfw_user_def_group`(`UserId`,`GroupId`,`ApplicationId`) values (1,1,100),(42,63,200);

/*Table structure for table `gtfw_user_fav_menu` */

DROP TABLE IF EXISTS `gtfw_user_fav_menu`;

CREATE TABLE `gtfw_user_fav_menu` (
  `UserId` bigint(20) NOT NULL DEFAULT '0',
  `GroupId` bigint(20) NOT NULL DEFAULT '0',
  `MenuId` bigint(20) unsigned NOT NULL DEFAULT '0',
  PRIMARY KEY (`UserId`,`GroupId`,`MenuId`),
  KEY `fk_gtfw_user_fav_menu_MenuId` (`MenuId`),
  CONSTRAINT `fk_gtfw_user_fav_menu_MenuId` FOREIGN KEY (`MenuId`) REFERENCES `gtfw_group_menu` (`MenuId`) ON DELETE CASCADE ON UPDATE CASCADE,
  CONSTRAINT `fk_gtfw_user_fav_menu_UserId_GroupId` FOREIGN KEY (`UserId`, `GroupId`) REFERENCES `gtfw_user_group` (`UserId`, `GroupId`) ON DELETE CASCADE ON UPDATE CASCADE
) ENGINE=InnoDB DEFAULT CHARSET=latin1;

/*Data for the table `gtfw_user_fav_menu` */

/*Table structure for table `gtfw_user_group` */

DROP TABLE IF EXISTS `gtfw_user_group`;

CREATE TABLE `gtfw_user_group` (
  `UserId` bigint(20) NOT NULL DEFAULT '0',
  `GroupId` bigint(20) NOT NULL DEFAULT '0',
  PRIMARY KEY (`UserId`,`GroupId`),
  KEY `fk_gtfw_user_group_app_GroupId` (`GroupId`),
  CONSTRAINT `fk_gtfw_user_group_app_GroupId` FOREIGN KEY (`GroupId`) REFERENCES `gtfw_group` (`GroupId`) ON DELETE CASCADE ON UPDATE CASCADE,
  CONSTRAINT `fk_gtfw_user_group_app_UserId` FOREIGN KEY (`UserId`) REFERENCES `gtfw_user` (`UserId`) ON DELETE CASCADE ON UPDATE CASCADE
) ENGINE=InnoDB DEFAULT CHARSET=latin1;

/*Data for the table `gtfw_user_group` */

insert  into `gtfw_user_group`(`UserId`,`GroupId`) values (1,1),(42,63);

/*Table structure for table `pub_ref_mhs` */

DROP TABLE IF EXISTS `pub_ref_mhs`;

CREATE TABLE `pub_ref_mhs` (
  `mhsId` int(3) NOT NULL AUTO_INCREMENT,
  `mhsNama` varchar(200) DEFAULT NULL,
  `mhsAlamat` varchar(255) DEFAULT NULL,
  PRIMARY KEY (`mhsId`)
) ENGINE=InnoDB AUTO_INCREMENT=24 DEFAULT CHARSET=latin1;

/*Data for the table `pub_ref_mhs` */

insert  into `pub_ref_mhs`(`mhsId`,`mhsNama`,`mhsAlamat`) values (2,'Deto Dewa Setiawan','Majenang'),(3,'Bachir Rusito','Cicalengka'),(13,'Bambang Kurniawan','Tegal'),(14,'Gunawan Guntur','Mojokerto'),(15,'Dessy Kurinia','Jambi'),(17,'Aji Barang','Semarang'),(18,'Salsabila Adi','Tegal'),(19,'',''),(22,'',''),(23,'','');

/*Table structure for table `session_table` */

DROP TABLE IF EXISTS `session_table`;

CREATE TABLE `session_table` (
  `sess_id` varchar(64) NOT NULL,
  `sess_data` longtext NOT NULL,
  `sess_ctime` timestamp NULL DEFAULT CURRENT_TIMESTAMP,
  PRIMARY KEY (`sess_id`)
) ENGINE=MyISAM DEFAULT CHARSET=latin1;

/*Data for the table `session_table` */

/*!40101 SET SQL_MODE=@OLD_SQL_MODE */;
/*!40014 SET FOREIGN_KEY_CHECKS=@OLD_FOREIGN_KEY_CHECKS */;
/*!40014 SET UNIQUE_CHECKS=@OLD_UNIQUE_CHECKS */;
/*!40111 SET SQL_NOTES=@OLD_SQL_NOTES */;
